ppid,trial_num_in_block,order,time,vel_m_filt,vel_lat_filt,acc_m_filtfilt,dec_m_filtfilt,acc_lat_filtfilt,dec_lat_filtfilt
d3-001,1,first,post,927.552509019773,295,6024.7791306677,-3302.19438603312,150,480
d3-001,2,first,post,1160.15003874568,325,7003.21613664701,-4720.46422463306,155,460
d3-001,3,first,post,1227.40717325782,295,7681.39920440107,-5062.9040379387,210,430
d3-001,4,first,post,1237.22137984752,305,7432.79697789575,-5536.40199370995,140,435
d3-001,5,first,post,1079.35316874134,290,7844.02612830498,-3976.67496323644,135,445
d3-001,6,first,post,1321.65091835751,300,7888.08792843423,-5846.52162094032,160,445
d3-001,7,first,post,1151.36094275773,300,7081.27155898609,-5199.07675849826,160,450
d3-001,8,first,post,1204.6900529617,280,7969.77877356666,-4622.16953629938,165,490
d3-001,9,first,post,1189.54988703809,320,8266.30525832905,-6418.62688249223,180,485
d3-001,10,first,post,1189.63361344124,280,8793.59527388937,-5783.21638426792,155,390
d3-001,11,first,post,1213.85988069075,295,7872.44687450461,-4996.20326130889,175,445
d3-001,12,first,post,1127.94266485357,345,6455.76110413165,-5028.71069058583,160,455
d3-001,13,first,post,1248.52566638089,345,9038.37286128301,-6263.95662239025,180,435
d3-001,14,first,post,1210.0473107741,285,9331.93600689934,-6174.5147241387,145,420
d3-001,15,first,post,1193.13396723963,255,8963.24739662076,-5736.5340162429,170,470
d3-001,16,first,post,1095.80007172628,295,7100.55424523786,-5066.20196963346,145,435
d3-001,17,first,post,1176.68372720037,295,8138.54102420449,-5963.4868877414,150,450
d3-001,18,first,post,1130.6745074717,230,8750.86259828593,-4979.77738120367,120,450
d3-001,1,pre,pre,1277.12838527675,375,4944.47738250188,-6429.63917788147,140,575
d3-001,2,pre,pre,1019.3081479113,445,4132.13094509543,-3995.41361811701,335,770
d3-001,3,pre,pre,1182.67414270645,340,8168.5353759307,-4620.34486837768,125,410
d3-001,4,pre,pre,1208.58241299984,290,7874.44514859636,-4702.29716842705,125,380
d3-001,5,pre,pre,1289.53170373529,280,8071.81860409802,-4220.11443424312,130,425
d3-001,6,pre,pre,1220.25783894685,305,8108.72198094054,-5834.27469831777,130,445
d3-001,7,pre,pre,1284.2266128248,305,7078.5683805624,-5405.26691551577,175,445
d3-001,8,pre,pre,1312.42691618303,310,6691.10680338995,-6082.25911545267,215,475
d3-001,9,pre,pre,1249.82618262321,305,7514.18614056663,-5254.45369202933,140,415
d3-001,10,pre,pre,1255.42191528338,265,8821.94521941783,-5823.8944021576,155,480
d3-001,11,pre,pre,1273.43831933011,320,8487.35807522728,-6369.64408951467,175,445
d3-001,12,pre,pre,1194.29657812815,275,8450.44981349756,-5273.03787519956,165,455
d3-001,13,pre,pre,1310.16160450116,285,9189.75843840052,-5462.21505854291,155,385
d3-001,14,pre,pre,1258.23699825846,320,7816.45297795816,-4643.23783113403,195,360
d3-001,15,pre,pre,1254.91331961084,310,7908.80538683388,-5364.48220260995,170,410
d3-001,16,pre,pre,1241.83108665659,265,10401.199382532,-4822.77130180852,145,420
d3-001,17,pre,pre,1222.67570128854,280,8264.15344721629,-5088.47596319196,130,490
d3-001,18,pre,pre,1158.75827711009,320,8189.61004432135,-5780.59809946541,150,445
d3-002,1,second,post,1122.81431831167,315,7683.25479371314,-4920.9543739717,190,500
d3-002,2,second,post,1385.71047413885,310,8255.98783132034,-5956.37800194612,200,465
d3-002,3,second,post,1530.12766204843,240,11579.5017261706,-6603.24441813897,140,310
d3-002,4,second,post,1324.88527921868,280,8481.55469599794,-5701.44471779002,115,385
d3-002,5,second,post,1323.263098516,285,7580.97447984411,-6772.053977492,180,440
d3-002,6,second,post,1599.72598456536,345,9284.43140771147,-9558.8987569258,205,455
d3-002,7,second,post,1370.69733261598,345,7371.85563507643,-8493.34319233264,210,460
d3-002,8,second,post,1167.28641809112,340,7484.91723703205,-5166.45988420099,155,475
d3-002,9,second,post,1669.82382510971,275,12669.4201645854,-8872.62015314638,165,390
d3-002,10,second,post,1154.69324836839,300,7403.74926314304,-4418.62774173341,170,620
d3-002,11,second,post,1344.64715499429,300,7397.70871430375,-5538.60495662095,165,405
d3-002,12,second,post,1266.26702125134,310,7728.53143392289,-6647.32557236282,170,455
d3-002,13,second,post,1160.05136106361,340,8777.02838535204,-4714.25836579937,145,425
d3-002,14,second,post,1206.44734153246,355,6241.18994793159,-5912.44811386107,145,465
d3-002,15,second,post,1303.29651374158,325,7321.80265209855,-7459.5919922324,150,495
d3-002,16,second,post,1559.71064760842,300,8718.4528008204,-8086.66734466879,190,385
d3-002,17,second,post,1522.69592594242,355,9077.41701735001,-8333.36715050833,240,475
d3-002,18,second,post,1428.05634208893,400,8338.34389198873,-6090.15942860402,275,515
d3-002,1,pre,pre,2138.55826490201,245,17469.3270206284,-10337.9069829827,195,335
d3-002,2,pre,pre,1112.99997892334,365,5621.04432182786,-3996.91602671446,175,630
d3-002,3,pre,pre,1164.73968949952,285,7610.95169860829,-4112.89922581769,190,400
d3-002,4,pre,pre,1063.66799379224,375,6588.7494041588,-3751.38269471241,210,565
d3-002,5,pre,pre,1457.77200461084,320,10307.3815376936,-5792.23633132638,265,495
d3-002,6,pre,pre,1360.11450474138,290,8738.26619451234,-5050.58112301743,115,515
d3-002,7,pre,pre,1336.66158508013,335,8074.59587448597,-5821.11854954954,205,485
d3-002,8,pre,pre,1350.0115788523,440,10661.4513884005,-5842.13778546125,360,600
d3-002,9,pre,pre,1150.78371472843,315,8791.05418889673,-5130.96758903664,215,570
d3-002,10,pre,pre,1553.61881361332,290,11588.2043577409,-6298.3506539478,205,400
d3-002,11,pre,pre,1451.09947861034,315,11029.8913184671,-6442.54594520594,215,410
d3-002,12,pre,pre,1336.02142568918,465,8124.56308076558,-6254.64468995213,355,620
d3-002,13,pre,pre,1245.85573693029,265,9662.95207248994,-5058.1173681436,130,400
d3-002,14,pre,pre,1243.73843147262,265,9529.45968761854,-4682.30289186832,195,470
d3-002,15,pre,pre,1298.73648219947,310,8007.65909436604,-6008.33810544986,205,485
d3-002,16,pre,pre,1467.32567153625,305,9714.00947031621,-6518.83840730695,215,445
d3-002,17,pre,pre,1439.53915722354,400,12076.7703500987,-6864.23410227079,320,530
d3-002,18,pre,pre,1274.1616858506,310,8409.05693713936,-4356.65249711133,185,420
d3-003,1,first,post,723.466963750185,350,5132.93405144899,-1706.48287513001,255,550
d3-003,2,first,post,857.72826429922,365,5203.20534279171,-2916.73452874967,210,615
d3-003,3,first,post,900.360967142204,425,6101.37161531927,-3315.6273861574,270,545
d3-003,4,first,post,917.7878557555,330,6642.87694196395,-3977.97122295182,235,570
d3-003,5,first,post,989.667969345683,420,6098.75144455808,-5250.9115395152,280,615
d3-003,6,first,post,935.658570115621,400,5084.40622343238,-4374.1788480043,225,565
d3-003,7,first,post,1030.26541334291,365,7912.72434732381,-4115.92024958274,215,490
d3-003,8,first,post,1063.3362407125,395,5531.25816362982,-4752.93246745165,205,530
d3-003,9,first,post,1008.14681813487,360,6471.62845584046,-3634.12425192859,230,550
d3-003,10,first,post,943.445738920755,395,6741.80668681854,-3613.84164238805,230,540
d3-003,11,first,post,1008.1518705557,340,7573.11698431068,-4127.49876727935,200,470
d3-003,12,first,post,1113.31903926916,375,7999.87987958482,-5138.91008402727,225,525
d3-003,13,first,post,1106.51541559931,405,5273.11463946319,-5464.68056396036,225,550
d3-003,14,first,post,993.620861381158,390,5408.72428110994,-4241.36063816765,225,515
d3-003,15,first,post,1017.24905614153,405,4823.96774071504,-4454.20181921085,245,535
d3-003,16,first,post,1067.16351875378,380,6267.15587901,-4413.81482236876,205,525
d3-003,17,first,post,963.553025052587,310,7162.98426784268,-4106.20228482273,220,535
d3-003,18,first,post,1007.66929894733,410,6057.22760457129,-4325.11561489322,225,515
d3-003,1,pre,pre,1007.46165823477,365,5459.57280209082,-3623.82578335667,210,515
d3-003,2,pre,pre,906.572112502394,450,5279.64083215623,-3165.86294752015,295,695
d3-003,3,pre,pre,858.908035594233,390,4836.20664763477,-2229.7348711227,260,555
d3-003,4,pre,pre,883.090607957937,395,5458.57848443834,-3265.09327211196,235,600
d3-003,5,pre,pre,801.138166780732,450,4676.39349845488,-2610.31295196854,265,585
d3-003,6,pre,pre,736.211743533845,425,3912.62511917361,-2766.05593585856,310,700
d3-003,7,pre,pre,787.214822119487,430,4659.43536530922,-2100.10067800299,255,605
d3-003,8,pre,pre,907.267437399062,405,5374.31033026609,-3246.61176796078,230,510
d3-003,9,pre,pre,945.014667855089,435,5926.22495420092,-3765.1765413782,180,600
d3-003,10,pre,pre,1056.73177009501,390,6098.06984783111,-3849.29518353035,200,615
d3-003,11,pre,pre,978.371784290582,395,5092.53380971419,-3129.62982695704,210,595
d3-003,12,pre,pre,834.546445705528,420,5113.66608558524,-2462.34534641907,270,575
d3-003,13,pre,pre,951.52769370481,390,5210.31211203446,-3134.86008629245,215,480
d3-003,14,pre,pre,896.327773756166,395,6053.08019162052,-3597.43576258188,255,560
d3-003,15,pre,pre,900.988689555943,430,4240.15634396804,-3527.6618653501,260,520
d3-003,16,pre,pre,922.473517207503,400,5482.52322001905,-4018.15579960157,240,510
d3-003,17,pre,pre,1067.670969032,385,7097.50623531376,-4672.89245970422,225,500
d3-003,18,pre,pre,1109.51408666139,380,6494.64487760232,-5412.2318234487,195,500
d3-004,1,first,post,717.823344614899,445,3082.46961251644,-4455.58366486634,320,490
d3-004,2,first,post,1217.39912725962,375,4406.11168327142,-4455.58366486634,160,490
d3-004,3,first,post,1210.89357205939,360,5601.89435459158,-4702.87002169305,275,490
d3-004,4,first,post,1126.9110467648,330,6071.35973536031,-4114.77854470994,190,685
d3-004,5,first,post,1306.78689522123,365,5537.58943416577,-5482.32058393771,145,520
d3-004,6,first,post,1385.019885439,380,5992.0225373785,-6766.37487849857,160,485
d3-004,7,first,post,1509.41934549734,315,7636.02424165027,-6712.65989384753,170,405
d3-004,8,first,post,1436.44968113289,370,5330.23192776325,-6862.80851588733,235,500
d3-004,9,first,post,1518.37127431404,360,7377.02528976256,-7723.91971833802,240,430
d3-004,10,first,post,1445.28400453573,325,6699.14045237358,-7800.17387001622,150,450
d3-004,11,first,post,1527.34023698692,320,7514.95633190099,-7109.18647701408,160,415
d3-004,12,first,post,1362.63201773825,330,7597.75709488618,-5807.15877111996,200,480
d3-004,13,first,post,1460.93956638626,320,7856.99881369241,-6502.9789268524,185,460
d3-004,14,first,post,1568.16817235019,335,7569.79458722733,-8164.91930243322,140,415
d3-004,15,first,post,1520.58163269082,330,7035.06218134844,-7525.13061361371,170,455
d3-004,16,first,post,1389.76016687162,365,7430.59582930801,-7651.17884745176,190,465
d3-004,17,first,post,1492.79602451256,350,7837.48238610272,-8067.00427735366,165,435
d3-004,18,first,post,1221.54756709845,330,7841.37770246631,-5520.58914071835,180,580
d3-004,1,pre,pre,960.23706974823,555,3905.39334899955,-2327.93237774079,430,875
d3-004,2,pre,pre,774.833134478701,635,3214.78027801332,-2658.87722460357,150,785
d3-004,3,pre,pre,1017.52426590235,400,4512.84740158789,-2921.52428921927,255,625
d3-004,4,pre,pre,1105.21476706184,355,5498.63189742432,-3473.64117555315,165,520
d3-004,5,pre,pre,1220.85135292704,400,6103.82390312865,-6423.45956474318,230,535
d3-004,6,pre,pre,1195.25929596238,380,4663.22649752943,-4541.99026984406,245,535
d3-004,7,pre,pre,1312.1227007007,340,5566.44665550713,-5971.94424534977,175,415
d3-004,8,pre,pre,1158.52047693964,390,5033.05168619512,-3849.14466336925,155,580
d3-004,9,pre,pre,1196.42249911598,390,5218.15040579117,-4832.44991343497,225,535
d3-004,10,pre,pre,1241.06455018107,430,5857.04846626864,-4808.06850506078,260,595
d3-004,11,pre,pre,1253.47027210243,400,5855.05015115705,-5956.21382258242,235,525
d3-004,12,pre,pre,1355.91646939009,380,5948.0551878684,-5950.042795256,205,525
d3-004,13,pre,pre,1271.22635831548,370,5724.23144915113,-5425.53350592824,210,485
d3-004,14,pre,pre,1425.80673432537,450,7523.83318759387,-6427.71130564341,280,545
d3-004,15,pre,pre,1262.40170942071,365,6659.74940817817,-6632.46666717102,155,510
d3-004,16,pre,pre,1343.71680843108,395,7455.78945830141,-6271.38966095899,150,540
d3-004,17,pre,pre,1306.85024996381,375,6117.67670331923,-5857.14152190266,265,535
d3-004,18,pre,pre,1198.30997147039,395,4798.48116572921,-4865.51511461423,275,490
d3-005,1,first,post,1054.40469917229,245,8215.04595527573,-3877.07691572328,125,470
d3-005,2,first,post,1023.01786658625,365,5587.64285134561,-4885.65229742412,195,580
d3-005,3,first,post,1077.1794073312,325,5809.81278460006,-3721.53096379789,195,500
d3-005,4,first,post,993.782834621879,480,4989.24627718299,-3893.78785398038,200,650
d3-005,5,first,post,984.804397449092,345,6123.29644744608,-2876.93971062712,225,700
d3-005,6,first,post,1122.02371453477,475,6271.8276030215,-4014.19100603233,265,520
d3-005,7,first,post,1051.20181233605,410,3596.4636413849,-4795.97409011241,215,680
d3-005,8,first,post,1132.3337785653,390,6518.8839697936,-3491.29839257394,300,485
d3-005,9,first,post,1305.82699475551,535,9312.44351842548,-11265.9752030718,515,565
d3-005,10,first,post,1042.19308847358,425,5605.37340512057,-3773.86801687131,245,680
d3-005,11,first,post,1266.80055244348,485,13337.5685021728,-5626.3034513057,465,570
d3-005,12,first,post,1067.32949829575,390,4964.82808113614,-4666.92549658485,290,705
d3-005,13,first,post,1066.51360484567,475,6357.68648275655,-5022.2193167134,185,600
d3-005,14,first,post,908.525542321545,340,5958.65278307312,-3374.24654193827,240,510
d3-005,15,first,post,1081.97755382616,310,5809.86622630058,-3208.11027083696,175,635
d3-005,16,first,post,1113.24412668363,400,5361.67150776485,-4410.54788147885,280,690
d3-005,17,first,post,1143.32900996565,490,5304.89491814675,-4947.19414481593,260,625
d3-005,18,first,post,1246.35812015452,460,6436.65904654128,-7681.85777898009,310,570
d3-005,1,pre,pre,1441.35051485357,360,10446.6778753759,-7180.45243977356,110,520
d3-005,2,pre,pre,1033.13706571116,355,5139.01324972426,-3407.77482335629,130,710
d3-005,3,pre,pre,917.203250721205,340,7692.65406911592,-3248.66613105188,150,595
d3-005,4,pre,pre,1328.41004488657,340,6943.67496007086,-6988.00848299123,175,450
d3-005,5,pre,pre,1375.73218592085,420,6733.20360730805,-7643.64892114445,140,470
d3-005,6,pre,pre,1237.66563670856,345,6923.01487539479,-5263.7206143384,170,440
d3-005,7,pre,pre,952.52138399006,510,5591.14003599952,-4319.82383353751,135,615
d3-005,8,pre,pre,1060.03130752622,410,7599.65882252043,-5360.45933156452,175,485
d3-005,9,pre,pre,1314.73807989622,390,6742.53053766982,-6412.95993998748,215,485
d3-005,10,pre,pre,1158.88702444708,335,7003.75600751111,-6263.58835463066,175,465
d3-005,11,pre,pre,1099.01353681685,375,10078.1852180473,-6300.75714146577,195,530
d3-005,12,pre,pre,1233.16830659596,385,5331.62615583686,-5515.11819864448,335,490
d3-005,13,pre,pre,1281.29396331408,280,15790.0774908626,-4430.75419640266,255,675
d3-005,14,pre,pre,1202.2992018289,355,8057.35029104365,-5283.00701417619,160,470
d3-005,15,pre,pre,1296.87691010473,390,7940.53865764264,-6998.4083401905,365,520
d3-005,16,pre,pre,1162.41680420464,330,8696.23191303018,-5237.43547309697,210,525
d3-005,17,pre,pre,1521.22635635894,500,14865.8795626496,-10508.791274285,475,530
d3-005,18,pre,pre,1116.62005258642,440,6738.08919783262,-4232.6952504751,225,605
d3-006,1,second,post,1095.1263394704,535,3218.84992604272,-3622.54766745416,450,665
d3-006,2,second,post,1274.34225357252,420,6060.50170550648,-4462.71068049728,385,525
d3-006,3,second,post,1030.18514586743,525,4138.32658438502,-6476.56201402961,205,660
d3-006,4,second,post,1281.43071852604,445,7326.5282744001,-5397.55935217798,165,505
d3-006,5,second,post,1039.4410144517,465,4572.60092170546,-6012.17126494439,205,625
d3-006,6,second,post,1168.14146697256,550,8533.38985778261,-10745.7315415595,780,830
d3-006,7,second,post,1128.43163306497,520,3767.05796647257,-4387.33367212734,250,675
d3-006,8,second,post,1338.07825909325,1125,17473.2497358522,-13373.939460202,1100,1150
d3-006,9,second,post,1263.23013078028,515,8370.6916817291,-7489.60532630366,155,550
d3-006,10,second,post,1051.31805885383,455,6036.05645138176,-4445.54637451928,195,565
d3-006,11,second,post,1098.38502713368,465,5852.89228843672,-5090.02513052281,220,650
d3-006,12,second,post,951.890398928551,475,5294.41488036083,-3566.66799396196,190,640
d3-006,13,second,post,1189.85051874689,445,6197.5254595016,-5037.39951860274,170,525
d3-006,14,second,post,1062.67120032085,505,4372.37387811105,-4672.81431494869,245,655
d3-006,15,second,post,1125.81286784029,500,5437.34384761259,-5198.05922533114,245,645
d3-006,16,second,post,889.246745234755,530,4175.30894117101,-3744.71513971952,280,715
d3-006,17,second,post,914.001112615936,630,3771.23242281533,-2584.14441775223,1390,765
d3-006,18,second,post,1132.02181035622,450,8260.58465212384,-5392.27506005028,250,610
d3-007,1,first,post,1120.18442264101,315,7994.05782277121,-4173.14903640448,160,495
d3-007,2,first,post,829.994206365667,480,3531.53672273318,-3501.84926482395,150,615
d3-007,3,first,post,1273.47979380666,315,7392.26092291421,-6549.31323495596,150,430
d3-007,4,first,post,1387.53827870491,310,9339.69220042412,-5567.85645551992,190,480
d3-007,5,first,post,1191.07371195118,325,8380.5624797088,-5218.6647280368,150,460
d3-007,6,first,post,1154.13036649292,475,9027.54030794009,-4922.78607378872,320,610
d3-007,7,first,post,1099.31651736924,305,8479.9516150381,-5799.64982624297,180,410
d3-007,8,first,post,1259.90754049028,310,7751.7659574141,-6364.95922517371,150,430
d3-007,9,first,post,1055.41214373957,320,7403.61314113711,-4420.3770310387,155,450
d3-007,10,first,post,1274.2043586102,320,8098.95535119024,-6976.32134947089,150,395
d3-007,11,first,post,1070.91150642816,265,8546.24973070071,-3681.254394876,135,515
d3-007,12,first,post,1102.43804335557,310,9665.08284823348,-4876.89186778335,155,405
d3-007,13,first,post,1658.37352259101,280,19398.8288634949,-7005.33828127064,255,310
d3-007,14,first,post,1160.04803842326,335,8157.44204681228,-4525.16810690981,155,460
d3-007,15,first,post,1094.19592231536,265,9074.89998318494,-5161.64289763593,135,375
d3-007,16,first,post,1101.32099234057,330,8088.43340984702,-4520.39178092514,160,505
d3-007,17,first,post,1243.05155108786,320,7850.8354251671,-6229.66749356346,165,420
d3-007,18,first,post,1338.55269336097,305,7639.04098194068,-4793.95051996806,155,405
d3-008,1,second,post,686.832924076563,465,3289.8391269244,-1696.92571379323,215,540
d3-008,2,second,post,872.687946735549,405,3614.1992042255,-3215.60164271769,175,565
d3-008,3,second,post,927.63484572262,420,4623.15652473681,-3037.33509189443,200,480
d3-008,4,second,post,909.631606327608,425,3213.810675365,-4056.80102057666,175,520
d3-008,5,second,post,1010.97250436949,465,3565.88647162114,-4673.2473679578,280,590
d3-008,6,second,post,899.059881928539,430,4680.97019459861,-4174.79145106719,200,565
d3-008,7,second,post,898.159329382922,465,3062.78671454783,-3407.85889203528,225,745
d3-008,8,second,post,1077.46416124502,425,4036.59598491971,-3557.28009520128,295,605
d3-008,9,second,post,827.883534035636,420,3934.4340942639,-2827.69855128744,225,495
d3-008,10,second,post,893.504157754961,385,3823.84058926198,-2986.49758207863,120,590
d3-008,11,second,post,976.726299393698,475,3135.39939963539,-3678.0225772553,350,770
d3-008,12,second,post,895.033048792427,460,3551.32696746511,-3511.20102264611,160,560
d3-008,13,second,post,873.116980043206,375,4662.66822011148,-3539.73554323424,210,600
d3-008,14,second,post,925.353160749655,405,3113.44342903975,-3784.2790766476,130,515
d3-008,15,second,post,994.646592046947,400,6286.6791141191,-4533.24898994864,205,545
d3-008,16,second,post,977.597799951895,410,3796.1071687736,-4319.5029796292,120,585
d3-008,17,second,post,1001.95171854515,425,4223.27737799253,-3242.80781519148,210,525
d3-008,18,second,post,1002.02717736513,370,4795.1177362988,-3679.19836371761,140,665
d3-008,1,pre,pre,694.861508883257,400,3482.55427658397,-1789.34847531849,120,575
d3-008,2,pre,pre,621.843039310664,330,4253.42259853601,-1781.8878398641,125,595
d3-008,3,pre,pre,703.808379232625,355,3871.67505390936,-2508.47288573444,155,420
d3-008,4,pre,pre,804.172718443291,560,3433.82499909748,-2626.62625776776,470,620
d3-008,5,pre,pre,860.483869719182,455,2728.99234159885,-2688.90509171808,330,555
d3-008,6,pre,pre,957.039449988303,355,4510.84421999357,-3495.16913000945,205,455
d3-008,7,pre,pre,765.796328569491,395,2510.68583181136,-2350.61180935959,130,570
d3-008,8,pre,pre,946.506433997813,415,3890.96859674351,-3383.8980794351,280,530
d3-008,9,pre,pre,737.538564955814,475,3819.80682109332,-2568.56834493072,235,640
d3-008,10,pre,pre,919.412496185461,495,3213.00846264345,-3108.48775085408,345,630
d3-008,11,pre,pre,969.009940104095,505,4214.6403036703,-3773.32353378708,355,640
d3-008,12,pre,pre,905.646300440111,425,5245.07471875915,-2774.15624243779,255,590
d3-008,13,pre,pre,974.603000352721,570,3441.65006795903,-4915.97074160324,390,715
d3-008,14,pre,pre,782.009468157366,425,4351.52880950154,-3532.29579390075,160,595
d3-008,15,pre,pre,836.69468508926,530,3753.16987214159,-3277.72746591027,230,655
d3-008,16,pre,pre,888.794874534195,355,3634.8849300285,-3382.09482570101,225,560
d3-008,17,pre,pre,876.556094487528,500,3516.08022963629,-4477.67940649307,255,600
d3-008,18,pre,pre,934.694030670398,370,4116.92803488843,-2835.1420815535,180,475
d3-009,1,first,post,853.130587622622,305,6925.36761497625,-2613.98018198126,195,475
d3-009,2,first,post,1131.40048394596,310,6693.68488169408,-4423.97998519349,190,450
d3-009,3,first,post,890.202774203768,305,6122.28021819457,-3211.6495952949,200,530
d3-009,4,first,post,847.194245835282,350,6694.30014917021,-3407.81398877012,160,465
d3-009,5,first,post,914.481116274507,415,7080.46110279365,-3492.22550825987,260,450
d3-009,6,first,post,792.682937138667,370,4628.82162276465,-2952.08260384071,260,545
d3-009,7,first,post,904.63517134793,350,7776.85666741425,-3419.45380769461,225,555
d3-009,8,first,post,933.887249988047,320,7529.2386951219,-4065.32199136891,230,535
d3-009,9,first,post,970.568266290326,315,6599.60641398069,-3828.29694038052,210,465
d3-009,10,first,post,1103.31174851415,290,8322.40907347859,-3549.53896774471,220,480
d3-009,11,first,post,1058.20837288199,380,7169.83314320542,-5042.21949160772,235,505
d3-009,12,first,post,956.588896029903,285,5628.67982150641,-4236.79818624539,175,465
d3-009,13,first,post,943.504161477687,360,4472.7779383182,-4647.12103977937,160,505
d3-009,14,first,post,1038.51039184253,330,4822.6862384599,-5099.5108821232,250,475
d3-009,15,first,post,971.542323342168,305,6123.07731394689,-4201.16616041941,180,460
d3-009,16,first,post,1158.55807016346,285,7043.35505234828,-5100.78938085286,195,425
d3-009,17,first,post,1107.52878228496,295,6334.47482995684,-4669.64730755733,170,470
d3-009,18,first,post,1002.04945614503,295,6456.55371046455,-2981.29889434723,200,400
d3-009,1,pre,pre,950.609349824362,335,5325.1154379266,-3080.96669804173,170,535
d3-009,2,pre,pre,1222.11846746052,325,6503.84342920483,-4837.75190255874,155,450
d3-009,3,pre,pre,885.919027193435,430,7409.84365190102,-3217.85006200194,155,795
d3-009,4,pre,pre,986.752533382813,415,5326.69992807244,-3733.13522727901,180,590
d3-009,5,pre,pre,1257.289795853,385,6613.97465387435,-5991.3669569794,160,495
d3-009,6,pre,pre,1082.50023228559,420,5286.22951060269,-3942.30978487527,205,495
d3-009,7,pre,pre,1049.66844081257,360,6416.3627470691,-3118.20372492295,200,475
d3-009,8,pre,pre,1045.49560211866,370,5622.07888969784,-3111.84263462123,160,455
d3-009,9,pre,pre,966.915411299151,395,4742.07727676529,-2970.95186199795,270,550
d3-009,10,pre,pre,946.052446449193,360,4832.39617036581,-2582.88266555995,190,565
d3-009,11,pre,pre,1027.77729441937,390,5721.46471857072,-4631.30024181814,180,455
d3-009,12,pre,pre,972.178347373968,370,5736.77326092422,-3548.9948877798,195,510
d3-009,13,pre,pre,940.131876825352,340,5663.45042499724,-3319.53697558193,200,565
d3-009,14,pre,pre,959.267195844675,370,4754.23481618528,-2745.92430241453,210,520
d3-009,15,pre,pre,907.843617854329,425,5055.15902750084,-3469.53724752441,225,625
d3-009,16,pre,pre,791.498924260236,365,4626.65238662853,-1771.68914600284,195,715
d3-009,17,pre,pre,942.9007024842,310,4535.10057805363,-3310.99724900284,185,530
d3-009,18,pre,pre,1014.38227303082,330,6790.94064094127,-4058.51349406006,160,470
d3-010,1,first,post,1040.40571045477,390,5704.00591884635,-5093.72159382492,155,555
d3-010,2,first,post,939.605850927862,445,5632.27387184316,-3417.90970868897,210,565
d3-010,3,first,post,896.90044294957,410,4452.38641859688,-3235.97442428765,185,615
d3-010,4,first,post,912.11701187818,485,4918.97455314215,-3044.61420048586,210,620
d3-010,5,first,post,971.638628278775,340,5409.07935989564,-2916.6875871635,130,610
d3-010,6,first,post,1086.09085582517,305,6738.78374135788,-5291.6499313401,130,500
d3-010,7,first,post,1126.8511727262,410,7924.35874836259,-5513.8168308364,170,490
d3-010,8,first,post,925.782370804831,400,4483.5862690107,-3500.67374688752,205,560
d3-010,9,first,post,1049.98629512686,435,4091.26829257538,-6240.91627882307,175,565
d3-010,10,first,post,1029.26951809026,370,7033.57368927894,-3716.92590099232,145,500
d3-010,11,first,post,1122.80857844079,365,4670.33888241211,-4989.1190019458,245,545
d3-010,12,first,post,1127.19522845371,440,6755.43442693448,-6605.77880023502,220,515
d3-010,13,first,post,1130.1395278356,350,5721.6132936983,-5750.44569195314,165,520
d3-010,14,first,post,1176.54717422187,325,6763.02003844095,-5129.51909663353,135,485
d3-010,15,first,post,1367.03360894335,305,6358.5536204849,-5171.29584300815,260,485
d3-010,16,first,post,1167.57975939585,290,7431.32204616117,-3607.10868276878,150,445
d3-010,17,first,post,1136.62247520232,265,5827.10514906424,-6582.10421024,125,425
d3-010,18,first,post,1035.98749285335,310,4517.26413229888,-4424.37614139118,145,465
d3-010,1,pre,pre,1238.45183806845,300,9224.46388190017,-5867.10579141092,150,510
d3-010,2,pre,pre,1231.30917922287,355,7114.51965824801,-5135.37968866808,175,465
d3-010,3,pre,pre,1072.83150579339,420,4676.68997051444,-4160.01699548811,145,575
d3-010,4,pre,pre,1183.83793478606,370,5176.10664060364,-4655.33230329707,125,520
d3-010,5,pre,pre,968.414861745537,430,4476.06614058245,-4906.29797725929,150,670
d3-010,6,pre,pre,1179.46449850116,460,4679.97449934373,-5262.02701152179,270,615
d3-010,7,pre,pre,1161.01282583367,335,7362.23300109245,-3722.52820942912,160,475
d3-010,8,pre,pre,1148.37567180004,355,5616.86998743707,-4237.99682791537,145,630
d3-010,9,pre,pre,968.075619270679,375,5260.13262030441,-5245.43334809521,135,620
d3-010,10,pre,pre,1144.53295025154,270,8489.15241917823,-3926.67883163477,155,490
d3-010,11,pre,pre,1061.64041487463,395,6035.95714942909,-5097.77235947134,150,540
d3-010,12,pre,pre,1165.61669150028,390,5677.1801355115,-6261.67763163787,175,510
d3-010,13,pre,pre,1032.35916919307,460,4333.94673366496,-5013.21678951858,230,615
d3-010,14,pre,pre,1121.39190852016,340,5693.33136675606,-4688.60207002741,140,530
d3-010,15,pre,pre,947.12071279356,350,4968.24165626219,-3678.82413023436,180,570
d3-010,16,pre,pre,1074.716503075,385,5205.93007308482,-4677.57804603063,200,565
d3-010,17,pre,pre,1003.13331528717,360,4693.23782767768,-4021.45050899502,150,615
d3-010,18,pre,pre,882.183652314695,295,6014.96024118587,-3976.88263304673,145,520
d3-011,1,first,post,1046.25131638788,450,3908.37894417249,-4527.29835069878,285,645
d3-011,2,first,post,1070.84579215117,390,4924.28633261117,-4828.08748669197,235,540
d3-011,3,first,post,1182.83098893489,385,5364.72955251454,-4444.74563351919,125,530
d3-011,4,first,post,1105.70618066224,360,5186.74077634716,-4412.23096758407,145,520
d3-011,5,first,post,997.423628394204,365,4017.59915629196,-3406.63389042876,155,665
d3-011,6,first,post,1108.14433361381,430,4020.2951613939,-4147.7727766461,350,650
d3-011,7,first,post,1069.62664948402,360,4411.20565506218,-3990.70276048197,115,480
d3-011,8,first,post,1131.11120222493,375,5324.00449226913,-3795.32654598118,135,470
d3-011,9,first,post,995.568848501252,425,4094.1041388444,-3683.16414198298,205,605
d3-011,10,first,post,1038.6211886961,475,3746.12687696673,-4476.5015564952,350,550
d3-011,11,first,post,933.938323849506,400,4219.0516107865,-3118.94016010072,270,535
d3-011,12,first,post,1072.50790171231,420,3979.33153442579,-4749.38982041908,290,565
d3-011,13,first,post,1028.63723979032,415,4574.83341705658,-4224.62930127519,285,620
d3-011,14,first,post,960.319601784922,375,4407.30842275196,-2985.6049034942,170,590
d3-011,15,first,post,1070.87143871564,390,4665.88438385898,-4622.76118696061,120,575
d3-011,16,first,post,1155.89043860605,365,5173.73666019916,-3557.35970858112,285,595
d3-011,17,first,post,1120.83177824309,365,6050.92766101668,-4961.33980858173,115,520
d3-011,18,first,post,1209.24634010926,435,5085.06914232071,-4519.27562915257,255,525
d3-011,1,pre,pre,1329.47113797692,385,5926.64244132778,-6394.11163738352,195,490
d3-011,2,pre,pre,925.905084587217,545,2632.49095058293,-2811.79063176657,360,680
d3-011,3,pre,pre,1082.55051756968,375,4576.46111011388,-3668.01249793129,210,630
d3-011,4,pre,pre,850.509559892809,770,4429.25482323942,-3332.03590387449,185,955
d3-011,5,pre,pre,958.340293445718,455,3562.18593744844,-4387.81856917844,265,675
d3-011,6,pre,pre,918.759785258412,485,3944.51631140431,-2534.98352626447,340,880
d3-011,7,pre,pre,954.942586476813,420,4169.78362943333,-4728.35084812582,275,565
d3-011,8,pre,pre,933.654509766067,405,3880.39406154794,-4139.19181580473,110,595
d3-011,9,pre,pre,1148.36164428685,400,4430.37751361733,-4188.36434807964,250,600
d3-011,10,pre,pre,820.304784096212,465,3637.34482891883,-2602.202834082,110,790
d3-011,11,pre,pre,1115.95666076162,435,4129.32440767886,-4446.03070704909,300,475
d3-011,12,pre,pre,932.518625282239,365,4071.68472081847,-2965.68485828186,240,760
d3-011,13,pre,pre,986.83555594833,545,4613.78963729947,-5744.92744890562,205,585
d3-011,14,pre,pre,975.589824478131,470,3995.31930142659,-3695.78110411527,215,585
d3-011,15,pre,pre,956.270434890582,415,4791.30270613086,-3006.62195394013,235,670
d3-011,16,pre,pre,1137.89538864687,395,4681.51544539538,-4910.58333185561,220,580
d3-011,17,pre,pre,1237.07823349177,375,5070.59561461154,-4313.18147880258,310,535
d3-011,18,pre,pre,1077.35001610328,395,4629.98086351892,-3752.92631169268,320,700
d3-012,1,second,post,959.296132131401,380,4938.50649838251,-4310.11268619745,205,505
d3-012,2,second,post,1063.83494071794,415,4864.6642212987,-5926.265828784,255,555
d3-012,3,second,post,1102.97665985015,280,8514.37076631393,-5163.47865371855,155,395
d3-012,4,second,post,1139.53496197867,320,7299.93654650811,-5819.28101646772,155,440
d3-012,5,second,post,1176.07363342718,320,6705.01602671939,-6221.9625829455,155,445
d3-012,6,second,post,741.110987044856,565,2574.64341554361,-2462.19921949556,130,760
d3-012,7,second,post,1133.70903997606,500,5182.0831343182,-5012.12465464178,310,645
d3-012,8,second,post,1110.19200339556,400,4579.90922546463,-5513.98646139345,165,525
d3-012,9,second,post,1145.84412289393,405,4841.96359541175,-4135.1492311941,250,490
d3-012,10,second,post,1067.52409788356,415,5519.43786647051,-5287.51738591236,200,565
d3-012,11,second,post,1055.14448908695,375,6004.10729046779,-4505.75162730111,195,500
d3-012,12,second,post,1015.5324859544,305,6138.39456579234,-4443.21606355019,135,510
d3-012,13,second,post,1046.93001936946,385,5801.30826345265,-5200.11594442727,160,530
d3-012,14,second,post,1223.19345023167,410,6710.83197048258,-6418.040703585,255,525
d3-012,15,second,post,1057.72836014901,370,5738.65954470982,-5214.46364112578,195,525
d3-012,16,second,post,1081.76525273525,380,5753.0268122392,-4365.00369931852,140,505
d3-012,17,second,post,1110.83402431125,325,7044.40149789701,-5998.84846097704,135,440
d3-012,18,second,post,1266.93710704903,360,6773.70004586715,-5916.21189458187,140,450
d3-013,1,second,post,1287.50716757757,295,7086.02365258078,-5453.66941689955,170,430
d3-013,2,second,post,1515.6339332087,320,9611.83184917037,-6957.20152199942,120,390
d3-013,3,second,post,1543.83579553578,310,9624.60806134158,-8000.8239776503,145,435
d3-013,4,second,post,1618.00679326239,300,11013.0677757141,-9908.27728267554,135,420
d3-013,5,second,post,1591.30802549754,305,10900.2246708858,-8965.07924090909,140,430
d3-013,6,second,post,1590.47137222241,310,9411.08834972778,-9525.20399666523,160,410
d3-013,7,second,post,1513.37452495451,315,7574.41169084171,-8549.75380529855,135,435
d3-013,8,second,post,1634.90394547765,335,9890.08128352691,-9847.3134190037,120,455
d3-013,9,second,post,1508.32320779591,330,8811.09657359203,-8906.0357638633,125,435
d3-013,10,second,post,1509.8375609296,325,8573.98280006895,-8377.85358397769,130,445
d3-013,11,second,post,1544.0961163603,315,10658.8811200361,-10327.7191958594,140,420
d3-013,12,second,post,1559.34405006838,310,9888.21682979387,-9123.11881475527,150,430
d3-013,13,second,post,1570.53761405813,310,8778.50511434686,-8689.22043999517,125,415
d3-013,14,second,post,1485.14188480838,310,9437.09533330009,-8227.27325521852,140,430
d3-013,15,second,post,1513.80902686421,310,9641.20504362982,-8497.6061768125,150,430
d3-013,16,second,post,1576.45451234541,320,9478.61822179535,-9864.93761678465,145,425
d3-013,17,second,post,1466.50590689536,300,9270.43922089759,-7899.58327338429,125,410
d3-013,18,second,post,1500.49502897141,345,7886.81028696361,-8436.30919129751,155,485
d3-013,1,pre,pre,1209.78167548675,355,7154.79721049078,-5853.47232537358,215,440
d3-013,2,pre,pre,1332.73643047399,355,8053.70194091458,-6395.79640280161,195,510
d3-013,3,pre,pre,2396.80068385846,380,10125.1983882122,-28132.7201595574,210,405
d3-013,4,pre,pre,1465.76125473699,300,9782.52749474009,-7568.93074434215,180,465
d3-013,5,pre,pre,1478.81188963272,300,8900.88780721653,-7033.07434486036,205,440
d3-013,6,pre,pre,1449.84962767237,290,10292.308593871,-7698.11157413209,160,410
d3-013,7,pre,pre,1513.98149530216,300,9809.04330801725,-6925.13226962582,180,455
d3-013,8,pre,pre,1464.97526199619,340,7033.14549558374,-7455.30375211945,145,440
d3-013,9,pre,pre,1732.81804258933,295,11821.738689851,-8777.40661039875,190,360
d3-013,10,pre,pre,1485.49045345387,320,9019.94432504835,-7920.79579476916,150,435
d3-013,11,pre,pre,1585.4743251996,290,9540.72141652545,-8079.36939425112,160,430
d3-013,12,pre,pre,1583.71645600171,305,9274.39838706541,-9054.57442273421,155,415
d3-013,13,pre,pre,1407.22676443223,305,8553.34069887707,-5537.47960611245,140,455
d3-013,14,pre,pre,1514.45452635271,295,9785.34103314538,-7582.23117942134,185,410
d3-013,15,pre,pre,1565.55492005548,320,8531.08010183252,-9547.17228199262,190,450
d3-013,16,pre,pre,1586.93398505898,300,9716.90554439321,-9028.68895650637,210,425
d3-013,17,pre,pre,1537.6909941034,310,9822.92742072224,-7916.88465688897,185,435
d3-013,18,pre,pre,1557.65067032254,335,8468.00579177428,-8906.27667716902,170,435
d3-014,1,second,post,802.17196736106,515,2846.72678480506,-2245.48704850341,195,640
d3-014,2,second,post,786.874886444353,345,3704.95828362212,-2319.28667655681,155,500
d3-014,3,second,post,863.289537575418,435,3075.35156526527,-2437.49707100809,180,565
d3-014,4,second,post,886.977131317218,470,2942.37948549596,-2627.5062476803,340,630
d3-014,5,second,post,745.367427252157,425,3366.38731936294,-2997.01339629695,165,725
d3-014,6,second,post,780.305107183573,500,3724.50955841728,-2534.18917565503,210,825
d3-014,7,second,post,951.79139255837,445,3350.32793584559,-3054.68143381081,230,610
d3-014,8,second,post,909.273598452733,435,3885.45844829811,-3062.80872285801,190,570
d3-014,9,second,post,804.095684502368,470,2774.47727905601,-2635.42583022961,210,730
d3-014,10,second,post,948.020863634669,565,2881.42133107765,-3342.5826861043,350,640
d3-014,11,second,post,766.100711302434,450,3377.0890194544,-2484.2881282456,200,655
d3-014,12,second,post,819.316885153653,420,3911.93279727003,-3039.83755087725,145,495
d3-014,13,second,post,779.546452389451,455,3156.00666951013,-2697.32362299057,195,730
d3-014,14,second,post,884.819982830678,515,2894.36171700759,-3728.35659772214,415,650
d3-014,15,second,post,799.204823405569,465,3692.17199692133,-3257.61986211833,220,660
d3-014,16,second,post,773.127736178201,480,3249.41958268124,-2486.30071606807,285,620
d3-014,17,second,post,741.24330504943,600,2386.62744937204,-2595.51743479122,195,685
d3-014,18,second,post,824.552580975115,440,2764.61415234004,-2605.05512342043,160,625
d3-014,1,pre,pre,421.471937221658,525,2421.19284531922,-1568.72611518528,465,1285
d3-014,2,pre,pre,757.105383399752,430,3356.92675314153,-2110.56349800961,255,580
d3-014,3,pre,pre,715.45950121893,425,5017.47850873935,-1773.4061076128,260,810
d3-014,4,pre,pre,750.912675744896,450,2981.42669930935,-3895.72085922555,175,850
d3-014,5,pre,pre,765.76681565828,460,4757.84235501817,-3098.7701637091,140,675
d3-014,6,pre,pre,877.384746841225,490,2302.01713431608,-2689.24438213761,385,620
d3-014,7,pre,pre,627.78426479101,480,2750.19757007254,-1822.07168083512,345,780
d3-014,8,pre,pre,916.95476703582,355,4155.96039628954,-3401.20925266946,235,640
d3-014,9,pre,pre,925.488363977405,410,3656.63731143802,-3291.99860791071,175,760
d3-014,10,pre,pre,1018.59411300179,425,6595.61822850529,-4245.36022564795,150,575
d3-014,11,pre,pre,970.810235268377,490,3543.47551746786,-3294.87200982979,185,595
d3-014,12,pre,pre,962.045695414171,500,2725.42382218846,-3341.66170665434,110,575
d3-014,13,pre,pre,853.33337082089,410,4110.01134315238,-2859.80402683981,180,665
d3-014,14,pre,pre,830.835848288462,550,2918.54338625441,-3389.18316546712,240,770
d3-014,15,pre,pre,937.825116811364,430,3475.11713805703,-3532.07150719107,240,565
d3-014,16,pre,pre,889.135893735024,520,3154.21409118391,-3252.7396605764,200,600
d3-014,17,pre,pre,778.0267554489,425,4722.99461444249,-2605.44188442715,175,785
d3-014,18,pre,pre,901.196205990133,505,3101.02607021454,-3027.73734788749,205,585
d3-015,1,first,post,1226.47973457083,375,5701.44940883254,-5510.70370132108,275,475
d3-015,2,first,post,1114.21411971108,365,4848.04549650141,-4562.63022129831,165,470
d3-015,3,first,post,982.99205861734,360,4282.71891778131,-3878.63074343204,205,460
d3-015,4,first,post,1205.4395883539,370,5825.4551585185,-5613.00986407104,210,455
d3-015,5,first,post,1244.95458983256,365,5344.52707768388,-6431.71229378302,250,440
d3-015,6,first,post,1451.01461029962,360,6208.85029362924,-8898.76223739022,295,420
d3-015,7,first,post,1202.83321125891,350,6700.24754979552,-6010.51865424571,200,440
d3-015,8,first,post,1269.0531158753,365,4805.8732290475,-6737.54137830514,285,440
d3-015,9,first,post,1293.79769943324,320,7752.50089091103,-5974.89506111647,220,450
d3-015,10,first,post,1373.62520331598,315,7972.48828618973,-8897.23506748433,155,390
d3-015,11,first,post,1319.26951582994,345,6428.14539763853,-8094.16664465257,145,405
d3-015,12,first,post,1234.16525032218,340,6623.94846570404,-6276.09016240973,160,410
d3-015,13,first,post,1292.23369188997,355,7102.78014998725,-7616.45325605339,225,430
d3-015,14,first,post,1069.36254032723,315,6997.95180233062,-4441.12366117887,180,490
d3-015,15,first,post,1099.72046957469,380,5352.92311181263,-4908.87668006593,215,465
d3-015,16,first,post,958.821687855919,400,5154.14609606385,-3586.44115516267,260,595
d3-015,17,first,post,1219.06076186852,345,8490.51214630163,-6149.59635060842,190,430
d3-015,18,first,post,1214.83145763531,400,4594.45415042235,-5897.15111830848,130,540
d3-015,1,pre,pre,1085.82012695551,315,6671.36589159046,-4134.9056601047,190,480
d3-015,2,pre,pre,896.986223201185,420,7070.39574633848,-3097.96036436659,300,675
d3-015,3,pre,pre,679.341699137089,270,3774.88092783739,-3859.34831750529,155,750
d3-015,4,pre,pre,1200.56994383238,365,6173.36186205143,-4789.47597977491,170,480
d3-015,5,pre,pre,1154.2832314018,355,6003.54691294141,-3801.80381616065,215,485
d3-015,6,pre,pre,1182.93296467514,340,6447.81181883048,-5746.34942742151,235,450
d3-015,7,pre,pre,952.605694045766,360,5049.0372165754,-3425.18573707612,270,510
d3-015,8,pre,pre,1035.49475236331,405,5103.56244675609,-5107.24236519487,300,485
d3-015,9,pre,pre,958.728970490342,375,3797.45310093393,-4429.48046985626,150,570
d3-015,10,pre,pre,1057.84702305706,350,5229.52987529653,-4207.14045011242,260,475
d3-015,11,pre,pre,1152.30162034774,345,7382.84976271605,-5964.45308622563,240,440
d3-015,12,pre,pre,1216.11572217798,365,4671.97034729031,-5111.87687636542,270,405
d3-015,13,pre,pre,1067.77824794328,440,4667.91406288644,-4595.75524241391,330,535
d3-015,14,pre,pre,970.881086306529,430,4964.53961053281,-3919.75196315938,335,555
d3-015,15,pre,pre,934.527787578238,450,3769.93607464625,-4397.55401214002,215,610
d3-015,16,pre,pre,888.459200325678,450,3294.80738340791,-3018.40523137051,290,715
d3-015,17,pre,pre,907.091020746872,385,3741.6289430038,-3470.09887833667,135,585
d3-015,18,pre,pre,1115.88050009511,510,3408.65961339936,-5674.60613527662,330,605
d3-016,1,first,post,834.831981545305,355,5045.12003665561,-2939.62140703544,130,505
d3-016,2,first,post,1212.26144043041,335,5533.59908439555,-4133.97053171294,300,385
d3-016,3,first,post,940.536185309881,460,5397.59847009728,-4295.58219484249,160,600
d3-016,4,first,post,911.854677674837,320,5959.83305327892,-3581.86026988042,150,615
d3-016,5,first,post,1052.23331319888,370,5236.11883492559,-6329.79265456509,160,530
d3-016,6,first,post,1066.64017666755,400,5138.10518646895,-4927.40382509727,150,520
d3-016,7,first,post,1131.15504562314,400,4294.85722483993,-4565.25720758754,355,485
d3-016,8,first,post,932.252442290713,420,4501.14253490998,-4184.8357275516,140,570
d3-016,9,first,post,1141.77270095329,510,4338.26942800691,-5771.10557049157,360,650
d3-016,10,first,post,1078.0856790466,405,6216.02138915476,-5034.96229551308,195,535
d3-016,11,first,post,1044.52230495072,395,5413.61916303517,-5315.67113816446,230,530
d3-016,12,first,post,1325.12968197434,435,5889.29796320976,-5782.4185132694,345,500
d3-016,13,first,post,1013.3848579134,315,7549.63447237918,-3358.95048385476,195,630
d3-016,14,first,post,1154.74174717636,350,5247.94541934613,-6174.18966838275,140,475
d3-016,15,first,post,946.864776590138,325,5572.72868729317,-3074.2372399169,180,540
d3-016,16,first,post,1055.14202999276,340,6019.63616361866,-5674.13617116226,195,545
d3-016,17,first,post,1033.50069250618,390,4203.87367034834,-5554.59711390291,225,490
d3-016,18,first,post,1037.22176781408,430,5167.86671413227,-3736.94818664361,190,490
d3-016,1,pre,pre,1132.93737943743,460,5975.40377070157,-4496.06713036697,295,605
d3-016,2,pre,pre,1028.71587839461,415,4128.50537641578,-4161.656144328,240,595
d3-016,3,pre,pre,1085.06565278577,405,5773.65872690261,-4488.28158119187,325,620
d3-016,4,pre,pre,931.296258051542,485,3355.53560511353,-3699.37782561657,175,630
d3-016,5,pre,pre,830.002475855461,505,4534.30887175811,-3872.67331193567,200,660
d3-016,6,pre,pre,892.930743382294,575,4347.59230722138,-5353.74797749723,240,630
d3-016,7,pre,pre,1081.45001650328,295,6671.25388324601,-4747.27314341113,225,555
d3-016,8,pre,pre,1201.76739183391,375,6311.77500525583,-4983.52388661566,280,435
d3-016,9,pre,pre,1013.40316527306,370,5213.64912849339,-2796.74106014737,255,600
d3-016,10,pre,pre,891.146785364465,390,5409.81754244424,-4771.35117692377,160,535
d3-016,11,pre,pre,970.615788585581,395,5154.80768824824,-3606.18915069278,145,470
d3-016,12,pre,pre,990.449393618838,410,3654.98198948691,-2968.88679255866,350,630
d3-016,13,pre,pre,1030.64108669473,360,5622.60734312438,-5785.56904255544,275,540
d3-016,14,pre,pre,995.650066614443,450,4443.41267347599,-6221.02566472707,215,515
d3-016,15,pre,pre,1056.95680191716,375,6371.3730621762,-5169.04437326419,290,460
d3-016,16,pre,pre,1053.00619178162,360,4855.60674363904,-5161.78080295061,235,510
d3-016,17,pre,pre,879.792690794612,385,3541.39253286066,-3586.52631865994,130,630
d3-016,18,pre,pre,905.554717888202,365,4225.46063761966,-3116.76444838691,200,530
d3-017,1,second,post,852.969293774018,395,4338.71541206402,-2809.94211724501,175,545
d3-017,2,second,post,1141.62583056738,390,7573.02249129073,-4693.64413958128,275,520
d3-017,3,second,post,1018.8390207916,435,5367.50396154932,-4361.55801085693,205,530
d3-017,4,second,post,1124.69464529639,395,5476.21582142091,-4169.54831957365,130,640
d3-017,5,second,post,1039.7505826704,415,4360.28480545189,-4207.58522802304,180,575
d3-017,6,second,post,1138.56731132002,380,5384.28861738011,-4227.26659247474,210,450
d3-017,7,second,post,1064.32359177068,375,6491.99693795933,-3622.73918926723,175,495
d3-017,8,second,post,1052.45102600471,390,6807.59542758299,-3960.94173242707,195,585
d3-017,9,second,post,984.271164047941,425,5288.45255629523,-4760.70700342757,160,525
d3-017,10,second,post,943.105506158003,450,6318.43529555723,-3880.22694528546,220,625
d3-017,11,second,post,980.801083183687,415,5570.67103827309,-4852.99773099257,195,515
d3-017,12,second,post,1045.78324630531,450,5833.558054664,-3178.45380231001,225,500
d3-017,13,second,post,1015.51128987186,380,5737.94518692553,-3774.12797779523,180,545
d3-017,14,second,post,968.631435355956,410,4272.60385759449,-4013.41104699781,110,470
d3-017,15,second,post,977.040902121966,345,4827.19848364275,-3738.89582797712,125,455
d3-017,16,second,post,1049.0028857006,435,4224.2939255305,-3532.02611317484,190,490
d3-017,17,second,post,899.459424321601,445,5364.41756844817,-3871.80294448575,215,555
d3-017,18,second,post,1073.64681256362,490,7073.92990891963,-3899.69219853653,275,660
d3-017,1,pre,pre,1000.49562118731,395,6761.10005619348,-3689.85647555,315,615
d3-017,2,pre,pre,1141.42252186252,415,5684.19705807605,-4625.22889866701,265,665
d3-017,3,pre,pre,982.040917306754,455,4717.83828490027,-4113.13104748399,230,600
d3-017,4,pre,pre,961.265806046032,435,4327.53550596276,-2730.91811209103,225,515
d3-017,5,pre,pre,1050.2404341943,415,5937.63311640012,-4039.45830787204,245,515
d3-017,6,pre,pre,992.631867212142,335,5879.63485873483,-3521.09271876867,205,550
d3-017,7,pre,pre,880.553054849602,370,3625.34621147692,-3052.04637729701,145,665
d3-017,8,pre,pre,1018.97750072339,415,4730.91508727651,-3443.34328186447,210,500
d3-017,9,pre,pre,886.57147748862,380,4816.30476527282,-3050.42758807546,110,535
d3-017,10,pre,pre,847.546623212535,495,4078.62871324003,-3215.73783264365,210,725
d3-017,11,pre,pre,938.503014235448,520,5275.3176931579,-3308.32750520731,225,640
d3-017,12,pre,pre,927.593395163567,415,4581.55405208029,-4021.27281881412,305,560
d3-017,13,pre,pre,1027.0755643355,465,6312.07496702006,-4230.95704309585,345,690
d3-017,14,pre,pre,993.118798463341,455,5315.16202039878,-3839.25166911872,265,635
d3-017,15,pre,pre,806.386537155407,485,3684.50355219173,-3191.26049542521,170,665
d3-017,16,pre,pre,886.73387300834,400,5465.30014687679,-2989.80444735002,270,660
d3-017,17,pre,pre,958.350691786088,430,4812.35441641725,-3626.50309437602,205,545
d3-017,18,pre,pre,1060.01963638444,450,4928.17723220673,-3408.68363676081,380,495
d3-018,1,second,post,725.563156720175,350,3877.90927090299,-2264.79759406467,205,640
d3-018,2,second,post,719.013781666864,350,3718.19343596963,-2307.29728956777,190,765
d3-018,3,second,post,839.897063860104,320,4589.01167698281,-3697.72585414973,180,535
d3-018,4,second,post,823.771637880279,390,4591.6005656553,-3266.10333897639,210,460
d3-018,5,second,post,879.479833432586,315,4689.8496725645,-2973.4849315785,205,405
d3-018,6,second,post,703.868565683031,385,4468.07375789594,-4079.89606757707,205,585
d3-018,7,second,post,753.214924632186,300,4702.6993446047,-3434.26817623244,195,550
d3-018,8,second,post,726.847102654514,405,3964.44914583184,-3474.32241130511,160,515
d3-018,9,second,post,871.258923695274,390,4575.78701470277,-4505.68555744725,255,535
d3-018,10,second,post,746.010734416967,390,2979.03617896836,-2301.52055040104,120,475
d3-018,11,second,post,885.537380040975,325,3679.13445395847,-3120.35951725247,180,400
d3-018,12,second,post,714.289041078665,360,3969.5141456137,-2085.90338863298,150,630
d3-018,13,second,post,812.90730777408,440,3050.1537832384,-2993.22845375159,190,635
d3-018,14,second,post,721.423638591253,305,3924.59631389448,-2259.4160262754,175,450
d3-018,15,second,post,863.507294304265,430,4438.1020111869,-3137.65198513088,220,520
d3-018,16,second,post,966.865106007006,375,6103.15958063249,-3712.36440012447,290,465
d3-018,17,second,post,949.563317960668,310,6005.34518679907,-3973.84133125583,175,385
d3-018,18,second,post,785.462365965851,395,4936.86029236816,-2700.91785797823,195,545
d3-018,1,pre,pre,722.585981099488,660,2627.54529140186,-2351.82114338347,405,790
d3-018,2,pre,pre,738.412136364921,425,3808.18557296221,-2837.64626011796,170,545
d3-018,3,pre,pre,836.424692784361,445,3537.26885340863,-2802.12996573614,320,615
d3-018,4,pre,pre,706.087764433557,550,2609.09026503917,-2488.60513855304,225,760
d3-018,5,pre,pre,809.903362216149,635,3306.47398469141,-2608.74621912595,380,705
d3-018,6,pre,pre,870.314225598136,465,3090.24722242503,-3144.75985597156,345,580
d3-018,7,pre,pre,816.541775078665,360,4432.23476024766,-2490.31468024692,255,505
d3-018,8,pre,pre,806.7019502984,405,4417.35965401429,-2281.04582555693,170,620
d3-018,9,pre,pre,721.916450266895,515,3356.55253744289,-2720.0383112818,260,585
d3-018,10,pre,pre,884.512669395966,425,4811.6050986464,-3237.78264322501,275,640
d3-018,11,pre,pre,775.189150880022,435,3512.09950322217,-3582.95316530365,145,620
d3-018,12,pre,pre,751.245949006214,460,2931.75169664973,-2390.11594591351,205,545
d3-018,13,pre,pre,833.361882556834,360,5179.04615428038,-2590.34548108457,215,545
d3-018,14,pre,pre,676.364058273669,370,3667.97240040064,-3309.17574225796,200,475
d3-018,15,pre,pre,763.955951562658,385,3571.16193078535,-2293.045476307,210,630
d3-018,16,pre,pre,714.592192383861,375,3324.07656648138,-2818.3436562278,145,545
d3-018,17,pre,pre,781.992646005337,450,3554.92861543849,-3392.80495738409,235,635
d3-018,18,pre,pre,945.490834749674,410,5002.40808191612,-3788.54550244581,180,515
d3-019,1,second,post,794.540058726117,380,5407.32875545898,-2090.64461382471,265,710
d3-019,2,second,post,916.868759482726,360,5100.0400384801,-3455.17281508938,115,525
d3-019,3,second,post,1137.62732778719,310,5171.33545650264,-4731.9356036451,200,435
d3-019,4,second,post,935.216431250842,420,5568.72204068204,-4151.77224446127,245,620
d3-019,5,second,post,1008.74729847345,380,6352.01300114593,-4953.33836428191,175,540
d3-019,6,second,post,1082.65067314547,485,6889.38827826542,-5189.81731963958,310,525
d3-019,7,second,post,921.727878448359,365,6167.05915920794,-3515.2936456689,175,610
d3-019,8,second,post,1033.91725097938,375,7144.85877338273,-5933.78576419559,145,485
d3-019,9,second,post,985.803388593802,390,6705.81231646867,-4373.97872780195,205,525
d3-019,10,second,post,1124.44310043034,350,9103.61820645108,-5721.73054025586,145,465
d3-019,11,second,post,1082.6881709665,435,6861.14808606219,-5608.77999216852,185,525
d3-019,12,second,post,958.40549131654,460,3732.10793998186,-4111.99323978668,230,550
d3-019,13,second,post,1110.29991264032,380,7298.05645337218,-5638.70616990731,155,490
d3-019,14,second,post,1042.08043065501,430,7649.88724952426,-5721.068193474,225,560
d3-019,15,second,post,1111.9248647204,385,4696.71571674322,-5346.98491642476,145,485
d3-019,16,second,post,1132.91406012949,540,4607.81515921436,-5793.72481626061,465,645
d3-019,17,second,post,992.805139602455,425,5721.72077746149,-4804.25370938951,240,535
d3-019,18,second,post,1096.1436140584,380,4612.76826440566,-5350.89089426366,220,530
d3-019,1,pre,pre,504.682006877992,340,2836.75566133267,-1738.5324486392,215,705
d3-019,2,pre,pre,816.472488201589,520,4167.45494302482,-2873.35164487189,310,745
d3-019,3,pre,pre,1000.46879876142,425,5195.05035646714,-3804.63695563922,295,600
d3-019,4,pre,pre,935.5407667676,475,4534.65926598198,-4031.90020603868,300,585
d3-019,5,pre,pre,743.186862695061,330,4207.13860766335,-2030.00616375792,110,500
d3-019,6,pre,pre,963.032185601883,415,4897.53533458741,-3514.67052188916,230,500
d3-019,7,pre,pre,840.234529391032,470,5552.05932802542,-3229.70651690794,250,555
d3-019,8,pre,pre,1160.05864373817,390,7204.30141207162,-4760.94238379831,265,530
d3-019,9,pre,pre,729.763847493196,345,3584.62044034291,-2033.29716592159,240,430
d3-019,10,pre,pre,936.292271963147,415,6422.28659645232,-3791.38794560795,225,500
d3-019,11,pre,pre,878.039903526338,425,4210.56771739234,-3229.48695935149,125,625
d3-019,12,pre,pre,869.218526629716,370,4937.49938583539,-2953.49831872229,245,455
d3-019,13,pre,pre,1036.72616720269,420,6295.67076277826,-4375.74026483542,265,600
d3-019,14,pre,pre,864.418649528188,415,4200.23608179743,-3687.7000837645,230,680
d3-019,15,pre,pre,1259.31006615424,530,5354.38808925908,-6707.76134026971,185,580
d3-019,16,pre,pre,1052.42316546103,355,6195.56730290585,-3442.84050737839,180,500
d3-019,17,pre,pre,983.383085591587,320,6299.68439939538,-3624.98624336152,200,490
d3-019,18,pre,pre,1127.71668388501,380,7859.29081173714,-4275.60911168302,220,460
d3-020,1,second,post,977.18131564756,360,6627.80354706083,-4481.84775341834,185,480
d3-020,2,second,post,1198.02422467471,370,9090.8258056679,-6650.52815056729,185,450
d3-020,3,second,post,1034.30530036547,390,7481.38935707873,-4298.96039293063,210,550
d3-020,4,second,post,944.887176307842,275,6670.7534335148,-3238.47200686704,160,420
d3-020,5,second,post,930.652497267171,310,4915.76690555692,-3015.21428877904,175,450
d3-020,6,second,post,1033.95174150147,430,4577.15985716514,-6127.04952503656,180,520
d3-020,7,second,post,1207.28651020278,390,4861.61634622558,-4798.21907552342,160,510
d3-020,8,second,post,1067.11533713735,340,4700.5162664105,-5179.17268713045,155,450
d3-020,9,second,post,1125.46454598835,385,4896.37335425744,-4981.60788498274,300,475
d3-020,10,second,post,1234.92618034056,330,5402.35521391546,-5993.01651114555,135,435
d3-020,11,second,post,1088.41215419407,345,5613.65534086901,-5107.09675223562,275,530
d3-020,12,second,post,1168.75677448104,350,6499.35307232102,-7225.44391128631,180,415
d3-020,13,second,post,1174.15622035308,325,6333.84286472977,-5442.88157843534,185,475
d3-020,14,second,post,1265.67026064504,285,9016.10508623084,-6588.83236849199,170,430
d3-020,15,second,post,1176.13320587834,310,7346.63641996639,-6569.05501599884,195,440
d3-020,16,second,post,1098.29765821127,315,6450.40186067656,-5358.37634573941,235,435
d3-020,17,second,post,1228.13773907728,295,9535.99739595597,-5763.45578982046,230,460
d3-020,18,second,post,1084.93234756564,300,6408.89226692857,-5478.82352968644,185,470
d3-020,1,pre,pre,860.647188848883,370,3756.41722346646,-4076.22173263949,190,595
d3-020,2,pre,pre,821.162466345236,320,4014.60129740556,-2500.61669703559,140,825
d3-020,3,pre,pre,825.399500206295,345,3972.805836816,-2684.87069317144,180,615
d3-020,4,pre,pre,563.368673745829,365,4100.84411338247,-1920.34385432737,110,910
d3-020,5,pre,pre,794.485932352092,425,2817.59712817697,-3027.21436293441,160,570
d3-020,6,pre,pre,932.85342756336,370,3903.29228076372,-3576.50749054059,230,505
d3-020,7,pre,pre,1071.96987294315,285,6028.48768688111,-4430.66759396091,145,470
d3-020,8,pre,pre,948.193579531725,360,5448.758476046,-4458.75687590434,165,515
d3-020,9,pre,pre,1157.77330495133,295,6558.20239010709,-5095.67131582769,130,455
d3-020,10,pre,pre,1040.84360833141,325,5526.9908388219,-5190.24944440319,180,475
d3-020,11,pre,pre,1039.2231623278,320,6231.18053407961,-4618.45551312847,150,475
d3-020,12,pre,pre,838.503389965437,370,4832.61698320194,-4242.88871672896,220,530
d3-020,13,pre,pre,1136.74085457028,290,7398.73826743142,-4133.64857370269,190,385
d3-020,14,pre,pre,1100.21708840015,310,6987.63587079306,-4385.58108398056,210,410
d3-020,15,pre,pre,1215.7321510906,285,8808.28524167782,-6004.53016001116,180,430
d3-020,16,pre,pre,1064.77941623025,365,7154.43307920378,-3762.53722071648,250,515
d3-020,17,pre,pre,1138.90763702162,315,8085.46536058904,-5139.65276241214,185,445
d3-020,18,pre,pre,1064.13106075298,305,7537.31171659594,-4519.98013903495,195,530
d3-021,1,second,post,948.347770922958,335,6730.42836002444,-3135.37349350324,225,430
d3-021,2,second,post,998.338065602849,360,7143.7005274165,-3669.95632550418,235,490
d3-021,3,second,post,994.136743786556,375,7021.95226662321,-3560.98532223759,220,545
d3-021,4,second,post,1102.32028370571,290,8935.89419141298,-5193.33400431035,165,480
d3-021,5,second,post,1014.08796415948,395,5776.08324086961,-4574.4504334965,195,500
d3-021,6,second,post,973.631299213131,370,5922.08201096083,-3471.72352244894,285,545
d3-021,7,second,post,909.718795516405,375,6651.08051885171,-4144.45356008159,235,550
d3-021,8,second,post,907.431432989849,420,4361.12905278084,-3342.53414924933,280,565
d3-021,9,second,post,958.511562923107,350,5762.56998757336,-3317.48775119939,175,500
d3-021,10,second,post,1031.36333352453,375,5951.58385313803,-3630.3310425256,225,420
d3-021,11,second,post,954.108741572909,395,5564.47634011691,-3144.0742097546,285,495
d3-021,12,second,post,887.55090326952,380,5481.68288200997,-3536.13929807524,215,530
d3-021,13,second,post,820.909869965044,345,5700.46281235724,-2712.76613465998,170,480
d3-021,14,second,post,897.578279767386,395,6142.48727967803,-2272.49854612368,210,605
d3-021,15,second,post,944.410269204374,385,5052.14324214972,-3373.43156043211,240,585
d3-021,16,second,post,940.316687058397,320,6147.83381297679,-3633.16442850578,160,480
d3-021,17,second,post,854.319420521768,305,6649.14574402432,-4168.31765534719,215,545
d3-021,18,second,post,926.287463053796,325,5834.75130688334,-3354.99759819555,145,685
d3-021,1,pre,pre,1292.87932249689,360,9864.7802425625,-5355.67856212869,275,400
d3-021,2,pre,pre,1232.15348800209,360,6087.14913667131,-4247.65029821429,230,425
d3-021,3,pre,pre,1119.49080357171,410,5643.34840191879,-3379.08348971052,240,605
d3-021,4,pre,pre,1164.35459384879,365,4956.13830977427,-4242.01084732252,175,540
d3-021,5,pre,pre,1322.57072420709,355,6861.07452283066,-5065.58404686125,290,440
d3-021,6,pre,pre,1166.73310311646,400,6196.28133632417,-3716.25789671633,230,630
d3-021,7,pre,pre,1141.60813165194,410,5538.1455343515,-3975.32158519999,280,600
d3-021,8,pre,pre,992.704280585181,370,4296.809359255,-3642.65846421907,180,715
d3-021,9,pre,pre,1135.4826586618,380,6366.36463763887,-3853.83855575509,335,425
d3-021,10,pre,pre,975.287808677176,380,5973.32175384023,-2914.74480647053,260,640
d3-021,11,pre,pre,997.748523472387,385,4602.56521018114,-3563.33550193805,190,555
d3-021,12,pre,pre,1080.73705472586,295,6681.74436344978,-3131.40387011802,175,485
d3-021,13,pre,pre,1197.74941971882,410,5308.89642723107,-4452.43845634594,250,490
d3-021,14,pre,pre,940.825050205704,380,5640.93270810101,-2613.94342471336,215,750
d3-021,15,pre,pre,1034.19269539918,390,4113.91354820208,-3119.44234043678,275,535
d3-021,16,pre,pre,930.499304269807,400,4025.80374380964,-2555.89426944181,200,640
d3-021,17,pre,pre,1087.08523689749,445,4325.32280591824,-4178.83938322829,215,485
d3-021,18,pre,pre,1067.04055354989,350,5314.62711708286,-3356.58696282795,245,505
d3-022,1,first,post,1666.60457836073,335,11306.9243101178,-9794.55046597491,175,390
d3-022,2,first,post,1535.69348658625,305,10754.7623909881,-8765.77864990767,135,410
d3-022,3,first,post,1308.80578243143,355,8773.05485262812,-5383.26438205348,250,505
d3-022,4,first,post,1444.03941818985,290,9652.96765439924,-9056.49942180914,205,465
d3-022,5,first,post,1100.36832105558,375,5119.37080275229,-4483.85998538504,210,480
d3-022,6,first,post,1336.10081468252,365,7332.00364573368,-6943.30414135412,280,490
d3-022,7,first,post,1409.34804801372,365,8555.92270751231,-7595.87422703714,215,500
d3-022,8,first,post,1342.55800660315,380,5334.1450328441,-8065.36525612447,190,455
d3-022,9,first,post,1442.98996871729,300,9747.68042601847,-9220.84931664874,145,400
d3-022,10,first,post,1391.79246905754,290,8558.4527899868,-9198.95638973357,150,425
d3-022,11,first,post,1388.01990749378,335,8456.56114204429,-7259.59926747837,215,505
d3-022,12,first,post,1394.5423718496,300,8113.63996586357,-7314.11992611236,160,370
d3-022,13,first,post,1581.05202686278,300,9358.24162397411,-9930.43499682774,235,370
d3-022,14,first,post,1379.61129007699,290,9121.60917501184,-6686.67058494545,150,420
d3-022,15,first,post,1247.87696149743,310,7986.74001728992,-7964.81002924729,165,440
d3-022,16,first,post,1521.17288794847,315,9382.76855416811,-7927.78134004964,200,420
d3-022,17,first,post,1360.8497638468,300,8750.88715072709,-7227.16024353248,160,415
d3-022,18,first,post,1378.0148137005,310,7803.51762983354,-7643.38625580872,160,400
d3-022,1,pre,pre,1406.30857582343,280,11007.6057570477,-6905.55099503021,190,430
d3-022,2,pre,pre,1274.4472980799,490,7325.12787338844,-7857.80767918473,315,590
d3-022,3,pre,pre,1268.96514635348,350,7996.65258783129,-6664.09592660104,265,495
d3-022,4,pre,pre,1134.8618139575,355,6427.49436595566,-6057.44053766995,190,520
d3-022,5,pre,pre,1213.33479533979,350,8397.93762430681,-5739.48998364349,275,460
d3-022,6,pre,pre,1086.18928481169,360,5269.50134709437,-4597.53876228279,200,495
d3-022,7,pre,pre,1316.19931906004,330,8018.13087324539,-7413.70787390274,215,455
d3-022,8,pre,pre,1451.98477445977,290,10663.07812168,-8185.72686901366,175,355
d3-022,9,pre,pre,1425.25324262474,270,11311.6787075922,-8115.30628856073,195,390
d3-022,10,pre,pre,1373.18658685963,285,9434.48326807446,-7557.95159747709,155,375
d3-022,11,pre,pre,1412.45265437352,340,11705.5854453108,-6618.35494326816,250,415
d3-022,12,pre,pre,1455.9364374137,255,10861.1579763589,-6729.88695580748,160,440
d3-022,13,pre,pre,1709.70651401915,235,15220.6584414714,-8578.4408148114,160,380
d3-022,14,pre,pre,1715.48800759272,270,15255.2615043449,-9809.00516325536,195,340
d3-022,15,pre,pre,1563.43748523361,310,9773.01839408017,-10039.1355939349,195,380
d3-022,16,pre,pre,1455.19838875015,270,10793.6180771426,-9433.8624514465,160,415
d3-022,17,pre,pre,1491.52337440633,270,11287.0526406789,-7818.9821409901,180,385
d3-022,18,pre,pre,1463.37030031771,280,10244.6197958268,-8187.81799932255,190,375
d3-023,1,first,post,1227.55051401806,395,7011.60699142318,-5165.20898175305,145,460
d3-023,2,first,post,1288.95251145887,440,7314.60371093368,-6093.3578657922,145,525
d3-023,3,first,post,1278.25201185945,490,4463.6118933244,-6302.10570226089,175,555
d3-023,4,first,post,1350.36054970639,450,6881.81110458594,-5699.3304710925,160,510
d3-023,5,first,post,1459.0513018809,425,6931.86391449303,-7856.98215708926,155,490
d3-023,6,first,post,1321.01284277775,380,5299.90344851662,-4447.46291605027,160,580
d3-023,7,first,post,1084.78206922025,455,6793.97311577838,-4404.80879061948,180,575
d3-023,8,first,post,889.5448150499,475,5978.11840732687,-4551.87329590062,105,560
d3-023,9,first,post,1253.89324007771,445,4742.47482604716,-5947.36099241851,255,545
d3-023,10,first,post,1088.84294568621,415,5309.64865793839,-4659.54402996721,180,535
d3-023,11,first,post,898.619193172955,360,5048.62448001361,-2882.71150556865,165,725
d3-023,12,first,post,1116.56940618925,460,6539.25553412259,-5303.10018194738,205,625
d3-023,13,first,post,1164.43339113389,480,4737.62127010506,-6040.02694311597,205,565
d3-023,14,first,post,1087.59584426073,555,3093.54793960952,-3960.63501408357,480,645
d3-023,15,first,post,1036.72955818649,370,6002.28912911188,-4507.81935244656,235,560
d3-023,16,first,post,990.255120714608,475,4442.79690587126,-3606.54505754394,140,655
d3-023,17,first,post,1028.95700040668,500,4122.98182780125,-4454.13118428959,185,645
d3-023,18,first,post,1209.5426742869,485,6125.84334397353,-4552.80837248531,205,600
d3-023,1,pre,pre,827.062577536036,460,4034.30694441052,-3386.21773585043,205,680
d3-023,2,pre,pre,1152.0690760633,540,3765.15803762628,-5482.19934488539,155,705
d3-023,3,pre,pre,1207.97659631583,410,6534.58955121555,-3659.91895919558,315,690
d3-023,4,pre,pre,1326.75645703651,450,4326.44298177107,-4984.46608743451,325,530
d3-023,5,pre,pre,1242.16346194215,430,5034.84879818487,-4367.7155177361,350,500
d3-023,6,pre,pre,1045.08295342193,505,3034.65950876187,-4185.61548082346,210,615
d3-023,7,pre,pre,1219.51835371087,425,4298.29620574888,-5483.56939621284,175,520
d3-023,8,pre,pre,1093.77271821408,415,4416.08819123651,-4994.23857113193,155,570
d3-023,9,pre,pre,1002.93155466097,525,4301.63285256467,-3423.20368448211,290,700
d3-023,10,pre,pre,1164.34807325527,465,4268.25736943398,-5018.55720339438,415,600
d3-023,11,pre,pre,1183.26637574828,510,5435.06940287508,-4363.10840882141,420,630
d3-023,12,pre,pre,1138.29249366054,425,4502.13681642357,-5402.68930897629,355,570
d3-023,13,pre,pre,1207.58166891992,485,4261.18245742388,-4922.40324280478,425,575
d3-023,14,pre,pre,1120.73286356229,465,4746.02289124386,-4416.0019910737,355,550
d3-023,15,pre,pre,1260.90172118389,455,5146.21258184062,-6725.03585576182,190,575
d3-023,16,pre,pre,1156.35866636524,420,5293.04977241167,-4524.4308863827,360,570
d3-023,17,pre,pre,1093.0729511193,425,5970.46347150725,-4203.16331234552,260,615
d3-023,18,pre,pre,915.863494853958,370,4814.80409282973,-3853.66764124179,215,630
d3-024,1,first,post,1111.77748131722,385,8150.95886988728,-5077.54081781811,240,500
d3-024,2,first,post,1240.50161171962,320,7759.90441671015,-5968.28270017818,180,420
d3-024,3,first,post,1315.10482081727,340,6933.38987930403,-6440.20062899896,190,455
d3-024,4,first,post,1246.93803428378,320,7866.3287770586,-6354.67760160934,175,450
d3-024,5,first,post,1177.21086128598,320,6272.31621845108,-6568.28798580576,220,420
d3-024,6,first,post,1150.48946969416,320,7384.70238019383,-5347.2107808931,215,465
d3-024,7,first,post,1371.44640608392,440,6400.24514847186,-7896.87804313969,235,545
d3-024,8,first,post,1346.55847845798,330,7443.45166051282,-6494.06985495352,175,460
d3-024,9,first,post,1232.50181528945,330,7496.25631129188,-6661.53418581237,170,460
d3-024,10,first,post,1100.29593657513,365,6186.63271980695,-6222.92429827568,160,470
d3-024,11,first,post,1153.84592516346,345,6054.57484444572,-5706.94281074822,195,470
d3-024,12,first,post,955.639819677743,330,5192.77281555007,-5282.84367439821,140,510
d3-024,13,first,post,1003.53481944957,340,5726.30419890942,-3986.19416714767,185,495
d3-024,14,first,post,945.846932082576,300,5052.67205963753,-4122.98185379222,260,500
d3-024,15,first,post,1038.72079262935,315,5772.004139883,-5240.53175401118,210,470
d3-024,16,first,post,981.403412520389,410,5014.58283221845,-4230.69262062833,295,600
d3-024,17,first,post,1049.36488458938,350,6211.28364361977,-4939.17382624549,230,515
d3-024,18,first,post,1110.64969073899,355,5619.62194390873,-4970.20422136554,230,480
