ppid,trial_num_in_block,time,block_num,vel_m_filt,vel_lat_filt,acc_m_filtfilt,dec_m_filtfilt,acc_lat_filtfilt,dec_lat_filtfilt,order
d1-001,1,post,4,887.6576716769944,NA,NA,-2752.028525320653,NA,NA,first
d1-001,1,pre,2,756.1342818172473,NA,NA,-2444.8724156310245,NA,NA,pre
d1-001,2,post,4,799.8144377416431,NA,NA,-2106.2051563382065,NA,NA,first
d1-001,2,pre,2,838.5127859020992,NA,NA,-1893.8208989552804,NA,NA,pre
d1-001,3,post,4,865.8809409659241,NA,NA,-2315.2767361955666,NA,NA,first
d1-001,3,pre,2,656.984183839689,NA,NA,-1830.7358079076005,NA,NA,pre
d1-001,4,post,4,771.8366923590563,NA,NA,-2248.642221356504,NA,NA,first
d1-001,4,pre,2,704.356520949613,NA,NA,-1618.9670298036135,NA,NA,pre
d1-001,5,post,4,896.9883415646028,NA,NA,-3147.8925225069993,NA,NA,first
d1-001,5,pre,2,653.0212156815395,NA,NA,-1577.1099073774221,NA,NA,pre
d1-001,6,post,4,761.5344796543706,NA,NA,-2113.957177849773,NA,NA,first
d1-001,6,pre,2,747.6188404237648,NA,NA,-1986.4245518294115,NA,NA,pre
d1-001,7,post,4,787.1409939050518,NA,NA,-2583.9163162109626,NA,NA,first
d1-001,7,pre,2,700.1954730322891,NA,NA,-2035.4446062163993,NA,NA,pre
d1-001,8,post,4,806.5320398906955,NA,NA,-2233.439248388101,NA,NA,first
d1-001,8,pre,2,832.2348438413433,NA,NA,-1981.5582888771398,NA,NA,pre
d1-001,9,post,4,796.3980280250278,NA,NA,-2744.351706485527,NA,NA,first
d1-001,9,pre,2,755.2298809202294,NA,NA,-1951.5606465706237,NA,NA,pre
d1-001,10,post,4,811.3671992908127,NA,NA,-3028.1425280486246,NA,NA,first
d1-001,10,pre,2,842.3123893128442,NA,NA,-2461.0232665487483,NA,NA,pre
d1-001,11,post,4,740.7598866260194,NA,NA,-1659.8747552010686,NA,NA,first
d1-001,11,pre,2,895.8705888253745,NA,NA,-3316.283285564049,NA,NA,pre
d1-001,12,post,4,760.6123442234492,NA,NA,-1665.9593032990965,NA,NA,first
d1-001,12,pre,2,795.2443885129474,NA,NA,-2587.638504271938,NA,NA,pre
d1-001,13,post,4,820.1869754330135,NA,NA,-2249.2150363927485,NA,NA,first
d1-001,13,pre,2,828.3414953128477,NA,NA,-2465.716650001668,NA,NA,pre
d1-001,14,post,4,640.3496434169224,NA,NA,-1663.4840144773289,NA,NA,first
d1-001,14,pre,2,939.7798428606734,NA,NA,-3198.8975192581183,NA,NA,pre
d1-001,15,post,4,621.5666813827671,NA,NA,-1755.6364933282498,NA,NA,first
d1-001,15,pre,2,847.5285930688083,NA,NA,-2634.5625504551363,NA,NA,pre
d1-001,16,post,4,783.9772234013251,NA,NA,-1993.3893548051785,NA,NA,first
d1-001,16,pre,2,866.1984217187152,NA,NA,-2627.205439139708,NA,NA,pre
d1-001,17,post,4,619.7155849194442,NA,NA,-3548.7412245687274,NA,NA,first
d1-001,17,pre,2,781.0575659405667,NA,NA,-2570.023284264038,NA,NA,pre
d1-001,18,post,4,742.3233192848089,NA,NA,-1845.291211691067,NA,NA,first
d1-001,18,pre,2,793.2590508313397,NA,NA,-1913.6486846737125,NA,NA,pre
d1-002,1,post,4,990.8088110546798,265,4354.2755260740005,-3865.382092178536,150,405,first
d1-002,1,pre,2,868.7361690142984,295,3988.0325748327828,-2640.6712790900538,110,465,pre
d1-002,2,post,4,1213.391806652076,270,6236.99501396706,-4774.734507606361,140,395,first
d1-002,2,pre,2,1169.6694861732217,235,6878.684754734023,-4420.262213285747,95,405,pre
d1-002,3,post,4,1129.897850492831,285,5991.922897270386,-4843.576934427304,110,425,first
d1-002,3,pre,2,1009.1358048776768,300,4456.43934895594,-3609.2205242600085,120,515,pre
d1-002,4,post,4,1121.8997357976398,280,5298.551140784411,-4997.044344887465,150,425,first
d1-002,4,pre,2,823.4349004083463,435,2887.141497303577,-3193.760111418249,100,545,pre
d1-002,5,post,4,1043.1875491433734,270,5334.227087383267,-5037.677586840591,115,450,first
d1-002,5,pre,2,1116.6878180716242,345,4672.480573459665,-4159.526209329657,175,465,pre
d1-002,6,post,4,1080.7284450722564,285,5878.437819418261,-4139.979252451687,165,350,first
d1-002,6,pre,2,1246.4773708856214,360,5767.338264561749,-6885.973583975374,170,440,pre
d1-002,7,post,4,1256.7490239049937,280,6837.193451097977,-5221.789658928812,120,415,first
d1-002,7,pre,2,1112.5192609126711,275,5218.623506073473,-3821.354843976427,130,570,pre
d1-002,8,post,4,1174.3200298999468,315,5973.8824797691705,-5625.768306637237,160,425,first
d1-002,8,pre,2,1123.6540413919522,447,4559.102862325237,-5892.021642743076,247,547,pre
d1-002,9,post,4,1135.901426794957,280,5644.0718713794195,-5296.606071656359,145,450,first
d1-002,9,pre,2,1131.1167682782177,295,5409.15274720545,-5122.952546727157,125,440,pre
d1-002,10,post,4,1037.702282451562,360,5168.725697652965,-3853.6927943557957,205,545,first
d1-002,10,pre,2,1105.774187322355,295,5216.660693665766,-5507.2467724029275,155,530,pre
d1-002,11,post,4,1122.5682799938863,280,5496.138965054057,-4681.435590776897,110,405,first
d1-002,11,pre,2,1152.812944444899,290,6191.859410519644,-4044.5898288648377,110,490,pre
d1-002,12,post,4,1115.4746655184763,255,5574.497326857754,-4701.998404383053,115,400,first
d1-002,12,pre,2,1166.1806014404938,285,5206.299724787571,-4534.360285931254,165,400,pre
d1-002,13,post,4,1262.3938908725252,275,6479.505671717045,-5200.592842549944,205,490,first
d1-002,13,pre,2,1225.1239766283607,310,5569.522992635884,-6987.433948079486,105,445,pre
d1-002,14,post,4,987.6671771597854,340,4220.174914504847,-3599.161207493547,175,405,first
d1-002,14,pre,2,1238.888259254896,315,5748.167532886437,-5779.4625489024875,135,435,pre
d1-002,15,post,4,915.5224564492081,320,4292.9974797799805,-2917.9227249410324,105,575,first
d1-002,15,pre,2,1175.8751887428773,275,6144.924847893713,-4084.6223242169085,160,440,pre
d1-002,16,post,4,1098.6900619745268,285,5334.402791500637,-4835.643362747598,160,370,first
d1-002,16,pre,2,1154.7119628510945,290,5692.372715981637,-4601.355931681269,130,385,pre
d1-002,17,post,4,1252.2838486860774,275,5792.7936795525075,-5206.154827955755,130,350,first
d1-002,17,pre,2,1110.0634171180304,315,4811.972569020696,-4403.906924608404,145,570,pre
d1-002,18,post,4,1185.3724185235383,310,5680.0842157940315,-5002.297309966461,120,430,first
d1-002,18,pre,2,1433.0589978147395,295,8284.173270437186,-8616.497587273341,110,390,pre
d1-003,1,post,4,825.1753893139264,445,4429.56636630724,-2155.565818050622,130,555,first
d1-003,1,pre,1,840.0811214733419,180,8701.080060689146,-2243.8333853310696,115,710,pre
d1-003,2,post,4,862.7541969338604,405,4533.745054956303,-2694.949442589805,70,750,first
d1-003,2,pre,1,903.8451531899871,340,4380.876096523928,-2416.5154446450783,120,455,pre
d1-003,3,post,4,969.388897947787,435,6257.891382421649,-3738.456672471579,70,510,first
d1-003,3,pre,1,735.3058353523832,375,3499.2739031988244,-1678.9434671323152,70,645,pre
d1-003,4,post,4,920.4950915844944,340,6640.494735102833,-3003.858508816682,105,555,first
d1-003,4,pre,1,960.8653306398592,415,4193.681844464545,-3039.989018685338,240,620,pre
d1-003,5,post,4,952.1926499252332,210,6701.4884217819135,-2551.9346234473473,85,710,first
d1-003,5,pre,1,920.803401040304,355,4938.243115733043,-3207.3328077189303,170,660,pre
d1-003,6,post,4,812.9294102138554,520,4359.389171296853,-1812.5239025140277,145,770,first
d1-003,6,pre,1,851.9602310055022,460,4043.653828805175,-2711.2964264207967,135,670,pre
d1-003,7,post,4,902.5263232696288,635,3879.498517898276,-2658.1808875003917,370,805,first
d1-003,7,pre,1,1045.830967305044,180,7731.612961912092,-3017.5918691508405,105,565,pre
d1-003,8,post,4,926.6633797150702,405.9,4701.824353896695,-2967.4054357821374,123.95,602.3,first
d1-003,8,pre,1,876.0577627699947,525,3013.0463959920676,-2359.9306029161935,130,620,pre
d1-003,9,post,4,936.054562653113,360.48,5076.628884624803,-3043.6995273451193,109.2,595.9,first
d1-003,9,pre,1,954.4421507083472,275,4548.152931859426,-3074.0498691547987,75,625,pre
d1-003,10,post,4,897.6449697133878,425,4079.742133134905,-2537.5673600816626,85,690,first
d1-003,10,pre,1,953.4596018925091,440,6269.359140433332,-2995.1309461837063,110,530,pre
d1-003,11,post,4,901.428294951417,515,5372.386084212197,-2467.1888169167473,170,805,first
d1-003,11,pre,1,897.3753883198945,190,7042.065939098175,-2529.8414124734486,90,645,pre
d1-003,12,post,4,981.9709361350393,400,4747.878366058932,-2607.0760116475076,125,505,first
d1-003,12,pre,1,888.6695214603549,500,4094.926544839629,-3315.0726015339815,110,605,pre
d1-003,13,post,4,1026.6401554254649,200,6889.627612193282,-2393.6532682066354,95,620,first
d1-003,13,pre,1,970.3068742349366,450,3887.789449412979,-2837.562973126094,105,675,pre
d1-003,14,post,4,950.7016462199604,480,5406.777643909954,-3782.871203652261,85,620,first
d1-003,14,pre,1,941.6590236383632,320,5012.228130977593,-2572.817211866024,140,640,pre
d1-003,15,post,4,1032.5393786409904,500,6957.771659712431,-3352.81886768609,120,685,first
d1-003,15,pre,1,902.9298024783535,425,3892.469737867279,-3046.7810249603717,115,690,pre
d1-003,16,post,4,937.928986172986,485,5893.45533701425,-3448.507743463524,130,620,first
d1-003,16,pre,1,1095.7603271996231,245,6348.0331970690495,-4281.685875384105,140,690,pre
d1-003,17,post,4,884.5690590162501,415,4727.261845465906,-2507.8696997003944,80,560,first
d1-003,17,pre,1,951.6572190063725,390,6574.9933282327675,-3699.960292279607,90,545,pre
d1-003,18,post,4,891.2935009862194,460,3568.6975635042286,-3041.016318065103,160,705,first
d1-003,18,pre,1,866.7842465974145,450,5280.295733250361,-3843.191466926885,135,880,pre
d1-004,1,post,5,983.7590845812942,425,3123.7303945287213,-6443.264902563785,275,740,second
d1-004,1,pre,1,751.9325245288641,180,5409.560033442704,-5388.626377774828,120,505,pre
d1-004,2,post,5,1067.5956532772375,410,4000.899349154588,-3165.547455028017,70,480,second
d1-004,2,pre,1,980.511382262767,395,3847.8029560947616,-3663.080866160009,245,835,pre
d1-004,3,post,5,1192.4972333267374,340,5332.010028082948,-5264.138417725475,80,725,second
d1-004,3,pre,1,875.3253410730047,275,5090.48883318504,-3026.466546435015,135,765,pre
d1-004,4,post,5,1225.6061148382662,340,5773.031314384314,-3384.825579973582,200,465,second
d1-004,4,pre,1,875.6544102849325,350,4838.494437091951,-2617.870859245487,175,685,pre
d1-004,5,post,5,1335.4674981179585,340,6742.357747698823,-5752.729755516008,85,640,second
d1-004,5,pre,1,1086.9799587946902,720,3884.290536373865,-3888.2526554257925,590,885,pre
d1-004,6,post,5,1280.7062840427784,360,8039.931878345092,-7083.673483109969,95,520,second
d1-004,6,pre,1,852.3658208506729,425,2597.558527640806,-2895.2848065319367,210,875,pre
d1-004,7,post,5,1285.802478597946,335,6337.201964044605,-6456.8220744779555,80,565,second
d1-004,7,pre,1,985.5343103743248,275,4761.206620628191,-2379.341283892223,80,555,pre
d1-004,8,post,5,1399.7967562509393,355,6866.613597747989,-6691.243533356348,105,460,second
d1-004,8,pre,1,852.775844781217,390,4609.7310169106,-3798.3959409096815,90,685,pre
d1-004,9,post,5,1171.9778557871548,410,5913.805266351443,-4796.298403342042,75,630,second
d1-004,9,pre,1,986.9890128027155,345,5424.807255608414,-3300.8406450475077,65,820,pre
d1-004,10,post,5,1199.7688550247735,360,5191.421543677923,-4547.083193789088,75,640,second
d1-004,10,pre,1,1144.275185141992,325,7383.516929412408,-5201.602043038873,125,555,pre
d1-004,11,post,5,1233.79777477314,400,4470.919292004844,-3754.503654950704,90,555,second
d1-004,11,pre,1,1165.3326181372004,360,5376.691847428704,-4146.348727295587,65,695,pre
d1-004,12,post,5,1170.7668333747624,390,4211.431092600275,-3619.6101679872536,120,650,second
d1-004,12,pre,1,1223.1454484351498,300,6196.337327483336,-3951.4967325845764,95,450,pre
d1-004,13,post,5,1084.685295437505,325,4570.362295235205,-4080.1796883931233,160,575,second
d1-004,13,pre,1,1028.1768972335103,290,6843.89832084222,-4166.614090104384,65,655,pre
d1-004,14,post,5,1083.2138601878905,425,4413.315441904617,-4021.3186046635465,240,525,second
d1-004,14,pre,1,1058.1094956402667,425,5102.216795676643,-4478.794517193059,165,790,pre
d1-004,15,post,5,1148.9590538596474,460,4117.066201880349,-4681.367820116659,350,620,second
d1-004,15,pre,1,1219.8900337235946,330,6718.969311705427,-5822.658114110258,70,530,pre
d1-004,16,post,5,1105.0725113913572,325,5882.787592389991,-3348.4492918682663,215,485,second
d1-004,16,pre,1,1103.598743642897,270,5590.969222148744,-5849.250888646629,120,690,pre
d1-004,17,post,5,1296.2172861215677,280,6706.3441833192755,-5262.0788223664895,180,460,second
d1-004,17,pre,1,1087.8507668076118,285,6061.860523301477,-7175.341607582937,110,680,pre
d1-004,18,post,5,1263.1345410808794,330,6001.0760616623675,-6858.179481657529,235,520,second
d1-004,18,pre,1,1132.6267145909899,355,4961.096387953832,-3646.013083435706,145,505,pre
d1-005,1,post,5,769.0180179961003,305,3215.821077243706,-2300.191932824592,70,555,second
d1-005,1,pre,2,672.850432321455,270,4706.225521762378,-1341.2954351843216,90,430,pre
d1-005,2,post,5,891.1509019331372,325,3741.683891209594,-2648.3647685302944,145,505,second
d1-005,2,pre,2,835.1337678953942,385,3338.298608295434,-3319.209034912665,55,535,pre
d1-005,3,post,5,833.2863159477827,355,3748.5229500089886,-4929.888088867248,75,510,second
d1-005,3,pre,2,798.5882488078654,340,3714.128837512566,-2165.108367466828,60,470,pre
d1-005,4,post,5,854.5625635717578,300,3672.3570335431546,-2341.8237319840546,60,565,second
d1-005,4,pre,2,826.8048666366317,430,4288.446180296164,-2766.3691198749057,80,600,pre
d1-005,5,post,5,852.0853297440738,345,3688.230646060898,-2726.8384851863225,75,495,second
d1-005,5,pre,2,964.4052311809634,345,3626.3411790995515,-3868.0728391651596,220,490,pre
d1-005,6,post,5,891.2334830960781,390,3874.5030460217395,-3404.069401153098,55,590,second
d1-005,6,pre,2,869.7442059076666,325,3752.0256056927274,-3231.1358980275136,70,505,pre
d1-005,7,post,5,859.8492436519394,455,3817.3952593418276,-2834.273109233067,215,550,second
d1-005,7,pre,2,947.6069945248112,260,5588.436401417926,-2924.976209830853,80,405,pre
d1-005,8,post,5,833.0228003904549,310,4082.1309874098642,-3048.7828893684464,60,475,second
d1-005,8,pre,2,851.4562601046982,395,3601.198823951908,-2838.500029423185,80,570,pre
d1-005,9,post,5,909.9423842354548,355,3561.043070875452,-2979.00991411631,240,590,second
d1-005,9,pre,2,859.3096599559875,320,3605.398098337503,-3284.580307938427,110,685,pre
d1-005,10,post,5,844.9597030099515,315,3014.498747424372,-3419.7331190407263,145,545,second
d1-005,10,pre,2,834.8304366839277,335,4100.707512753747,-3027.2508760525934,85,520,pre
d1-005,11,post,5,816.3737764452987,380,2771.9376836400097,-3595.649021541829,50,535,second
d1-005,11,pre,2,846.2044755757415,365,3730.001466364524,-2571.6052897072427,65,740,pre
d1-005,12,post,5,835.3267879580335,340,3315.210943009406,-2577.297417915554,55,585,second
d1-005,12,pre,2,873.7313248028026,375,3717.283641475822,-2728.4130017176685,115,520,pre
d1-005,13,post,5,1076.6162533237648,295,4592.08421856167,-3233.9553107666025,125,420,second
d1-005,13,pre,2,832.4371289732958,305,3691.312462250482,-2611.6140461030154,50,555,pre
d1-005,14,post,5,847.4092868473581,325,3262.0404561369223,-2756.6610429193724,170,480,second
d1-005,14,pre,2,877.2420130409666,355,5635.627030765036,-2827.869140778253,75,560,pre
d1-005,15,post,5,910.5194945769869,410,3597.6379446181154,-2753.1415878316284,205,590,second
d1-005,15,pre,2,972.3596772173162,305,3647.444430128326,-3267.9195216914436,60,475,pre
d1-005,16,post,5,808.7145085845164,370,3847.8149729055704,-2493.0848458112446,50,580,second
d1-005,16,pre,2,977.1457093112044,305,4472.384467837689,-3360.2934395722928,160,415,pre
d1-005,17,post,5,1005.0732738903843,300,4131.055529148083,-4716.4405756063425,55,415,second
d1-005,17,pre,2,910.3815351820767,290,4392.593810672881,-2452.314294351333,85,500,pre
d1-005,18,post,5,945.1700741360751,470,3225.9858339717707,-3142.150594765906,385,670,second
d1-005,18,pre,2,1054.5861765659306,270,5660.163724693235,-3647.015159639629,115,415,pre
d1-006,1,post,4,935.8688768519135,270,4916.488297051985,-3368.0323311164175,120,375,first
d1-006,1,pre,2,752.1130853798684,315,3380.1820009045073,-2293.1610775755667,110,485,pre
d1-006,2,post,4,1014.0872509187112,320,4669.554782335605,-3198.2268062708426,75,395,first
d1-006,2,pre,2,567.7253817270287,305,2583.05278006214,-2717.121105547135,55,505,pre
d1-006,3,post,4,934.3006572026396,305,4672.250129689781,-3596.3371736508084,65,470,first
d1-006,3,pre,2,476.7925967992743,655,1024.2243789137492,-989.160217057816,340,770,pre
d1-006,4,post,4,814.6419679401258,280,4135.702395737977,-2027.9435541670448,60,480,first
d1-006,4,pre,2,485.5383278134193,805,1504.9305042029737,-1601.3919340239213,725,945,pre
d1-006,5,post,4,971.3569470672298,305,4783.3896683896055,-3008.3923154781114,110,450,first
d1-006,5,pre,2,885.6106938301488,355,3110.526618201935,-2904.394322825661,155,500,pre
d1-006,6,post,4,861.1236798107752,355,3591.3813946511095,-3103.9515870756286,65,525,first
d1-006,6,pre,2,903.3586325320651,295,3757.1582214502164,-3105.87148831096,70,400,pre
d1-006,7,post,4,954.915589294769,455,3993.9727506844233,-3127.193897545162,55,580,first
d1-006,7,pre,2,874.1949504791503,198,3520.3974127812135,-2293.552206082536,113,618,pre
d1-006,8,post,4,943.4641731710657,370,3899.9373125349616,-3235.5389595509305,225,610,first
d1-006,8,pre,2,643.8331438770401,520,3565.515589387106,-1969.604564037771,160,660,pre
d1-006,9,post,4,970.3449536594223,335,4103.023183542233,-3024.9318832813888,130,380,first
d1-006,9,pre,2,617.5707222738042,530,1683.4103195427388,-1344.7607796845118,75,715,pre
d1-006,10,post,4,868.4243052263579,415,3174.8054378800016,-2438.1947070534015,185,545,first
d1-006,10,pre,2,989.3107687759741,570,5262.659560218119,-3780.4453396309054,505,740,pre
d1-006,11,post,4,893.0185349244725,340,3356.6436512490645,-3930.9654910229992,190,790,first
d1-006,11,pre,2,826.3695792740959,395,4542.518468474413,-2014.0349326241294,95,490,pre
d1-006,12,post,4,830.1596690504429,350,2836.38208127511,-2423.620886980619,285,555,first
d1-006,12,pre,2,880.00091613731,365,3106.079020222583,-3190.456915189682,65,505,pre
d1-006,13,post,4,759.4720424097279,355,4497.1818043359435,-2151.5386363241173,55,560,first
d1-006,13,pre,2,959.4047883082991,330,3899.0565142829414,-2930.7427350123444,100,455,pre
d1-006,14,post,4,822.8364725248865,310,3614.3312440188442,-3119.2252389921327,125,475,first
d1-006,14,pre,2,1001.1594777440889,430,3354.4725329155135,-3553.1086915781243,45,580,pre
d1-006,15,post,4,1071.6565835541305,525,6976.427123283664,-3395.2763149945504,460,635,first
d1-006,15,pre,2,834.3648802190116,345,3230.0886916823506,-2327.2017685702417,65,580,pre
d1-006,16,post,4,911.1798789627828,455,3457.1236232062583,-2920.657434699771,255,660,first
d1-006,16,pre,2,851.4195261860946,320,3557.658218360059,-2327.3105285758747,105,500,pre
d1-006,17,post,4,836.2347087616852,315,3184.3914797253656,-2453.7694935374093,75,775,first
d1-006,17,pre,2,862.0249270830743,300,3864.22676025045,-2722.583647164808,50,425,pre
d1-006,18,post,4,838.5263984125261,345,3031.033209708621,-2502.6427518215223,160,555,first
d1-006,18,pre,2,875.5748010271537,355,3912.1727970743673,-2527.137487895896,240,635,pre
d1-007,1,post,5,1176.8022600699046,275,5801.094152542957,-4587.779450649888,70,575,second
d1-007,1,pre,2,1068.0897535726644,330,4547.8775395733255,-3042.069206544603,95,530,pre
d1-007,2,post,5,1097.6131536899447,280,6336.0442060869345,-3648.3896051450547,80,445,second
d1-007,2,pre,2,1031.4309579954463,240,6669.580234845545,-4047.051686270021,100,370,pre
d1-007,3,post,5,1237.754098855528,240,7240.176016662799,-4152.958866609046,95,435,second
d1-007,3,pre,2,1044.6903735796723,275,6496.901566267913,-4225.351474058835,120,445,pre
d1-007,4,post,5,1292.468132406703,240,8200.228878338956,-4498.926732624301,90,445,second
d1-007,4,pre,2,1173.974253345492,240,7626.638827930253,-5102.289621815713,140,415,pre
d1-007,5,post,5,1341.3450471647016,245,8866.389744905808,-5212.681342610007,95,350,second
d1-007,5,pre,2,1200.636704565589,270,6178.797274137449,-4232.984760182171,85,440,pre
d1-007,6,post,5,1237.4246599987605,290,9536.4135321377,-5086.997666912186,85,450,second
d1-007,6,pre,2,1233.7461618066418,270,6734.794481874442,-5021.178420720311,145,430,pre
d1-007,7,post,5,1292.3214390923135,300,7713.79690770431,-5375.173464008782,85,420,second
d1-007,7,pre,2,1257.122728880648,225,8709.563619909957,-4697.41940479132,100,350,pre
d1-007,8,post,5,1227.3444834538966,290,8435.854084748924,-5476.583600967319,80,425,second
d1-007,8,pre,2,1193.3709187618795,250,7905.03136318189,-4694.981574934456,75,395,pre
d1-007,9,post,5,1304.7633763188464,295,6744.763141197747,-4779.674482941699,90,395,second
d1-007,9,pre,2,1262.8661892447176,255,7661.413074222832,-4705.264651361265,100,405,pre
d1-007,10,post,5,1266.9059560698652,265,7668.96294088612,-4855.028489838789,85,355,second
d1-007,10,pre,2,1301.4618706987367,245,8865.42034890909,-5073.864268143368,105,345,pre
d1-007,11,post,5,1288.0699654669497,350,11031.283505547042,-6332.070923277579,85,445,second
d1-007,11,pre,2,1254.6694846206733,445,7175.264847886491,-4843.235472853014,320,605,pre
d1-007,12,post,5,1416.0400290926632,285,7963.434101205714,-5116.374068233317,100,455,second
d1-007,12,pre,2,1224.4717509044806,245,7580.079311496476,-5338.8239266387845,85,420,pre
d1-007,13,post,5,1323.6309663537013,265,7811.4151092214515,-6316.475029360636,85,445,second
d1-007,13,pre,2,1253.4887606161722,285,7172.79633055055,-5355.183492980483,105,395,pre
d1-007,14,post,5,1323.9289232907815,265,7265.879259312604,-5288.112632061439,80,405,second
d1-007,14,pre,2,1212.4024457567307,400,5351.551086389221,-5451.2912295851365,195,525,pre
d1-007,15,post,5,1374.7240432998797,225,8965.692168055504,-5273.2402058259395,95,385,second
d1-007,15,pre,2,1299.093792897555,300,7423.627028822753,-4942.727794296198,155,415,pre
d1-007,16,post,5,1432.4927594890896,230,9131.90278484676,-5228.999430048534,120,365,second
d1-007,16,pre,2,1252.793593446618,275,7235.315144522734,-5146.102525148173,95,395,pre
d1-007,17,post,5,1344.8694606668714,285,7035.351664158879,-5778.50270195117,90,370,second
d1-007,17,pre,2,1277.4585307130883,300,6279.153495505185,-4225.41818823527,155,455,pre
d1-007,18,post,5,1501.1909931789567,255,7959.889305013484,-6231.929818357168,105,355,second
d1-007,18,pre,2,1250.9097350586608,315,6369.944466554218,-5174.099558139685,170,415,pre
d1-008,1,post,5,732.4680117016571,345,3369.5976219396857,-1638.5501208191195,115,445,second
d1-008,1,pre,2,642.8937227373866,250,3359.392803996169,-2667.3789747464584,95,620,pre
d1-008,2,post,5,609.6437012192739,395,3290.2133499296933,-1235.201979253232,75,675,second
d1-008,2,pre,2,873.6068596237492,335,3995.6382983456892,-2465.696860911371,55,530,pre
d1-008,3,post,5,611.6897620887548,400,2289.419275701058,-1440.4143997435788,5,590,second
d1-008,3,pre,2,847.7483273390478,360,5158.878711191219,-2449.204289945251,65,495,pre
d1-008,4,post,5,610.664007991673,450,1647.5097544018142,-1472.5243523499594,295,840,second
d1-008,4,pre,2,925.5564565249907,355,3879.7511525706786,-3416.0076371640484,185,555,pre
d1-008,5,post,5,674.8167864135671,445,2425.5995289786406,-1856.847024129259,135,595,second
d1-008,5,pre,2,944.702882094359,360,3711.561362050823,-2948.623987513368,145,490,pre
d1-008,6,post,5,716.1444948013659,390,2962.9674359319433,-1957.2539815927132,100,580,second
d1-008,6,pre,2,876.0597633926025,370,4097.801178962347,-2502.425603413227,65,490,pre
d1-008,7,post,5,695.3847748364802,370,2717.5025444023895,-1452.1373510712415,170,610,second
d1-008,7,pre,2,802.9795040347343,335,5457.56781374293,-2126.260002172772,85,490,pre
d1-008,8,post,5,670.7133578393612,431,2351.6447724979494,-2075.334672913099,156,711,second
d1-008,8,pre,2,842.8938812903045,445,2550.5817424100724,-2962.163495063664,40,630,pre
d1-008,9,post,5,675.1418247356385,445,2745.352352250972,-1690.5409587252475,55,615,second
d1-008,9,pre,2,796.0319344225443,410,4045.8550056903737,-2846.456609150225,85,580,pre
d1-008,10,post,5,716.3131679434564,445,2206.1738682329396,-2010.5375857698411,165,675,second
d1-008,10,pre,2,838.7578135918556,355,3025.323078729104,-2655.254735195952,170,590,pre
d1-008,11,post,5,632.1963453770791,365,2555.5062681125137,-1589.0988188109109,145,665,second
d1-008,11,pre,2,879.7306914576483,380,3954.393321423867,-3173.5180313577303,85,495,pre
d1-008,12,post,5,517.8092895274098,925,3126.8548948635134,-1521.3630823371634,705,1085,second
d1-008,12,pre,2,823.3696397312032,365,3661.8939920509147,-2639.2385890226224,130,505,pre
d1-008,13,post,5,721.5515489721918,360,2798.0874756323738,-1938.5561295466264,115,560,second
d1-008,13,pre,2,853.9552146324887,450,2989.243829397426,-3189.6172264431702,60,510,pre
d1-008,14,post,5,655.115773539002,450,2468.297553427274,-1785.0210213578564,195,765,second
d1-008,14,pre,2,780.7461012932606,390,3252.0330229074666,-2448.882681013858,60,575,pre
d1-008,15,post,5,700.0376465183708,410,2456.5784139215784,-1600.7493836812498,175,705,second
d1-008,15,pre,2,876.7197500896672,345,3981.6360031967956,-2996.5320978822374,65,550,pre
d1-008,16,post,5,612.3233767160887,515,2051.1032478935567,-1656.4220451603867,135,645,second
d1-008,16,pre,2,980.1518857097807,390,4158.3791340396565,-3627.9596698316136,55,540,pre
d1-008,17,post,5,663.0429972165584,370,3402.4662245867466,-1751.6799727768446,65,635,second
d1-008,17,pre,2,851.2169699373189,370,3157.9175535459644,-2962.8659562253342,60,590,pre
d1-008,18,post,5,608.7789268435288,565,2051.1603249563086,-1374.9985716803926,165,830,second
d1-008,18,pre,2,935.0741820005251,355,3815.775401490986,-3280.1408523538216,55,525,pre
d1-009,1,post,4,762.6959271660276,275,3264.8864767897467,-2141.138781707096,65,560,first
d1-009,1,pre,1,950.1812739612193,320,3764.4554413887913,-3545.8567313790236,200,465,pre
d1-009,2,post,4,948.3382951331234,286,4711.267227578916,-4149.724610510415,161,406,first
d1-009,2,pre,1,1010.7799075557218,335,5059.336201928614,-5480.551345418324,135,590,pre
d1-009,3,post,4,855.1256723725792,390,3122.1489070226116,-4264.76955121634,65,660,first
d1-009,3,pre,1,1034.7946544879644,320,5479.590522745614,-4580.605273269983,195,615,pre
d1-009,4,post,4,873.7263625861574,325,4520.555900687063,-2697.384901544933,145,490,first
d1-009,4,pre,1,1102.8375081055292,260,6747.559501273252,-3773.9168962396816,95,555,pre
d1-009,5,post,4,922.0657528172862,310,4417.894513003195,-2518.8941840652187,135,620,first
d1-009,5,pre,1,1090.5961939026688,300,5824.479342261171,-3812.0548908205487,140,515,pre
d1-009,6,post,4,801.8842319408569,493,2225.3032509245195,-2453.0251485479016,413,768,first
d1-009,6,pre,1,1368.2142902446762,275,8214.041620616375,-5488.953746462539,160,365,pre
d1-009,7,post,4,890.3199252040728,380,4330.611021012786,-2742.8529863800986,85,540,first
d1-009,7,pre,1,1205.6198109338047,290,5190.190690332893,-5284.807228772062,105,390,pre
d1-009,8,post,4,1050.304959272147,285,5495.247282227544,-3263.6505031792385,115,400,first
d1-009,8,pre,1,1158.19412046387,260,6142.744901762342,-4617.96785123436,90,370,pre
d1-009,9,post,4,1141.0882492229248,250,6816.820336822389,-4497.9047104924375,125,365,first
d1-009,9,pre,1,1182.8694529587424,240,7842.409266649521,-4751.005765952514,100,390,pre
d1-009,10,post,4,988.3756492071723,300,5544.485830574538,-3434.5156078378177,145,560,first
d1-009,10,pre,1,1272.3760071243062,580,6671.819813595781,-4814.212756025647,520,700,pre
d1-009,11,post,4,1008.6341775823498,285,5463.500641017776,-4256.284326612875,140,455,first
d1-009,11,pre,1,1261.345632491319,255,7161.9730900184,-4732.244174268736,120,405,pre
d1-009,12,post,4,983.2203955268857,265,5959.107515892786,-3371.8762725252686,115,585,first
d1-009,12,pre,1,1175.7028633465056,280,7639.105722974143,-4937.8055458551025,130,420,pre
d1-009,13,post,4,1043.6873684520363,240,6733.266877026004,-4043.3679995767084,115,395,first
d1-009,13,pre,1,1183.1324866211628,315,7423.733979078479,-5453.448827288694,215,460,pre
d1-009,14,post,4,1206.0363856245258,225,7851.320426001131,-3968.083883768215,125,345,first
d1-009,14,pre,1,1240.2947604828485,280,7959.380605498858,-5547.209612117407,130,395,pre
d1-009,15,post,4,1062.5311696242488,245,6755.804295227025,-3372.1716464126316,135,445,first
d1-009,15,pre,1,1189.710558593536,280,6491.3805083194275,-4544.942120217883,110,400,pre
d1-009,16,post,4,1033.5435129091875,285,4880.936709635766,-2620.3325515628703,150,470,first
d1-009,16,pre,1,1197.9127916058906,435,5863.434560261885,-4954.469528128447,280,520,pre
d1-009,17,post,4,807.1015825147451,295,3968.701884756941,-2115.3183860743093,80,415,first
d1-009,17,pre,1,1065.7953835093977,255,6033.761714935296,-3811.4005191801452,95,420,pre
d1-009,18,post,4,650.4862788484045,280,3534.1519131223376,-1561.1973119758768,70,640,first
d1-009,18,pre,1,1125.52766570238,355,5690.966220307962,-4081.8156079289274,170,475,pre
d1-010,1,post,5,657.9486269001465,325,2739.6859759247136,-1763.7980752637984,60,535,second
d1-010,1,pre,2,464.329984564366,490,1532.0697939689103,-1043.608764847556,160,680,pre
d1-010,2,post,5,842.3140903899573,255,4738.750489065878,-2364.7737192555073,105,480,second
d1-010,2,pre,2,786.9926991678374,415,2967.30248287023,-2420.345948134088,175,695,pre
d1-010,3,post,5,920.2570995579798,320,4763.858857623464,-3344.4062477469233,120,435,second
d1-010,3,pre,2,687.1887164780892,380,2752.4685501281497,-1898.6336559516594,135,795,pre
d1-010,4,post,5,909.8094327347214,315,4782.174852320792,-2923.856904229057,105,420,second
d1-010,4,pre,2,551.8027270796182,435,2277.87729907793,-1734.932138405889,230,775,pre
d1-010,5,post,5,825.9512458937397,290,4217.1497278928455,-1973.9778982934647,85,395,second
d1-010,5,pre,2,595.7803690040461,455,2606.5517944507196,-1124.469639571335,165,1000,pre
d1-010,6,post,5,815.2984215593088,300,4056.1569114542835,-2204.19087445488,105,490,second
d1-010,6,pre,2,771.5439264039426,390,3550.258738745828,-2423.7342973226596,185,595,pre
d1-010,7,post,5,871.7906306845566,300,4191.135366914052,-3203.0426412233405,95,540,second
d1-010,7,pre,2,729.9335590486785,375,2989.5819539863733,-2426.8969271975116,130,780,pre
d1-010,8,post,5,895.9242587325605,290,4644.903475505176,-2961.131470162819,95,475,second
d1-010,8,pre,2,699.4011762732064,300,2963.2554054286284,-2571.1844517711206,95,810,pre
d1-010,9,post,5,612.00736637513,570,2289.5663068438334,-1355.378477851733,295,800,second
d1-010,9,pre,2,774.990473256346,345,3769.916200701908,-2152.577302642981,130,595,pre
d1-010,10,post,5,786.6466645384313,315,3286.3973249539395,-2617.604308515666,90,480,second
d1-010,10,pre,2,821.6904920003872,305,3380.2926967305993,-2657.0687775595757,120,480,pre
d1-010,11,post,5,786.6185041829897,535,3431.285768884727,-2875.1126578268036,240,805,second
d1-010,11,pre,2,798.1957284980934,310,4416.279266561201,-1903.9075068664622,120,520,pre
d1-010,12,post,5,837.3125511635479,330,3273.689389970569,-2800.8123578584928,95,500,second
d1-010,12,pre,2,845.9137808632012,305,4232.658056742561,-2539.222073232735,160,520,pre
d1-010,13,post,5,904.9031916490854,285,4569.67174712383,-2473.11504409575,100,475,second
d1-010,13,pre,2,879.4380556399968,320,3982.988665981271,-2833.061364232404,80,485,pre
d1-010,14,post,5,830.3571648111844,265,3930.1102021066545,-2721.1350289517777,110,510,second
d1-010,14,pre,2,862.4292115911767,325,3763.0986051616023,-2405.3220892729496,175,455,pre
d1-010,15,post,5,824.1379183909713,310,3838.2775736882136,-3047.524850896615,80,515,second
d1-010,15,pre,2,885.37897113242,340,3667.2357218709067,-2766.789964124964,115,465,pre
d1-010,16,post,5,840.7007202714512,335,3738.345770620137,-2594.528959596641,115,640,second
d1-010,16,pre,2,862.630427687802,380,4227.287524749202,-2714.729162912068,135,495,pre
d1-010,17,post,5,861.01921676664,320,3720.1290765931244,-3093.4333232947965,100,535,second
d1-010,17,pre,2,932.5498253758875,470,4330.023328849837,-3507.4887196315476,300,645,pre
d1-010,18,post,5,854.7087337335822,335,3885.259111930469,-3161.975837195372,95,515,second
d1-010,18,pre,2,1041.8424303604056,330,6224.3337082463195,-4369.99840277731,165,475,pre
d1-011,1,post,5,981.5617869377776,245,5619.782187149837,-3908.4542363198984,85,535,second
d1-011,1,pre,1,931.0502226145227,555,3575.67940335233,-2781.2960688078815,375,755,pre
d1-011,2,post,5,969.9560496745953,255,5143.062361061968,-2898.7969043659887,120,450,second
d1-011,2,pre,1,1012.3147691947906,260,4755.850893998342,-4567.519133326347,110,530,pre
d1-011,3,post,5,1082.6842036481112,245,6868.139449476474,-3703.7125564221906,90,305,second
d1-011,3,pre,1,1088.7860848815826,340,5373.9586387735735,-3637.4681928819155,195,450,pre
d1-011,4,post,5,956.4736824260227,235,5916.6108248327255,-3051.22167147777,100,350,second
d1-011,4,pre,1,1215.1750905789795,250,7773.3819248386135,-4497.443422924125,105,355,pre
d1-011,5,post,5,997.3967793801115,275,5863.687548494063,-3275.031679146733,105,375,second
d1-011,5,pre,1,1058.4359810697283,245,6206.240073572439,-3066.695710440653,80,380,pre
d1-011,6,post,5,1117.433009801439,300,7047.773253034542,-4176.757407046689,110,380,second
d1-011,6,pre,1,1064.934710420471,255,6781.742950552049,-3745.8042420741335,80,570,pre
d1-011,7,post,5,1021.734252432988,250,5496.140360161539,-3563.3199110076116,105,375,second
d1-011,7,pre,1,1167.9381958181707,280,6696.434136446891,-4476.4186886602565,85,415,pre
d1-011,8,post,5,1042.7242143881736,240,6051.604023960897,-3274.445960660311,85,355,second
d1-011,8,pre,1,1135.880748402408,260,6843.457840453022,-4610.867766698426,120,410,pre
d1-011,9,post,5,997.2116819212065,255,5598.012403857774,-3488.0723447562314,80,385,second
d1-011,9,pre,1,723.2215033431769,230,4126.042938618652,-2808.1424170476707,75,365,pre
d1-011,10,post,5,847.487588776389,270,4098.391105309931,-2283.7425522518606,80,395,second
d1-011,10,pre,1,832.6354113956551,270,3685.960676790147,-2278.826941462382,80,460,pre
d1-011,11,post,5,1043.0060132011458,270,5441.884315656091,-3745.1882597014815,100,430,second
d1-011,11,pre,1,869.1551556472657,250,4821.942174321404,-2594.003368392386,95,385,pre
d1-011,12,post,5,1112.7592298617226,245,7039.8598967666085,-3925.320239503634,100,365,second
d1-011,12,pre,1,1050.9780528897645,285,6044.21631476274,-4188.257431580656,80,390,pre
d1-011,13,post,5,957.7240996342385,295,4267.108248977,-2967.8901079019997,140,445,second
d1-011,13,pre,1,881.4520725262707,280,3783.837377647679,-2394.3037899310484,60,510,pre
d1-011,14,post,5,1086.5730542326828,270,5893.4027541383675,-3922.259780198001,90,355,second
d1-011,14,pre,1,953.6755341316488,395,4360.299922129222,-2829.365748428225,205,590,pre
d1-011,15,post,5,1112.3215020375726,260,5738.517806031228,-3676.8283551918225,70,385,second
d1-011,15,pre,1,936.6282248249388,335,4328.295094069176,-2907.8637514340508,70,470,pre
d1-011,16,post,5,1011.1851084967626,230,5464.269757964937,-2793.425323266787,85,355,second
d1-011,16,pre,1,962.1169349128095,310,4070.1289924388607,-2960.122887850034,120,405,pre
d1-011,17,post,5,903.4335997973571,440,4518.149631489204,-2976.676247417411,265,625,second
d1-011,17,pre,1,958.6773986724671,315,4885.838392155753,-2818.62082725599,100,400,pre
d1-011,18,post,5,977.0931180109045,250,4645.994028320661,-2564.840216859069,115,405,second
d1-011,18,pre,1,1013.3810988176438,255,5043.915062697182,-3440.23049581096,105,405,pre
d1-012,1,post,4,863.4643605671213,505,3102.382595436212,-3446.096723995828,370,910,first
d1-012,1,pre,2,737.7624860174902,265,3009.8646359924164,-2094.169977623811,75,725,pre
d1-012,2,post,4,948.3411622812623,355,3844.398877950184,-3228.6383099285795,165,480,first
d1-012,2,pre,2,864.0855915996613,285,3576.9334819811434,-2501.5212053956698,135,530,pre
d1-012,3,post,4,922.174750552993,290,4268.86519285885,-3005.6807247500865,75,430,first
d1-012,3,pre,2,968.1005173098097,350,4058.7499645767875,-2827.070919810315,165,520,pre
d1-012,4,post,4,1030.8322885583875,305,4504.213064100646,-3238.52985825392,70,460,first
d1-012,4,pre,2,922.8637308777197,350,3643.6226212938573,-2764.1308420308187,210,470,pre
d1-012,5,post,4,923.7222841969935,300,4821.256778652085,-2667.28141833928,90,550,first
d1-012,5,pre,2,1039.186512780066,310,4233.521501370953,-3793.7973117312063,190,490,pre
d1-012,6,post,4,996.5087329722699,345,4639.753448504234,-3876.3157089446345,125,470,first
d1-012,6,pre,2,987.5087458355708,295,5234.398333752605,-3913.6556582392604,95,455,pre
d1-012,7,post,4,986.3530533008737,295,4728.495830310843,-3312.5444340922672,120,490,first
d1-012,7,pre,2,969.3582428447148,345,4204.223495332084,-3328.073164026042,100,475,pre
d1-012,8,post,4,1093.0893259159695,335,4666.738708621175,-3827.094961718528,70,430,first
d1-012,8,pre,2,1022.9466789871788,340,4320.744118056569,-3609.833430060284,150,470,pre
d1-012,9,post,4,997.4280896882586,350,4603.10572820618,-4109.325761838163,100,470,first
d1-012,9,pre,2,980.4749317608735,290,5887.805291623496,-3014.5121489419525,90,515,pre
d1-012,10,post,4,977.1538137813556,350,4611.520508663148,-3292.523635128786,160,590,first
d1-012,10,pre,2,974.8611375609897,305,4310.395694159328,-3294.9353104407146,140,575,pre
d1-012,11,post,4,1095.8804982225536,265,6153.038007273603,-3753.083339961078,105,465,first
d1-012,11,pre,2,1009.6785284767136,365,4271.307962567274,-3430.5410084473324,175,575,pre
d1-012,12,post,4,999.8648720204459,290,5110.263064558185,-3840.577327714394,105,475,first
d1-012,12,pre,2,1029.1270583606602,320,5320.039390722637,-3800.0405426919865,70,490,pre
d1-012,13,post,4,1067.2155259459958,265,5139.207466193496,-4026.699903927383,120,460,first
d1-012,13,pre,2,1028.7067885988602,335,4336.303993570652,-4011.6671367438166,230,525,pre
d1-012,14,post,4,966.1357041745771,315,4635.4455689116685,-4216.592096196044,145,540,first
d1-012,14,pre,2,1079.6823630923607,355,5120.37956494372,-3706.3244818499134,140,465,pre
d1-012,15,post,4,990.3583208283036,255,5610.358112967126,-4047.883579806202,105,510,first
d1-012,15,pre,2,1036.8427187430427,305,4087.268637779164,-3468.6618871785327,85,440,pre
d1-012,16,post,4,1065.3179639723644,390,5365.325934568184,-3787.1182834994206,135,465,first
d1-012,16,pre,2,990.5736009275738,330,4602.888295661251,-4321.16280341521,135,500,pre
d1-012,17,post,4,1108.5442178034036,315,5461.675345454433,-5325.71330547962,110,485,first
d1-012,17,pre,2,1023.1499275854752,420,5315.823172120084,-3875.416133279684,230,605,pre
d1-012,18,post,4,1110.650274172417,255,6232.1999122940015,-5176.8933115812615,110,465,first
d1-012,18,pre,2,985.6704144953953,300,4496.849999490669,-3326.745427438568,150,510,pre
d1-013,1,post,5,833.9891140380864,355,4728.976963292276,-2105.7511356057053,100,505,second
d1-013,1,pre,1,723.0414622974006,330,4243.819043418207,-1393.7671045954135,115,470,pre
d1-013,2,post,5,877.0026515819061,295,3577.3779322076166,-3751.95589817425,55,440,second
d1-013,2,pre,1,571.3068008484092,525,4658.3674183752155,-2714.092774122477,50,865,pre
d1-013,3,post,5,840.6516691227398,375,3549.9473727775635,-3474.038177493472,90,550,second
d1-013,3,pre,1,697.0372585278155,440,3994.619990979254,-1873.0567979927957,55,645,pre
d1-013,4,post,5,946.0215884374956,305,4728.976963292276,-3233.99402649198,100,530,second
d1-013,4,pre,1,858.7013861047096,300,5173.870118191421,-3471.624308958252,90,545,pre
d1-013,5,post,5,810.2051354415596,410,3554.6181993597393,-2577.05486735717,105,570,second
d1-013,5,pre,1,733.5908837602518,360,3418.1829220891636,-2321.1169417053775,60,595,pre
d1-013,6,post,5,822.1982815387407,410,2860.54962211803,-2667.182007022193,65,565,second
d1-013,6,pre,1,829.7844213276037,315,3978.585009275447,-2563.77837159682,130,495,pre
d1-013,7,post,5,779.4001193658297,365,4006.8080226330976,-2429.022490779951,85,520,second
d1-013,7,pre,1,962.8452791166219,275,3800.151856049525,-4612.177353372099,60,300,pre
d1-013,8,post,5,872.0147561205706,355,3563.8451973148904,-3197.164097832254,115,535,second
d1-013,8,pre,1,789.0982134871398,355,4759.417119030889,-2408.1147506138605,70,590,pre
d1-013,9,post,5,807.385861353376,315,4930.857075275609,-2161.084610888542,70,555,second
d1-013,9,pre,1,912.9029309015815,275,5103.186637691939,-2195.478301417531,75,520,pre
d1-013,10,post,5,848.9157029044472,345,3864.330997654948,-2641.735358504094,130,560,second
d1-013,10,pre,1,858.6377302376894,290,4431.166865195733,-2679.1998174676114,65,515,pre
d1-013,11,post,5,891.0793056098271,350,4215.673447677884,-3191.2226656983466,75,575,second
d1-013,11,pre,1,888.8717214868938,275,4174.411803817924,-2571.3766871616517,90,460,pre
d1-013,12,post,5,885.2924650395096,335,3736.9390029266588,-3058.9835961942385,70,560,second
d1-013,12,pre,1,823.2382317294979,355,3502.3312058388515,-2358.5740845552164,155,565,pre
d1-013,13,post,5,877.7534099182785,375,3666.678337848083,-3022.4008311406874,70,535,second
d1-013,13,pre,1,1029.087530390294,275,6506.828642782702,-2871.7865811657766,70,470,pre
d1-013,14,post,5,918.6972308332039,270,5282.299844977564,-3338.033043826539,95,480,second
d1-013,14,pre,1,998.0500456800708,290,4128.700230958142,-3638.5737919326803,70,310,pre
d1-013,15,post,5,953.423626743081,385,4444.854522169913,-3258.3880838023188,115,540,second
d1-013,15,pre,1,975.7846361169723,330,4808.317935300645,-3295.0186864615043,75,575,pre
d1-013,16,post,5,811.922168432437,365,3484.1947609068184,-2519.8480806511398,100,595,second
d1-013,16,pre,1,959.7439346318167,295,4731.729837872184,-3327.7656672131216,125,485,pre
d1-013,17,post,5,877.0032900257119,320,4512.878948675063,-3256.0248580733632,85,540,second
d1-013,17,pre,1,910.2958320590819,305,4701.517613770487,-2747.3860076170504,155,480,pre
d1-013,18,post,5,901.2086891488566,380,3287.9414182418177,-2915.643748880569,150,560,second
d1-013,18,pre,1,987.2323218196984,315,5408.06707497864,-3260.9141797016173,95,480,pre
d1-014,1,post,4,898.9829291152616,400,4021.9698407055444,-3115.921102239388,130,540,first
d1-014,1,pre,1,724.8526015855871,550,2955.453292464406,-2097.030299406516,295,890,pre
d1-014,2,post,4,1149.3634688370223,420,6058.922643484502,-3762.662975367232,80,510,first
d1-014,2,pre,1,1117.8248958200716,295,5252.476048391274,-3373.9215505203897,65,390,pre
d1-014,3,post,4,866.2499135974688,320,4065.1747082626835,-3024.9546058550163,75,570,first
d1-014,3,pre,1,1059.242253352121,315,4387.172992293901,-3829.778314968732,130,490,pre
d1-014,4,post,4,880.990603986128,455,3165.084858298314,-2758.5624193319245,205,605,first
d1-014,4,pre,1,1103.5444513227171,315,5729.006932398265,-3929.881316873029,150,494.26,pre
d1-014,5,post,4,1005.2685302036922,330,4759.468117023338,-3530.2989344075695,115,455,first
d1-014,5,pre,1,1109.35437041336,315,4589.819260219509,-4427.866049540223,155,450,pre
d1-014,6,post,4,948.0040922501181,460,4074.624352132451,-3095.356528009975,110,580,first
d1-014,6,pre,1,1046.1957347347086,320,4246.048394141984,-4710.972760486391,200,440,pre
d1-014,7,post,4,1076.990935137907,325,5183.742286876501,-3973.3696132618093,150,490,first
d1-014,7,pre,1,1094.3202715175162,310,4793.689393733275,-4283.616686205637,180,460,pre
d1-014,8,post,4,987.9036078002434,315,5210.50390332301,-3127.9732815250172,120,470,first
d1-014,8,pre,1,887.1480353485476,415,3896.0326821398285,-2748.9073672314544,255,570,pre
d1-014,9,post,4,781.8052655976338,445,2266.706775121067,-2743.934926192992,180,620,first
d1-014,9,pre,1,1025.5612228551395,330,4070.534872520003,-3280.0822290278293,85,480,pre
d1-014,10,post,4,1030.0005597380537,375,4730.9771118393755,-4707.16594112888,150,500,first
d1-014,10,pre,1,981.5949004814732,365,4148.561661313261,-2565.974179537353,220,540,pre
d1-014,11,post,4,1001.02048180206,345,5403.697368117154,-3940.3003191741964,135,500,first
d1-014,11,pre,1,1018.3420594005464,475,3881.467117578877,-3374.551785286326,240,575,pre
d1-014,12,post,4,947.8400584137597,320,5143.427620539976,-3284.518647924817,90,495,first
d1-014,12,pre,1,1001.6634159771027,355,14331.898467280167,-3262.725680695059,105,540,pre
d1-014,13,post,4,999.6101711741674,430,4033.6014421717364,-4315.154882499386,235,565,first
d1-014,13,pre,1,1109.9031992116575,340,5470.0693115675895,-4346.247604972574,70,480,pre
d1-014,14,post,4,980.573435291262,355,4530.701626796923,-3955.3820600449653,135,555,first
d1-014,14,pre,1,948.0274080272188,320,5412.21299245498,-3173.9859005435655,70,490,pre
d1-014,15,post,4,980.2994911143455,395,3671.5897536390503,-3777.9498222981983,185,565,first
d1-014,15,pre,1,1062.75485277885,440,4683.043620364646,-7864.5852527182415,65,810,pre
d1-014,16,post,4,938.9190404165186,350,4486.290189845639,-3408.7409603545675,80,470,first
d1-014,16,pre,1,1189.7475228415983,400,5248.290974981836,-4278.465519970138,80,520,pre
d1-014,17,post,4,908.2753742871382,410,4036.6253179995665,-3155.1732668075597,65,560,first
d1-014,17,pre,1,1236.2220459049395,340,6943.55087375812,-4845.425405397862,75,490,pre
d1-014,18,post,4,902.6766158212674,445,4151.18303590645,-2954.2914715645634,205,570,first
d1-014,18,pre,1,1169.0928612449604,360,5859.217402330965,-4422.927453141034,80,520,pre
d1-015,1,post,4,455.344307030722,495,2207.1286401466923,-945.1630919586026,180,750,first
d1-015,1,pre,1,445.270438742634,855,1012.0622591813425,-1081.3452848888319,665,1260,pre
d1-015,2,post,4,539.2453217648667,430,1624.9899552609795,-1187.1431110301473,265,715,first
d1-015,2,pre,1,426.6066818951449,995,1546.1155912818663,-990.648597523809,870,1495,pre
d1-015,3,post,4,617.0352010000231,240,3388.1527587267346,-1611.3470476860584,75,540,first
d1-015,3,pre,1,562.5018041015051,445,2693.547451186664,-1500.9219132762314,120,855,pre
d1-015,4,post,4,550.3939314992131,590,2153.870060363559,-1307.884858029118,360,890,first
d1-015,4,pre,1,592.8950718529295,350,2394.2374593002105,-1795.9860296445395,80,1255,pre
d1-015,5,post,4,601.2537069478287,460,2459.718428610118,-1507.3510266172696,240,695,first
d1-015,5,pre,1,556.4651386193564,540,1900.5443162567944,-1480.676662718185,235,770,pre
d1-015,6,post,4,738.7839107132916,275,3543.516482494322,-2257.231720985395,110,445,first
d1-015,6,pre,1,690.3236637872772,630,3260.6220381695766,-2262.649427930201,190,870,pre
d1-015,7,post,4,789.1362097465087,625,3790.031664787974,-2150.1693529806257,415,780,first
d1-015,7,pre,1,539.1877672905455,340,2258.472221767811,-945.9252459984059,60,710,pre
d1-015,8,post,4,803.082872709237,265,4000.514240791624,-2028.6926491033937,75,505,first
d1-015,8,pre,1,635.3713560777992,365,2613.2223810075775,-1880.0596773057641,65,545,pre
d1-015,9,post,4,648.1564103497634,510,1667.8397355647708,-1581.3466919772131,95,760,first
d1-015,9,pre,1,657.1178985267516,365,2890.8109009688965,-1423.104568390472,50,690,pre
d1-015,10,post,4,734.4752518622155,330,3506.974322303631,-1742.8199996972246,65,545,first
d1-015,10,pre,1,595.6195438589507,515,1790.9685977077593,-1229.6780722873996,240,695,pre
d1-015,11,post,4,603.9298918045691,433,2083.9896477699385,-1650.65805488822,88,968,first
d1-015,11,pre,1,651.9896825661503,480,1930.2114724365183,-1784.7989868050865,245,665,pre
d1-015,12,post,4,668.7754719440873,460,4447.773136738209,-1631.7356468281664,75,670,first
d1-015,12,pre,1,787.75928805183,335,3290.911087283565,-2352.3558085296654,95,475,pre
d1-015,13,post,4,759.7316666388226,310,3266.570970761758,-3304.100475573097,90,610,first
d1-015,13,pre,1,682.0895862532636,430,2646.9522010801834,-1682.9983665478032,255,860,pre
d1-015,14,post,4,838.7675092078086,255,4452.514510998754,-2023.0349456798356,85,380,first
d1-015,14,pre,1,729.3469783646001,435,2215.1167988630627,-1772.5340029815757,310,745,pre
d1-015,15,post,4,842.9052019130992,325,4125.942365836996,-2292.9812024071084,100,500,first
d1-015,15,pre,1,595.8916584823567,475,2197.901061209308,-1351.3400621591068,175,1005,pre
d1-015,16,post,4,742.5768491352565,410,4159.116569115176,-2316.8200554114555,170,635,first
d1-015,16,pre,1,566.9592676815673,470,2030.3228696306905,-1014.0431264499426,245,910,pre
d1-015,17,post,4,959.0817485305921,265,5720.858697309739,-3494.5741449879233,95,400,first
d1-015,17,pre,1,559.9230561420466,600,1589.7595695770574,-1133.7345079108823,335,825,pre
d1-015,18,post,4,618.5090024600692,390,3567.459841124041,-1304.059733215407,85,520,first
d1-015,18,pre,1,616.2096015642105,495,1871.8110822458566,-1581.5992670588612,150,690,pre
d1-016,1,post,5,886.9371563781511,335,4928.946504020766,-2947.6313915031733,80,455,second
d1-016,1,pre,2,1120.5606224631265,315,6194.580656966521,-3455.9597154709177,80,470,pre
d1-016,2,post,5,868.8319813599276,325,4058.9880080337352,-2519.1088326174367,135,465,second
d1-016,2,pre,2,909.4084307165281,305,4313.7952652986605,-2531.114333885323,110,640,pre
d1-016,3,post,5,769.1373809756828,395,3287.5366605820536,-2323.0716913625483,50,545,second
d1-016,3,pre,2,901.4239357720028,315,4123.866744208248,-2618.7505349626463,105,490,pre
d1-016,4,post,5,889.7677272271426,460,3834.0610669221355,-2483.4379577192276,250,680,second
d1-016,4,pre,2,1058.3078120371242,275,5227.389762836376,-3868.1705959414658,90,385,pre
d1-016,5,post,5,896.8721846449314,435,4574.082021333883,-2485.2000117384914,210,595,second
d1-016,5,pre,2,946.5491339978171,310,4625.812732361029,-3004.4283567798593,95,480,pre
d1-016,6,post,5,930.2429112332936,355,4449.0577970398745,-3004.02544993659,115,480,second
d1-016,6,pre,2,955.279931645307,255,6027.792783011096,-3162.3043886748437,75,390,pre
d1-016,7,post,5,947.4495573059972,340,3956.1903436042585,-3137.4627546607426,165,480,second
d1-016,7,pre,2,952.9354492203315,285,5653.095400080436,-3127.9064881531453,85,425,pre
d1-016,8,post,5,902.9801547542795,320,3589.1825470523045,-2868.983570173357,135,475,second
d1-016,8,pre,2,904.0359313260353,395,3697.706592235376,-2817.8628993152956,165,535,pre
d1-016,9,post,5,860.5981062476162,380,3612.1991576205737,-2499.182983544878,100,550,second
d1-016,9,pre,2,929.4114807389108,300,5601.900210609585,-3089.6384049122257,65,470,pre
d1-016,10,post,5,947.353678405467,330,4361.188097324992,-3009.453104812196,105,495,second
d1-016,10,pre,2,869.5550915694348,325,3794.0327164831015,-2510.4755357761346,65,615,pre
d1-016,11,post,5,967.0084638352558,360,4719.786363378169,-3280.8368858431822,65,560,second
d1-016,11,pre,2,854.2512674330478,330,3978.3937062468713,-2751.1242109860395,160,510,pre
d1-016,12,post,5,961.1210519518568,360,5550.290904868539,-3373.9333717756244,60,540,second
d1-016,12,pre,2,911.3870558199536,340,4177.499035264852,-2714.092774122477,145,475,pre
d1-016,13,post,5,1002.498660050818,275,4474.872957801953,-2881.544498011674,135,555,second
d1-016,13,pre,2,1016.3607285699131,315,4556.1422181298685,-3935.05957291951,140,470,pre
d1-016,14,post,5,981.1077529121458,300,5297.032848148425,-2742.8950033770616,125,540,second
d1-016,14,pre,2,984.5216866181947,330,5082.200284869937,-3503.683149384816,115,450,pre
d1-016,15,post,5,1016.159748445332,300,4895.552954897053,-3048.4592026857727,125,495,second
d1-016,15,pre,2,1052.1903279614626,275,6134.946111198069,-4150.7872447715135,95,455,pre
d1-016,16,post,5,1016.4703659126587,375,3562.992149721481,-3437.2931238512388,170,520,second
d1-016,16,pre,2,913.2304586194405,315,4557.480830077654,-2569.473633940741,120,615,pre
d1-016,17,post,5,991.0903888742798,295,5261.225280760258,-3502.0401366531514,115,430,second
d1-016,17,pre,2,947.1569226173388,350,4033.161805763903,-3098.399357018421,170,570,pre
d1-016,18,post,5,1080.9708360711916,320,5119.863190302007,-3670.7326757148953,95,485,second
d1-016,18,pre,2,1016.11702059083,290,5184.340028082102,-3785.794641853552,145,485,pre
d1-017,1,post,4,1098.6937342604604,315,7036.3786090471685,-4077.8932285210817,170,460,first
d1-017,1,pre,1,1014.4546508507372,280,5201.4646385829365,-3479.51675154876,90,410,pre
d1-017,2,post,4,950.4358586992233,270,4950.8663450754975,-4716.9307441611,95,375,first
d1-017,2,pre,1,1287.5006174844868,220,7906.854916756474,-5014.067237185445,90,355,pre
d1-017,3,post,4,885.5537442751818,245,5112.446364149231,-3789.0967631049443,95,570,first
d1-017,3,pre,1,1423.5132203225555,195,10228.020297911073,-5345.234419078213,105,315,pre
d1-017,4,post,4,988.4499167063007,255,5983.4451152837355,-3238.8068136633483,110,360,first
d1-017,4,pre,1,1578.321441211785,220,11459.119988505649,-8374.661126375304,120,280,pre
d1-017,5,post,4,976.9585111197182,230,5783.557012677886,-2637.7664810839096,105,370,first
d1-017,5,pre,1,1243.7574974931601,240,8688.48541956173,-5021.535169408469,120,335,pre
d1-017,6,post,4,998.8440439137438,200,6435.367749467829,-4091.215004798622,100,365,first
d1-017,6,pre,1,1294.508728098568,240,8590.974707288302,-5295.861401138471,110,325,pre
d1-017,7,post,4,1058.245774054221,245,5827.113689950033,-4525.022449805549,110,360,first
d1-017,7,pre,1,1267.393529128558,245,8502.855748960554,-5803.492106500065,110,385,pre
d1-017,8,post,4,996.0376717530573,465,5411.604869794107,-4566.845934706722,275,515,first
d1-017,8,pre,1,1230.9783340238484,225,8301.858107564585,-4763.341584438517,110,345,pre
d1-017,9,post,4,1119.8990097104456,250,6930.018994166061,-3595.4840231196154,110,360,first
d1-017,9,pre,1,1173.5233040384385,260,8617.900542138752,-4271.541965661167,105,300,pre
d1-017,10,post,4,1061.5988467904565,230,6836.570198205689,-2944.499794005009,120,375,first
d1-017,10,pre,1,1254.0016596504183,230,8818.652440111706,-5058.978143752418,105,405,pre
d1-017,11,post,4,1126.6236272813308,260,6627.17364573036,-5291.483389607293,120,380,first
d1-017,11,pre,1,1316.4058984095982,240,8038.348965032331,-4199.651116550287,125,320,pre
d1-017,12,post,4,960.1546924467068,250,6165.889505649007,-3464.046794655794,125,345,first
d1-017,12,pre,1,1323.3778717766509,230,8466.7276374963,-5148.895968904591,125,340,pre
d1-017,13,post,4,1067.4809224079618,245,6994.58956039049,-3180.37211729692,115,300,first
d1-017,13,pre,1,1260.1216904207636,215,8266.490869410653,-4931.217533016787,140,505,pre
d1-017,14,post,4,1025.5941689666167,275,4643.125075940893,-3231.6378277866684,115,415,first
d1-017,14,pre,1,1238.8691139593911,245,7199.805838556404,-4707.229231438818,95,410,pre
d1-017,15,post,4,1090.2080003627207,255,6422.755296658913,-3585.3326184481466,110,390,first
d1-017,15,pre,1,1206.1092628976326,230,8073.4500916266215,-4991.187601754566,105,380,pre
d1-017,16,post,4,993.2196854821184,255,5492.275101115187,-3818.4664047337646,95,370,first
d1-017,16,pre,1,1229.8545119694177,220,8400.434314547281,-5208.0975084314705,115,395,pre
d1-017,17,post,4,964.7643502917363,255,6295.806287817628,-4476.6526718711775,110,400,first
d1-017,17,pre,1,1158.4447869610267,290,6538.232383668111,-4491.86804192928,130,395,pre
d1-017,18,post,4,1017.496981371346,230,5396.192969097885,-3713.2943653328684,100,390,first
d1-017,18,pre,1,1298.4177002196157,245,7334.203305200366,-5671.34493336961,120,410,pre
d1-018,1,post,4,765.3303324043252,345,3704.6393214453824,-1820.8131653219195,115,485,first
d1-018,1,pre,2,541.1457782487137,545,1823.6612578483587,-1103.7296904630782,400,840,pre
d1-018,2,post,4,804.5387534552353,375,3840.812021449216,-2001.1915589772675,120,435,first
d1-018,2,pre,2,509.6176651983471,865,1792.3388234583201,-1398.3403009366239,387.88,1045,pre
d1-018,3,post,4,774.56032298337675,350,4219.402425988418,-1780.5265851767292,80,580,first
d1-018,3,pre,2,498.43210027001885,610,2342.026019843313,-1079.559754639107,20,1015,pre
d1-018,4,post,4,645.117363609182,370,2594.724966191481,-1663.5968922163229,60,655,first
d1-018,4,pre,2,612.3530003905978,510,1800.0658477618201,-1153.8259243620073,125,705,pre
d1-018,5,post,4,736.8399906711073,300,3632.4156871106616,-1538.6714925087167,100,440,first
d1-018,5,pre,2,626.0615636274374,360,2049.638157784376,-1530.578050015074,25,535,pre
d1-018,6,post,4,698.0307678941385,460,3188.418259932829,-1345.504783719957,220,845,first
d1-018,6,pre,2,625.9698382112822,400,2528.2452224423064,-1382.1512870868828,55,550,pre
d1-018,7,post,4,614.7908280607053,470,1787.924847214516,-1627.720033271553,75,600,first
d1-018,7,pre,2,566.0182256717388,495,2223.8230506064533,-1286.4925184691197,40,580,pre
d1-018,8,post,4,595.8046581395816,565,1700.2958006216718,-1407.4235453629692,310,975,first
d1-018,8,pre,2,667.8584147432841,415,2199.0505764182244,-1936.5718547439242,35,625,pre
d1-018,9,post,4,629.4233685939785,360,2553.063541798898,-1487.5968341088724,55,720,first
d1-018,9,pre,2,671.975332757453,475,2485.778069574543,-1649.0251571731355,95,725,pre
d1-018,10,post,4,710.884393299953,240,4224.287791294967,-1335.9080312766018,85,480,first
d1-018,10,pre,2,690.7647511281483,430,2888.369636544724,-1467.3013816341936,160,640,pre
d1-018,11,post,4,724.7735080372586,345,3104.5829386511305,-2078.1118622720096,70,695,first
d1-018,11,pre,2,698.0154365152089,415,3440.71652856782,-1607.7936559093996,130,750,pre
d1-018,12,post,4,716.3491913549273,400,2491.8078596926425,-2074.9349631712644,210,835,first
d1-018,12,pre,2,748.0745411923244,440,2843.8483136745153,-1997.979983898227,170,630,pre
d1-018,13,post,4,699.2213131384153,435,2531.9690943676233,-1566.2607187063663,200,730,first
d1-018,13,pre,2,880.1289506440231,355,3252.9877123872616,-2242.304484518672,65,520,pre
d1-018,14,post,4,677.8042245791653,310,3704.056680007666,-1590.2956180111362,95,545,first
d1-018,14,pre,2,901.525986162687,325,3501.9796756813107,-2526.883681347152,145,545,pre
d1-018,15,post,4,815.018166800565,380,2767.41808987934,-2534.66648123385,50,560,first
d1-018,15,pre,2,772.7962191382269,280,3956.838976443398,-2011.2463827886895,130,515,pre
d1-018,16,post,4,833.4786232045626,320,4435.925350961315,-2214.8593398246994,85,445,first
d1-018,16,pre,2,764.7467137406742,325,2758.6806560866594,-1950.8037306285055,95,610,pre
d1-018,17,post,4,876.8241768632204,365,3826.757251285988,-2777.036025085773,205,710,first
d1-018,17,pre,2,750.9623734507513,585,2200.7089362462234,-2030.150434851023,350,795,pre
d1-018,18,post,4,877.5111897464576,315,4961.4315556377605,-2656.071238136756,95,525,first
d1-018,18,pre,2,748.1161486549189,465,2621.0492219978005,-2218.9610365810377,155,740,pre
d1-019,1,post,4,833.0715086171573,260,6261.1078046573,-2925.672630349788,85,550,first
d1-019,1,pre,2,804.0003275664031,315,3311.917938800577,-2030.7009246332236,95,445,pre
d1-019,2,post,4,848.7546880903228,390,2511.048572942206,-2978.086978122522,45,530,first
d1-019,2,pre,2,729.9306834384195,375,3292.713355487062,-2616.877169836316,115,570,pre
d1-019,3,post,4,826.7855401694687,330,3376.5827902259407,-2387.895925205671,155,635,first
d1-019,3,pre,2,986.9158306733364,235,5960.6469773740955,-2431.7579950255995,95,375,pre
d1-019,4,post,4,648.6511979854288,510,3038.274125853739,-1672.4080909764898,180,580,first
d1-019,4,pre,2,1014.8229413298353,230,5835.5197661347465,-2569.5537432659303,95,410,pre
d1-019,5,post,4,903.8857356729795,405,2725.373799142763,-3207.1269410057444,180,545,first
d1-019,5,pre,2,1120.0638997490328,275,6241.510653271969,-4320.67069070039,100,435,pre
d1-019,6,post,4,786.4840866313514,300,2928.6391372184985,-2588.4079473200463,105,475,first
d1-019,6,pre,2,851.7539349298145,315,3854.6203754631097,-2442.503628007172,115,760,pre
d1-019,7,post,4,847.6964003912927,245,4507.947922136173,-2325.513956374774,95,375,first
d1-019,7,pre,2,772.4373379958724,480,2331.7931865545916,-2531.7383030655583,330,815,pre
d1-019,8,post,4,768.1213534486667,330,4462.737086943144,-2886.9804926260185,90,535,first
d1-019,8,pre,2,898.5354314365619,385,3311.098162943563,-2887.1910401180726,185,570,pre
d1-019,9,post,4,966.9749311408013,315,5429.921401861665,-3300.5997172085727,85,550,first
d1-019,9,pre,2,780.2378142816729,355,3330.1712144094945,-4230.553849352297,195,725,pre
d1-019,10,post,4,842.3564472161324,420,2435.7384721942367,-2732.000758240672,60,595,first
d1-019,10,pre,2,782.8948626992008,360,3312.0564946898194,-2699.123068637531,120,670,pre
d1-019,11,post,4,1000.5044990182655,345,5537.3504006791345,-4550.983048933816,95,415,first
d1-019,11,pre,2,773.5510233645775,390,2923.944599540473,-2158.9089075873003,160,515,pre
d1-019,12,post,4,809.7185773367602,435,2721.7389302625024,-3349.83218867957,90,605,first
d1-019,12,pre,2,815.3389613277454,380,3317.9335642588712,-2367.5312216501843,55,805,pre
d1-019,13,post,4,835.3652651463872,430,2881.771005576784,-2202.1258256854917,185,650,first
d1-019,13,pre,2,762.7372825724216,405,2769.423634127843,-2454.9274249584523,75,605,pre
d1-019,14,post,4,849.7435233027107,315,3348.8020798114194,-2274.0492929515494,85,425,first
d1-019,14,pre,2,796.1778776787039,410,3445.26049512495,-2039.1137130361776,65,535,pre
d1-019,15,post,4,809.8983367223357,420,2729.9326412756545,-2918.2618464614015,75,635,first
d1-019,15,pre,2,852.3289750440485,420,4197.5401124463915,-2694.47450880262,65,610,pre
d1-019,16,post,4,806.4327071449809,270,3728.5852322300047,-1782.6548776457134,115,570,first
d1-019,16,pre,2,815.837482603489,485,2959.083006084128,-2808.9436504388523,60,660,pre
d1-019,17,post,4,824.8824443528232,425,3942.6027112093016,-2819.8775266371076,70,650,first
d1-019,17,pre,2,758.1544241339657,435,3213.341866935937,-2464.7640062728315,75,800,pre
d1-019,18,post,4,987.455501634562,340,4048.9846833388174,-4300.189809409217,135,540,first
d1-019,18,pre,2,697.3509053673704,275,3253.355662485246,-2760.509513311106,60,610,pre
d1-020,1,post,4,628.336020020168,340,2550.8586331987112,-1349.3992562161466,55,515,first
d1-020,1,pre,1,617.0361314818164,480,2012.5030178347124,-1202.5812196876757,135,700,pre
d1-020,2,post,4,753.8976255809364,345,2973.781105210831,-1816.0117694212147,80,475,first
d1-020,2,pre,1,693.3933853675375,430,2963.3202698761006,-1735.0720259853213,175,575,pre
d1-020,3,post,4,667.8937351151943,310,2796.586616729998,-1746.5209547373179,110,515,first
d1-020,3,pre,1,502.04568298337665,835,991.8675830653684,-1786.255488013026,330,1075,pre
d1-020,4,post,4,768.7932527484662,370,3028.384055866716,-2428.0557878497557,160,540,first
d1-020,4,pre,1,588.1666729850143,610,1626.0747403862329,-1663.1085051981493,230,885,pre
d1-020,5,post,4,977.3778376836467,280,5312.599903460753,-3704.5610468819223,115,415,first
d1-020,5,pre,1,666.7974677469083,430,2354.374427459475,-1439.0989023073648,40,505,pre
d1-020,6,post,4,709.2036548880678,320,3129.745829401778,-1968.0408528594785,70,580,first
d1-020,6,pre,1,598.213708734723,345,2807.8921313512906,-1400.1916082866867,50,790,pre
d1-020,7,post,4,708.5867301140645,295,2607.160144563066,-1904.96703249963,90,500,first
d1-020,7,pre,1,637.8309423467624,485,2080.4933330729864,-1542.8439445860886,30,725,pre
d1-020,8,post,4,780.2805912696365,295,4204.030046065689,-2056.6184592731875,125,495,first
d1-020,8,pre,1,691.3021652201761,510,2657.9082506378236,-1571.7154908165685,305,830,pre
d1-020,9,post,4,959.7626924061135,225,6277.873742478903,-3308.380265583604,80,445,first
d1-020,9,pre,1,761.3504361300339,360,3481.0760740338433,-2205.7278135263755,75,535,pre
d1-020,10,post,4,807.9472571670734,290,3910.856190088022,-2522.272603055665,105,525,first
d1-020,10,pre,1,850.205477931321,295,4410.5785385490635,-2288.7890895863125,110,465,pre
d1-020,11,post,4,790.4710021162696,260,3571.271279976458,-2149.7890833495303,155,500,first
d1-020,11,pre,1,680.5547048490605,325,2858.386642496648,-1715.434713160369,180,640,pre
d1-020,12,post,4,883.8244464649727,285,3989.912611698195,-2898.4321703297924,145,490,first
d1-020,12,pre,1,794.5907079686776,440,2762.4171777748643,-2298.422079790619,255,805,pre
d1-020,13,post,4,880.0290363043803,250,4970.29898421142,-2526.7141494790394,80,440,first
d1-020,13,pre,1,1002.0224967776405,285,7540.293435296727,-3216.2539662451263,95,505,pre
d1-020,14,post,4,773.7555032509745,395,2896.931384574715,-4092.061152589358,280,635,first
d1-020,14,pre,1,616.5092417930957,280,2621.687639326554,-967.3833003921517,65,315,pre
d1-020,15,post,4,881.0889579423791,290,3575.874242802729,-2634.3885713198915,130,505,first
d1-020,15,pre,1,726.5606765519058,290,2947.902468154035,-1630.8522531864319,85,650,pre
d1-020,16,post,4,760.0068904965267,350,3274.4124944585587,-2506.7211505014434,85,580,first
d1-020,16,pre,1,692.071142547619,320,2853.5697293961766,-1926.977710107386,60,505,pre
d1-020,17,post,4,961.846751203203,240,4495.424372084938,-3755.2362471062866,110,415,first
d1-020,17,pre,1,672.9994190038645,350,2764.265004786721,-1796.8626656205486,95,480,pre
d1-020,18,post,4,821.8600644285468,300,3903.9708460709203,-2684.789871132377,115,460,first
d1-020,18,pre,1,703.479475536706,452,2426.0092376814787,-2097.4632036991525,267,747,pre
d1-021,1,post,5,820.1740556782045,265,4251.178104077742,-2445.2126614471676,215,330,second
d1-021,1,pre,1,707.2517200843638,455,1991.2802021835566,-1789.6890592197483,170,725,pre
d1-021,2,post,5,829.8308699653247,415,3622.4104377905915,-2564.2324049287463,220,525,second
d1-021,2,pre,1,623.2995104950855,390,2569.970473558072,-1746.9700752626986,65,635,pre
d1-021,3,post,5,750.999208827505,375,2766.8111106777715,-2135.239599854319,110,515,second
d1-021,3,pre,1,757.7916569786585,395,2699.179198123114,-1825.1638590416785,95,650,pre
d1-021,4,post,5,729.1269941121616,365,2293.9675140640857,-2051.655580985003,135,638.16,second
d1-021,4,pre,1,713.6253739536269,370,2681.034478773472,-1730.7517298715397,105,650,pre
d1-021,5,post,5,823.6141550922208,330,3130.227859969288,-2951.011251463822,220,535,second
d1-021,5,pre,1,673.944752658937,440,2373.1865611056833,-1617.343984685609,110,620,pre
d1-021,6,post,5,796.4823618771707,240,3631.80892335216,-2234.8049340362386,75,515,second
d1-021,6,pre,1,699.1806458839127,295,2863.9128212320466,-1763.9245523632737,90,625,pre
d1-021,7,post,5,783.8121175598783,270,3635.7537431794967,-1904.5404335843482,150,295,second
d1-021,7,pre,1,793.953691887384,385,3188.4846719904076,-2567.8549059175325,90,430,pre
d1-021,8,post,5,795.1759944741918,325,3598.1392634099225,-2128.72887094699,140,430,second
d1-021,8,pre,1,777.3813561467491,310,2496.892196083945,-2214.6660753939245,130,505,pre
d1-021,9,post,5,760.5209798701319,325,3207.4453957991154,-1896.4260852632274,110,475,second
d1-021,9,pre,1,827.6719869732527,420,3034.375718900965,-3934.1834474621737,140,595,pre
d1-021,10,post,5,793.174643250274,310,3107.0442793365023,-2380.6697083754943,100,605,second
d1-021,10,pre,1,807.7495118573196,415,3300.8454959853752,-2371.3876272783373,190,665,pre
d1-021,11,post,5,885.9595338149879,375,4566.300195736483,-2154.2925375407326,260,480,second
d1-021,11,pre,1,878.129528069829,345,3332.599373338324,-2468.6934788238814,90,530,pre
d1-021,12,post,5,800.3502439334109,405,3024.4673398516716,-2926.9299615320397,165,525,second
d1-021,12,pre,1,780.9436196055644,355,3001.4745136940937,-2279.686779606497,100,605,pre
d1-021,13,post,5,823.1357904355909,380,3229.139879972593,-2819.47075505914,140,480,second
d1-021,13,pre,1,829.1285209326454,350,3656.410270423449,-2626.725687464697,115,420,pre
d1-021,14,post,5,737.5453900898746,275,5046.664364710883,-2434.741575343677,245,305,second
d1-021,14,pre,1,850.0964571600241,295,3591.416278645761,-2462.8908067813345,90,445,pre
d1-021,15,post,5,734.1289405438533,350,2795.1763148084074,-2300.80928687696,100,460,second
d1-021,15,pre,1,741.9915172802224,335,2584.578935444779,-1778.2548747176493,200,430,pre
d1-021,16,post,5,758.9288762682417,365,2953.945904009162,-2032.7952416256767,95,415,second
d1-021,16,pre,1,740.8270068315073,530,1988.39151518308,-3189.8624251070596,125,685,pre
d1-021,17,post,5,716.2447039350385,315,2760.46117744562,-1843.5768872262456,195,470,second
d1-021,17,pre,1,754.025355944636,345,3313.0674304562226,-2267.450514695058,119.15,495,pre
d1-021,18,post,5,875.0265219604171,305,3410.6412508789126,-2675.4253350545605,105,420,second
d1-021,18,pre,1,854.6061459376087,305,3234.7943065504032,-2570.776360499952,90,485,pre
d1-022,1,post,5,830.6901051070627,295,5083.247441520454,-2339.79212174809,110,395,second
d1-022,1,pre,1,847.9370317035043,290,3849.0171748248645,-1858.029438367122,170,500,pre
d1-022,2,post,5,890.3988823636012,270,5854.202660587487,-2225.0477682583305,120,460,second
d1-022,2,pre,1,928.0871256153403,325,4734.793913519907,-2653.8580099961964,85,440,pre
d1-022,3,post,5,911.619260590452,215,5559.858453037569,-3034.1129674322465,105,445,second
d1-022,3,pre,1,923.0075877969099,405,4162.939481901626,-2845.529248266329,260,530,pre
d1-022,4,post,5,951.5731775079016,340,4854.472756661748,-3250.526474993321,125,480,second
d1-022,4,pre,1,914.9301682153681,345,4397.093191266165,-3231.8724063873733,85,495,pre
d1-022,5,post,5,843.2920877154564,355,4196.1617303151,-2928.394409691785,135,495,second
d1-022,5,pre,1,943.7102609124834,310,5936.188352419565,-2989.012103461985,120,455,pre
d1-022,6,post,5,895.8846981698247,315,5586.426270681939,-2863.9727274646466,115,460,second
d1-022,6,pre,1,967.925243096736,190,8061.118824867758,-2687.782593467021,110,430,pre
d1-022,7,post,5,957.7170688336165,305,5438.673655165538,-3903.366257880223,120,465,second
d1-022,7,pre,1,876.0905221874783,205,5599.142834929246,-2442.6057593886053,120,450,pre
d1-022,8,post,5,909.2201024386159,295,5342.172764809369,-3115.358245417379,125,425,second
d1-022,8,pre,1,892.9281364049419,210,5878.9979087178635,-2289.4739999026974,120,570,pre
d1-022,9,post,5,874.1063486400406,295,5475.080868176632,-2517.9315904528776,115,400,second
d1-022,9,pre,1,880.0745719373849,270,5218.734640833651,-2726.0222760647284,135,460,pre
d1-022,10,post,5,862.174761224991,415,3557.6098784843975,-2926.402455201038,165,515,second
d1-022,10,pre,1,948.7607677670576,275,6584.886543944433,-3248.732643366752,125,435,pre
d1-022,11,post,5,873.6189835873779,315,4431.26193943538,-2685.0487876205343,125,520,second
d1-022,11,pre,1,949.319846528107,225,6830.02198368793,-3631.5768072024644,130,470,pre
d1-022,12,post,5,892.7734316972977,250,5128.857808541008,-2268.04398001101,125,505,second
d1-022,12,pre,1,907.4875985016711,305,5770.052257456344,-2934.959421671448,115,525,pre
d1-022,13,post,5,897.279979281011,355,4855.962056734614,-3078.072665346028,110,520,second
d1-022,13,pre,1,851.9141558414015,315,5415.396546349472,-2355.762571010562,135,490,pre
d1-022,14,post,5,989.1130450823578,295,5325.6150486804045,-3690.106450749775,140,480,second
d1-022,14,pre,1,929.607269470428,220,6190.167680825698,-3508.796955642313,110,465,pre
d1-022,15,post,5,933.3084365008758,260,5092.827476777942,-2885.2626724887978,125,505,second
d1-022,15,pre,1,865.216781924423,315,3996.1469961989906,-2686.3302122222017,75,425,pre
d1-022,16,post,5,1064.0377153346376,335,5843.641926299743,-4046.5300423035283,130,430,second
d1-022,16,pre,1,913.9505931301167,275,5250.136851943194,-3242.228363011074,125,485,pre
d1-022,17,post,5,982.1803866754309,260,6257.507908053748,-3740.4572246859652,120,440,second
d1-022,17,pre,1,881.3108125461017,275,5369.903248556539,-2754.1512129167168,130,465,pre
d1-022,18,post,5,908.7022947781761,335,4650.479255542103,-3584.4873476909197,80,500,second
d1-022,18,pre,1,818.3037820150323,330,4501.781152135684,-2178.279098897424,110,455,pre
d1-023,1,post,5,883.1554451384004,580,3417.3215908952398,-4746.166229346365,555,620,second
d1-023,1,pre,1,968.202641588502,360,4239.45095223665,-2453.6222956989864,80,590,pre
d1-023,2,post,5,767.2353461616525,365,3894.0463814935083,-3320.7151749931268,75,435,second
d1-023,2,pre,1,763.2488081263014,575,3606.3769275306468,-2244.865833638979,105,605,pre
d1-023,3,post,5,883.1136682152467,495,3413.8510431091922,-3505.3389428441014,150,570,second
d1-023,3,pre,1,651.0456529313917,860,1622.969499137374,-2058.1542615878952,195,935,pre
d1-023,4,post,5,740.0116296370995,385,3794.230210555876,-4324.6456567739,165,735,second
d1-023,4,pre,1,846.1358780823057,390,3135.4683133824215,-2386.4188725404556,65,625,pre
d1-023,5,post,5,861.3647932198737,465,2693.2585851034614,-4894.040762846449,75,545,second
d1-023,5,pre,1,686.4961005473178,370,3324.4379355546757,-1525.6097896682436,130,730,pre
d1-023,6,post,5,683.0044462582612,425,4987.1790796181085,-1929.5572484575378,85,600,second
d1-023,6,pre,1,725.6695129535079,365,4302.043472820161,-1854.4605897977967,70,645,pre
d1-023,7,post,5,761.3819212417449,410,3990.3535086340144,-2400.292697774791,115,670,second
d1-023,7,pre,1,1012.682677327054,330,5013.448551663827,-3188.8140378807407,150,430,pre
d1-023,8,post,5,835.7113457148134,660,4230.782884395736,-6051.285487179995,215,695,second
d1-023,8,pre,1,861.6512685584836,445,4961.227056321611,-2906.2431490506287,110,685,pre
d1-023,9,post,5,859.1745517344211,425,3530.9701577169344,-3159.860265474981,65,620,second
d1-023,9,pre,1,912.6417109240118,210,7127.0424811774255,-2949.8840453055345,85,475,pre
d1-023,10,post,5,769.8340603924571,550,3052.685433848395,-3844.001264946563,100,675,second
d1-023,10,pre,1,835.1642854351489,380,3234.017236916527,-2291.7177954302515,50,545,pre
d1-023,11,post,5,799.6967685277905,345,4583.842541389115,-2519.8993380300194,80,610,second
d1-023,11,pre,1,875.8500505936331,325,4080.227387956941,-2339.247424188995,95,480,pre
d1-023,12,post,5,771.7053262684246,345,3564.161468085898,-3689.0471539753526,110,590,second
d1-023,12,pre,1,835.3708627403367,380,2577.1630612537965,-2209.193643076348,60,525,pre
d1-023,13,post,5,868.1591658917437,465,3934.5628318846434,-4188.8219098642985,125,645,second
d1-023,13,pre,1,887.6759306122859,330,3512.778543738517,-3051.9136021319,165,550,pre
d1-023,14,post,5,769.1168181309965,485,3429.478029624639,-2866.5242929832057,165,605,second
d1-023,14,pre,1,844.0971292986385,395,2864.1308243024696,-2442.125799657944,200,635,pre
d1-023,15,post,5,787.807237895675,410,4044.396714365417,-2857.96140314497,85,640,second
d1-023,15,pre,1,781.8659050434919,350,3662.6223987240805,-2327.2464299850753,60,745,pre
d1-023,16,post,5,814.5440917514652,385,4510.573158709287,-3337.3881479155475,65,630,second
d1-023,16,pre,1,772.4510707843243,495,2991.6612139431772,-2398.3190936147535,145,670,pre
d1-023,17,post,5,812.3861391565899,425,3260.7712268990695,-3889.552488626062,115,635,second
d1-023,17,pre,1,733.5294779263736,400,2790.1668632123815,-2070.683420751572,50,660,pre
d1-023,18,post,5,743.2338137040008,415,2612.8049877591175,-2796.4428911426858,55,785,second
d1-023,18,pre,1,740.2525250774916,345,3674.983046419322,-2300.862773746126,95,600,pre
d1-024,1,post,5,1049.2248596408813,235,6027.170371811782,-3223.1981161954263,95,575,second
d1-024,1,pre,2,1088.006832911481,340,4455.407686557824,-4700.571232230826,230,585,pre
d1-024,2,post,5,987.6156642064939,255,5207.824244238995,-2846.4796644685566,90,395,second
d1-024,2,pre,2,973.4412789016508,365,4094.6404405728067,-3327.9352689119146,155,510,pre
d1-024,3,post,5,1109.1096210386268,265,6397.058784293317,-4185.005949325627,115,415,second
d1-024,3,pre,2,984.5926018212729,335,4538.78571174704,-2928.824202617316,135,470,pre
d1-024,4,post,5,1073.451877837154,265,5181.490973424407,-3643.913638555411,80,425,second
d1-024,4,pre,2,1058.686973063088,320,4831.414659721227,-4754.563219780204,140,540,pre
d1-024,5,post,5,1152.1662663471652,240,6718.221242221118,-4165.036696080398,135,465,second
d1-024,5,pre,2,1183.8625855357495,340,5712.395053130196,-4652.3679514583255,150,455,pre
d1-024,6,post,5,1196.0196718047355,250,7544.908240283509,-6288.426362565639,110,415,second
d1-024,6,pre,2,1215.9590431665624,290,6306.357135795206,-3268.005833520355,125,520,pre
d1-024,7,post,5,1159.94092387464,95,7868.012174640818,-4486.153751571481,5,215,second
d1-024,7,pre,2,1183.8426861989014,285,6347.998385646208,-4098.99672558976,135,450,pre
d1-024,8,post,5,1284.0765703268435,240,7727.05366583521,-4964.13955943357,115,440,second
d1-024,8,pre,2,1159.9621356753646,325,6354.474277380543,-3841.3411145586842,115,415,pre
d1-024,9,post,5,1273.9713325982357,235,8467.276615887375,-5759.28752122857,110,395,second
d1-024,9,pre,2,1324.8091300778228,280,7721.780034142274,-6218.5044000417,130,430,pre
d1-024,10,post,5,1331.8621915225992,235,9407.905489556852,-5319.842337660783,120,370,second
d1-024,10,pre,2,1343.6822201816803,260,7595.3275830886305,-5350.288238128135,120,410,pre
d1-024,11,post,5,1056.725040623769,285,5012.086671556233,-3993.149605822434,115,430,second
d1-024,11,pre,2,1142.458881738638,270,6341.721499364573,-5064.048905953236,115,395,pre
d1-024,12,post,5,1075.1245694422441,250,5779.999398836147,-3663.3207830352417,140,295,second
d1-024,12,pre,2,1262.29247836494,295,6690.553132546194,-4920.53078002139,105,395,pre
d1-024,13,post,5,1214.8594254977916,265,6906.756154533627,-5508.598814435748,130,365,second
d1-024,13,pre,2,1315.2031479824725,295,8566.80425524136,-4966.185787927721,120,405,pre
d1-024,14,post,5,1168.8850596755556,255,6812.767311580234,-4088.5598132571295,115,425,second
d1-024,14,pre,2,1308.3170902249512,270,7579.435395123397,-6053.41572773567,110,395,pre
d1-024,15,post,5,1248.7418407682462,225,7694.56711006893,-5053.329856705348,100,325,second
d1-024,15,pre,2,1245.43259741794,265,7609.673244701353,-5111.377792728638,100,400,pre
d1-024,16,post,5,1275.762682462637,240,9122.968403285797,-6393.374305959791,110,325,second
d1-024,16,pre,2,1416.9556716793243,245,8403.947118771013,-6114.743246384314,115,390,pre
d1-024,17,post,5,1268.3838010720776,290,7516.182114574945,-5810.895419241209,135,330,second
d1-024,17,pre,2,1359.3416638209897,245,9983.501422330268,-5905.997687377799,125,345,pre
d1-024,18,post,5,1261.779771302178,210,9741.371732476935,-4730.738554639387,105,320,second
d1-024,18,pre,2,1417.7833726574634,260,8657.024069568775,-6275.953739197004,110,360,pre
