ppid,trial_num_in_block,time,order,vel_m_filt,vel_lat_filt,acc_m_filtfilt,dec_m_filtfilt,acc_lat_filtfilt,dec_lat_filtfilt
d2-001,1,post,first,753.0054101555056,525,2500.9504582794334,-1539.051288223814,320,750
d2-001,1,pre,pre,831.0907304802317,440,2515.201739810307,-1956.3626876066783,130,710
d2-001,2,post,first,795.7054620755916,425,2984.678547606949,-2333.575724782474,295,735
d2-001,2,pre,pre,578.1338556215828,800,1642.527610225839,-1523.759841420232,260,935
d2-001,3,post,first,809.7057052589226,495,2691.942265086665,-2498.814488932003,180,770
d2-001,3,pre,pre,533.3834271207111,870,1462.535740605923,-1354.7422640291973,255,1050
d2-001,4,post,first,739.9162129392412,515,2205.3056301102347,-1954.3039954208473,245,740
d2-001,4,pre,pre,603.935748993395,805,1300.5989597558964,-2267.0338467675283,280,1080
d2-001,5,post,first,759.9002409027864,415,3151.3159685185847,-2380.5073983013513,155,730
d2-001,5,pre,pre,630.2050604288308,755,1673.0997152218888,-1938.5116943097948,240,920
d2-001,6,post,first,688.9175050435272,510,2265.775528728541,-2104.8527861745365,270,800
d2-001,6,pre,pre,556.0683945574142,740,1439.605917031217,-1903.9984730861179,265,1060
d2-001,7,post,first,700.6813860393044,500,2334.2649793193295,-1675.3186616792198,195,755
d2-001,7,pre,pre,579.0411586502455,620,1497.4317258091464,-1302.5082590133125,190,1050
d2-001,8,post,first,762.9982074579978,465,3011.7366793760984,-1894.032891528645,220,665
d2-001,8,pre,pre,576.0418676980457,630,1261.212210380766,-1523.331363764469,175,1010
d2-001,9,post,first,850.4858701212775,485,3237.909484698711,-2613.646317410349,375,725
d2-001,9,pre,pre,608.9776436546639,690,1538.1114996822228,-1805.5572011228674,185,1015
d2-001,10,post,first,821.167232629517,445,2923.186994392291,-2188.0750577645294,220,735
d2-001,10,pre,pre,587.1501699252044,740,1218.4226120166454,-1697.4265462992562,75,985
d2-001,11,post,first,858.5918040989384,415,3462.1806427351817,-2620.4103273309497,205,615
d2-001,11,pre,pre,583.7007142915859,800,1311.2726403066324,-1704.720920610715,210,1095
d2-001,12,post,first,897.6699932212833,405,3863.8839538224,-2507.3546573998333,200,530
d2-001,12,pre,pre,455.4931678467531,885,1723.6456154813136,-947.0935528798259,245,1160
d2-001,13,post,first,738.7547115589234,455,2579.29576750895,-1953.2322536519011,175,845
d2-001,13,pre,pre,583.6756607148056,1040,1227.0740829208926,-1553.8977344977516,480,1290
d2-001,14,post,first,858.0861914947793,455,3651.3488452658075,-2329.7199304564692,290,665
d2-001,14,pre,pre,546.3052714480548,680,1233.6165926613016,-1454.8821730567072,210,1080
d2-001,15,post,first,910.8435834887669,370,3663.982201307872,-2638.8067435688267,225,585
d2-001,15,pre,pre,674.2999884627806,625,1567.3672044753193,-1971.9983388601079,295,870
d2-001,16,post,first,917.7505799174838,400,3884.429778850922,-2962.831623217308,270,625
d2-001,16,pre,pre,591.1144487226247,845,1523.3184816349235,-1736.9566222997325,335,1065
d2-001,17,post,first,1024.2160236279174,375,4078.100609143052,-3762.392813846939,205,565
d2-001,17,pre,pre,664.9257028912035,490,2197.729357674596,-2064.137882480438,165,840
d2-001,18,post,first,940.0332057396129,365,4219.354350895539,-2643.661810022695,240,615
d2-001,18,pre,pre,734.4269238968335,540,2259.1668967560404,-2572.5316105665643,270,770
d2-002,1,post,first,1077.392044921225,480,4621.262127164273,-3498.990049480161,390,585
d2-002,1,pre,pre,723.1951146796698,825,2295.0437251981616,-2398.397552399819,555,1035
d2-002,2,post,first,995.7235945794332,695,3026.2772995042706,-3193.417886584209,590,775
d2-002,2,pre,pre,719.5653738707852,740,1938.0741020474384,-2765.061261169888,420,950
d2-002,3,post,first,1097.376437685007,565,4513.6126071864555,-3848.863248807443,480,690
d2-002,3,pre,pre,850.4151669403243,590,3166.481525759565,-2278.32687412992,455,720
d2-002,4,post,first,1048.6780352626492,510,3238.0534482840185,-3510.554580461402,405,700
d2-002,4,pre,pre,904.4373578565107,580,3142.0519124202974,-3732.508313493428,115,745
d2-002,5,post,first,1020.9115857300471,595,3633.002352216543,-4119.557441732056,455,750
d2-002,5,pre,pre,971.5115901978145,550,3466.3258613285516,-2802.895685507475,415,815
d2-002,6,post,first,1171.5880184148427,505,4660.458629957517,-3779.9261896618887,370,555
d2-002,6,pre,pre,898.669117141355,590,4550.929154423532,-3566.721577317049,120,785
d2-002,7,post,first,1062.3514394554845,510,4290.5365089349725,-3295.5538634566174,380,725
d2-002,7,pre,pre,958.3484419423603,625,3476.3551009365683,-3031.1132088485456,465,780
d2-002,8,post,first,1103.9930739797705,550,4145.388033917619,-3833.8909300221144,425,665
d2-002,8,pre,pre,963.3457375610124,565,3384.8766722190494,-3052.306870122953,435,755
d2-002,9,post,first,1088.6679857751865,585,4228.5746566554635,-3709.435602579421,490,725
d2-002,9,pre,pre,963.0864863213213,545,3766.833334788784,-3411.1923806821214,460,810
d2-002,10,post,first,882.7378739103809,645,2229.3028716816307,-3175.987993270868,360,815
d2-002,10,pre,pre,1001.3742630038884,515,3303.2936031318895,-3076.5239228374044,370,625
d2-002,11,post,first,1051.0590437313701,505,3660.980293344762,-3502.441532127139,375,680
d2-002,11,pre,pre,907.3500084167149,585,2961.168477640381,-2955.806412414393,415,805
d2-002,12,post,first,1094.1266029653937,530,3614.066703797153,-3662.5957530121746,415,620
d2-002,12,pre,pre,920.722182610648,490,2773.396730155456,-2959.2542475594614,110,655
d2-002,13,post,first,1037.556594988921,580,3599.583317114313,-2958.0354558688755,445,830
d2-002,13,pre,pre,972.7362879936196,555,3275.8037719498734,-3492.094849815645,440,705
d2-002,14,post,first,1109.2235637908327,530,3794.518987273337,-3602.864805470351,440,720
d2-002,14,pre,pre,1060.7835394133213,515,4689.658410512275,-3895.460131013047,395,690
d2-002,15,post,first,998.4836065806053,525,3483.140557866381,-3547.981960763882,380,710
d2-002,15,pre,pre,984.2290573042652,665,3474.3931076407844,-3223.8934514459866,520,845
d2-002,16,post,first,1115.786457614903,510,3961.529016146301,-4135.320059054287,360,685
d2-002,16,pre,pre,1082.2115253150296,560,3406.158162842296,-3612.797111864711,520,745
d2-002,17,post,first,1003.5139932992244,580,3178.4825883203102,-3174.4751379865065,450,710
d2-002,17,pre,pre,1042.0883549656141,530,3255.026890460394,-3866.2153848148046,375,680
d2-002,18,post,first,1010.4657361549117,600,4017.527781579969,-3172.21673865111,435,800
d2-002,18,pre,pre,1038.3138965246098,570,3819.0667784027273,-3307.656962188,430,670
d2-003,1,post,first,824.2412073175359,515,2558.342963103926,-2030.383147037013,135,805
d2-003,1,pre,pre,836.6394675624019,670,2228.0086993756895,-2035.5956425428847,270,985
d2-003,2,post,first,657.3612044331651,560,3965.251798764058,-1411.2289199260586,125,840
d2-003,2,pre,pre,737.1994277434087,560,3795.2990402697087,-1902.5992727447262,145,745
d2-003,3,post,first,743.5127658388902,745,4023.1001790256287,-1643.1874129847306,115,785
d2-003,3,pre,pre,800.6433100637832,595,3891.8300530319343,-2784.5829298966064,145,890
d2-003,4,post,first,635.9571799454916,655,4845.741005991482,-1652.1841911677418,120,1070
d2-003,4,pre,pre,813.444648841891,555,4899.122794845393,-2453.5931290930966,170,915
d2-003,5,post,first,653.1766913633281,580,3114.7691358211005,-1515.1204912828102,130,815
d2-003,5,pre,pre,738.0713972876845,620,3067.434537063615,-2043.4319318560508,180,870
d2-003,6,post,first,837.3003613970866,590,5111.342188143035,-2704.8643909040125,155,760
d2-003,6,pre,pre,711.1752315931392,645,3414.961580701471,-2013.3998747231433,145,910
d2-003,7,post,first,928.3815729878801,445,5044.4973733539255,-3137.0899412888016,105,695
d2-003,7,pre,pre,776.7164868832294,620,5066.127511023652,-2216.452419802786,135,830
d2-003,8,post,first,609.1910259677138,660,2266.655064464766,-1668.485880939225,115,970
d2-003,8,pre,pre,919.2605715022089,490,5819.814134054202,-3435.0542773359084,120,620
d2-003,9,post,first,929.3836343036389,490,3828.749036477126,-3375.163513295941,105,665
d2-003,9,pre,pre,771.1329195850221,555,4634.001941143706,-2323.285365540717,115,795
d2-003,10,post,first,814.9068459644568,550,3362.3899108317282,-2586.571598099308,150,735
d2-003,10,pre,pre,933.1278958084602,600,4450.759280679337,-2850.526005362288,105,725
d2-003,11,post,first,790.4318019864616,520,3415.7445691153007,-2353.919270134091,170,790
d2-003,11,pre,pre,806.4829239368726,625,3180.7607349629593,-2473.3986764878837,120,900
d2-003,12,post,first,850.4128557985466,690,2466.6612624114873,-2518.300979417983,115,960
d2-003,12,pre,pre,790.4166935378075,675,2556.6745160510445,-1685.8642923923571,150,970
d2-003,13,post,first,528.1034195520274,770,1549.2117943269814,-1132.7683986837376,570,1215
d2-003,13,pre,pre,893.1846459371891,670,2944.6922701967087,-2237.2207589177833,130,840
d2-003,14,post,first,690.6636299212043,655,2486.897700718254,-1697.2173071639027,115,980
d2-003,14,pre,pre,789.2607904069689,755,2948.7535468985366,-2584.683665615482,195,970
d2-003,15,post,first,822.0951817436012,620,4262.922055183537,-2473.2583065180897,110,795
d2-003,15,pre,pre,939.0454889542314,665,3732.8978155306113,-2664.734098728431,160,790
d2-003,16,post,first,859.137434447222,555,4381.65873287537,-2226.787875939143,170,690
d2-003,16,pre,pre,850.9719496713511,590,5603.92335015905,-2626.537179703963,120,850
d2-003,17,post,first,817.4525248497572,595,2681.344801857993,-2131.8445313746506,275,710
d2-003,17,pre,pre,948.2587701896625,570,4734.606427547542,-3484.7802695366154,165,735
d2-003,18,post,first,921.9648971793632,520,3735.5468753877444,-2646.6080200441775,165,645
d2-003,18,pre,pre,895.9355429718285,660,4431.171094081694,-2844.674385867054,150,835
d2-004,1,post,second,688.1686104410105,670,1994.440599890308,-2114.684411910474,480,945
d2-004,1,pre,pre,675.3003115676224,865,2069.564191719724,-2728.9005128983017,750,975
d2-004,2,post,second,518.9210243786473,800,1285.8131238479507,-1666.608163605726,120,860
d2-004,2,pre,pre,727.3491639178869,595,2071.7431811193337,-1885.6212273384501,185,820
d2-004,3,post,second,459.34114632157934,825,1164.0063282095653,-1122.626384497241,95,970
d2-004,3,pre,pre,780.494712436583,725,3454.404724353497,-2335.201152725722,590,935
d2-004,4,post,second,520.4515786154938,710,1815.982193453954,-1667.0386291503537,165,945
d2-004,4,pre,pre,805.1173720543643,514,4263.9716520598395,-2849.5005503461925,364,679
d2-004,5,post,second,562.065867498023,575,1869.470518353196,-2016.7460542618958,105,870
d2-004,5,pre,pre,553.8751686859453,1010,1581.5869818156539,-1195.80176343103,945,1350
d2-004,6,post,second,574.2770681306592,590,1563.7198093605418,-1627.1519272835594,110,865
d2-004,6,pre,pre,706.718250329717,505,2890.1337200816724,-1516.3286152795235,360,935
d2-004,7,post,second,546.1208396524319,490,1552.6948134005477,-1411.2777644201935,350,885
d2-004,7,pre,pre,584.5146223868896,670,1467.9360060822107,-1512.8164080778888,530,1005
d2-004,8,post,second,613.6314260194714,505,1887.361438985672,-1841.107128129403,335,875
d2-004,8,pre,pre,491.39936966520247,570,1440.935345829125,-1100.3158904262305,100,1120
d2-004,9,post,second,599.3936990372592,535,2632.630249990005,-1532.5529925040137,160,915
d2-004,9,pre,pre,498.76050919072975,935,897.3553844976735,-2232.5785048847847,820,1195
d2-004,10,post,second,571.6433405286607,700,1250.679279035191,-1835.0595007356342,360,875
d2-004,10,pre,pre,591.3095359444517,520,1538.3416395234563,-1533.1760069050024,440,850
d2-004,11,post,second,674.1965261814098,590,1790.1020383995728,-2483.077237574259,350,785
d2-004,11,pre,pre,557.1450294592056,760,1156.6462862867534,-1712.138221109481,320,965
d2-004,12,post,second,542.6347549734861,600,2038.75443293195,-1623.523257017035,130,785
d2-004,12,pre,pre,593.5117231196812,575,1667.4059313524033,-1603.99687003213,370,830
d2-004,13,post,second,584.6224222884755,600,1570.4206857506347,-1654.3730202308946,170,820
d2-004,13,pre,pre,460.7883960510043,690,1712.5775580928644,-1231.780635281735,150,1115
d2-004,14,post,second,490.52419893913634,640,2876.0662105492484,-2048.9381730614577,115,980
d2-004,14,pre,pre,556.789091414521,630,1436.4153558725693,-1835.1927225930867,155,770
d2-004,15,post,second,592.1202244569556,525,1718.6039612116515,-1981.2998587208876,350,780
d2-004,15,pre,pre,520.5457611825938,775,965.5159365185243,-1898.8155262977718,510,920
d2-004,16,post,second,559.8453006051518,405,3406.8946786649967,-1848.23844923886,120,840
d2-004,16,pre,pre,534.6856599674154,680,1215.0570488944954,-1454.367762410212,355,865
d2-004,17,post,second,525.3668842854697,690,1141.2885745257536,-1957.4723844496539,230,970
d2-004,17,pre,pre,539.2112856755236,730,1211.3610035027173,-1488.3001282278758,415,955
d2-004,18,post,second,646.1869245927071,595,1706.8958462992496,-1569.8449921532492,330,815
d2-004,18,pre,pre,583.4842194572442,735,1924.6148806036751,-1555.2346166071477,565,925
d2-005,1,post,second,723.2727858392955,395,3282.0444109808045,-2365.110702177504,160,750
d2-005,1,pre,pre,554.9047418343596,450,1737.9048915460726,-1411.8982902330822,280,900
d2-005,2,post,second,805.0060807082482,410,3363.9177136228454,-2294.008988748411,205,655
d2-005,2,pre,pre,716.2356316464933,670,1514.1724270143345,-2707.1260572039723,450,775
d2-005,3,post,second,864.9625554117183,490,3303.122835003348,-3050.2272275119235,200,685
d2-005,3,pre,pre,865.4913286250351,425,3764.522538958162,-2405.6545745724025,155,800
d2-005,4,post,second,866.4651808553781,480,3661.776752413445,-2728.875789024628,230,590
d2-005,4,pre,pre,805.2411248934654,550,3051.6650507120776,-3456.3090335432053,195,725
d2-005,5,post,second,947.9038795315278,430,3630.8764517202058,-2892.3734427329714,175,485
d2-005,5,pre,pre,893.6637581076254,400,4336.71658261804,-2663.19071827624,165,525
d2-005,6,post,second,897.8491291658119,510,3891.362950009784,-3033.8923479511013,240,690
d2-005,6,pre,pre,886.2766789695379,480,4222.353252158264,-2382.355355902354,250,795
d2-005,7,post,second,958.7473608338876,475,3610.3298776224788,-3659.9348080284767,220,670
d2-005,7,pre,pre,972.7479693786793,565,4373.990190407972,-4043.6825590273056,340,730
d2-005,8,post,second,859.4536438876273,540,2649.876966111483,-2853.847890236187,285,635
d2-005,8,pre,pre,741.162549993108,470,3933.0527071792912,-2514.295147562715,145,645
d2-005,9,post,second,955.2095652166012,455,3813.3725063319093,-3150.615390106419,210,575
d2-005,9,pre,pre,922.369519386549,420,4799.71023475005,-3216.4373510239698,190,500
d2-005,10,post,second,852.1751126920879,465,3403.0864723639984,-3060.525047962814,205,630
d2-005,10,pre,pre,1059.5572596352886,430,4062.425860256446,-3667.887362829739,215,595
d2-005,11,post,second,975.4354503666955,435,3948.9502103836103,-2881.1362771665445,220,560
d2-005,11,pre,pre,903.8311046221966,480,3506.5335836428108,-2858.9455034268226,190,660
d2-005,12,post,second,847.0891669720485,440,4557.558001020974,-3049.79541412221,220,710
d2-005,12,pre,pre,994.7895754824826,465,3393.8100683254597,-3971.7111485945225,195,635
d2-005,13,post,second,990.8496239915968,390,4222.510828394096,-4147.028908793643,205,525
d2-005,13,pre,pre,926.5173826328707,385,4263.47878708819,-2648.8119446715664,210,505
d2-005,14,post,second,877.3437976235864,405,4303.050966882818,-2835.4926007607114,215,600
d2-005,14,pre,pre,1049.0193727313026,435,3892.369921848888,-4310.141568472272,200,575
d2-005,15,post,second,892.6963277863772,425,4105.873015008559,-3140.5296462097276,210,645
d2-005,15,pre,pre,1024.6133825804422,450,4118.485792738698,-4077.1263971876215,200,595
d2-005,16,post,second,999.0118230398183,405,3961.51923620705,-3366.7641796479443,215,595
d2-005,16,pre,pre,1098.0551490649361,450,3809.282020137689,-4226.90529525515,205,610
d2-005,17,post,second,1101.374154781105,340,5460.011190231122,-3778.112615739015,205,450
d2-005,17,pre,pre,1108.018182360353,410,4376.288250363768,-4041.4222248377973,195,510
d2-005,18,post,second,1054.7147287455707,310,5460.428835409679,-3707.614285716263,190,490
d2-005,18,pre,pre,1033.0655218547367,470,3913.257119835556,-4217.197416779376,250,615
d2-006,1,post,first,849.7001437940714,545,2320.9368237750386,-2566.5832326760897,455,790
d2-006,1,pre,pre,762.8978755750909,490,2222.1793801931394,-2689.925664714613,215,675
d2-006,2,post,first,806.5298318387025,625,2561.030914704733,-2615.1465882609727,295,800
d2-006,2,pre,pre,817.5585214440159,470,3551.506989155426,-2145.315255205658,115,615
d2-006,3,post,first,718.9111809309205,605,1818.4248143776704,-2224.1083526919647,525,815
d2-006,3,pre,pre,810.7041062266064,530,2424.8656204856743,-2467.151105500435,200,745
d2-006,4,post,first,883.3582162999683,660,2197.3606472527617,-3484.3893749136437,535,770
d2-006,4,pre,pre,865.5300672425087,500,2322.0403191383793,-2727.857751325125,235,605
d2-006,5,post,first,834.4958637858197,590,2602.0754963583922,-2692.799717087013,256.2,755
d2-006,5,pre,pre,834.4196766762971,560,2564.414867941483,-2329.107407454598,440,815
d2-006,6,post,first,878.1263180665177,560,2748.6674175070116,-3726.8863022522382,140,710
d2-006,6,pre,pre,1025.4024529618787,545,3498.6838075374626,-3959.7558947738858,425,695
d2-006,7,post,first,960.9808855008793,560,2661.908410874453,-3650.0612259928344,150,690
d2-006,7,pre,pre,824.3961088655954,570,2104.5314853997843,-2597.755316576583,375,695
d2-006,8,post,first,857.1148734220982,535,2450.56744862462,-2960.0249893593245,235,710
d2-006,8,pre,pre,917.0257821093837,590,2774.093071606754,-3113.1475768000696,225,715
d2-006,9,post,first,867.4654871471823,530,2758.9118485705535,-3661.6446024339925,155,700
d2-006,9,pre,pre,770.3565318252977,660,2371.3951284860796,-2191.6099124606326,415,785
d2-006,10,post,first,885.4413208851092,575,2360.5110174312204,-3389.459922157198,135,700
d2-006,10,pre,pre,763.4924685148025,615,2429.884822386815,-2239.043478580471,185,865
d2-006,11,post,first,875.0583331736229,595,2024.358074651406,-3205.2729892223333,165,710
d2-006,11,pre,pre,892.7783601400145,750,2272.302277236701,-2744.3820125197126,645,945
d2-006,12,post,first,912.1464652567909,545,2806.2971888473426,-3370.00588609411,240,715
d2-006,12,pre,pre,768.8066933521582,635,2489.8352053495414,-2246.581535246176,130,885
d2-006,13,post,first,877.918339039143,560,2848.1806273666552,-3071.1992804353326,130,705
d2-006,13,pre,pre,851.330019889538,645,2991.6074674343017,-2396.228380452312,190,780
d2-006,14,post,first,924.5345038669917,520,3297.7830114026624,-3242.737050554645,145,650
d2-006,14,pre,pre,752.3147610624967,665,2774.1881350526755,-2726.3236751367367,135,775
d2-006,15,post,first,898.016519078919,550,2779.2092465168475,-3200.568310105691,130,715
d2-006,15,pre,pre,728.6797882460805,700,1999.4058950694186,-2467.8698807880783,135,820
d2-006,16,post,first,1004.6868123333434,535,3165.313197000882,-3687.466231460966,395,660
d2-006,16,pre,pre,860.4698796548796,660,2369.8372096138773,-2602.5867398269434,510,800
d2-006,17,post,first,843.7076924496332,565,3275.2214223188594,-3421.4410359614476,180,660
d2-006,17,pre,pre,860.3037146021618,655,2417.1587488054315,-2944.6838480702295,515,815
d2-006,18,post,first,811.2084089428088,540,2264.181582341018,-2031.6387043455175,105,655
d2-006,18,pre,pre,842.9413578801139,715,2628.936241926541,-3333.124376402256,280,840
d2-007,1,post,second,1065.6406181047244,510,4204.9833844263585,-4014.9105296099456,200,710
d2-007,1,pre,pre,1036.0468882139685,465,3609.280952807977,-4076.5674972633897,105,605
d2-007,2,post,second,1036.099639093604,515,3620.109860312748,-3293.8912515729326,430,620
d2-007,2,pre,pre,1057.9062258827203,565,3783.3509808691633,-4173.307974044255,185,685
d2-007,3,post,second,1095.4687513139618,440,4517.42495269941,-4032.584225726987,140,570
d2-007,3,pre,pre,1054.9585601122687,485,4267.840302195782,-5617.931220701598,175,620
d2-007,4,post,second,1028.6348265863026,570,3396.9407923669332,-3730.2917799308343,225,740
d2-007,4,pre,pre,794.7243655282222,645,1786.832062201542,-2294.3742687026775,310,865
d2-007,5,post,second,990.3759869708512,480,3829.8808235008414,-3182.1700700185556,145,645
d2-007,5,pre,pre,984.4442551882362,510,4141.412386889277,-3285.1395680298006,155,640
d2-007,6,post,second,1014.7883592361452,440,3567.8781207130014,-3527.1360807557,205,645
d2-007,6,pre,pre,934.728302758851,490,3854.797524142759,-2865.861310971999,125,730
d2-007,7,post,second,1065.1137822935896,545,3844.692800251025,-4692.025691123508,160,680
d2-007,7,pre,pre,1102.3769837373138,485,3311.373593540861,-4270.633929503946,390,625
d2-007,8,post,second,1069.3848392751931,470,4079.3750145340555,-4609.891533187794,415,680
d2-007,8,pre,pre,1027.7584851660952,490,3819.8522574137874,-4099.8108106392965,180,635
d2-007,9,post,second,1131.5383059074554,505,5165.892377953005,-4450.0720977911915,425,675
d2-007,9,pre,pre,1082.5655832665202,460,3912.9600457634765,-4673.893236484794,180,590
d2-007,10,post,second,1136.9883593733375,460,5229.996290057298,-3559.784324675499,135,570
d2-007,10,pre,pre,1174.1282246473647,445,3634.738545755407,-6073.072479681777,175,555
d2-007,11,post,second,1086.1474622965031,550,3551.8278874240714,-4213.957100454301,425,685
d2-007,11,pre,pre,1087.886779362519,500,3419.7771779677,-5016.933672121024,205,615
d2-007,12,post,second,1208.1745548042152,540,4183.142247926668,-4331.908693084124,195,715
d2-007,12,pre,pre,1288.6142828397942,450,4555.917280242782,-6859.99895737654,340,555
d2-007,13,post,second,1064.0296479741137,560,3659.680149923858,-3831.184085170655,150,690
d2-007,13,pre,pre,1189.0963216170503,460,4112.933623156687,-5610.449771096502,190,580
d2-007,14,post,second,1186.5901889465629,465,4975.577612629992,-4127.669515798445,395,580
d2-007,14,pre,pre,1224.1350671340706,465,3633.4987186472913,-5409.161551207444,180,580
d2-007,15,post,second,1083.58039846661,500,4817.301800512939,-4055.108995845137,130,620
d2-007,15,pre,pre,1136.7070537517873,475,3808.485770043984,-6042.49724844027,220,560
d2-007,16,post,second,1317.401633751926,470,6473.743743171282,-5993.065747013872,400,645
d2-007,16,pre,pre,1180.6277826891614,415,4592.344831484497,-5943.3400016879805,185,555
d2-007,17,post,second,1224.088903535614,500,5781.269153513512,-5205.41061503484,425,615
d2-007,17,pre,pre,1189.4759138845395,440,4026.357590890228,-5033.185359901539,165,565
d2-007,18,post,second,1111.5422776195717,555,4587.836036023355,-4114.914413782515,445,780
d2-007,18,pre,pre,1162.8626365764094,435,3644.855269909183,-5623.761192190469,395,600
d2-008,1,post,second,1039.615865318478,545,3730.4975265470594,-3793.978489277715,425,660
d2-008,1,pre,pre,1065.3653712247115,535,4304.455977356777,-3732.028445817324,435,630
d2-008,2,post,second,1275.4727330491726,515,6481.277406534362,-5203.719069244988,430,665
d2-008,2,pre,pre,810.0004747702699,650,1792.6956789932283,-2556.9532148471762,310,870
d2-008,3,post,second,1350.5443563572203,435,6849.974016029559,-5429.459322497324,365,595
d2-008,3,pre,pre,1168.6159984128326,505,3849.4544240377,-5977.347467119794,395,620
d2-008,4,post,second,1385.0879804315828,420,7071.588226809309,-6628.769845507042,335,540
d2-008,4,pre,pre,1045.785931604055,640,3561.0521235596852,-4011.759500725754,540,790
d2-008,5,post,second,1300.9577779168303,430,6114.171443026526,-4860.057341062398,345,550
d2-008,5,pre,pre,1171.4272016668115,415,4430.3465739843505,-4637.375179326371,305,570
d2-008,6,post,second,1290.8717906577585,450,5771.162410158412,-5205.159179866367,385,530
d2-008,6,pre,pre,911.1429086129216,515,4051.321698419075,-3135.685066830374,145,645
d2-008,7,post,second,1257.6750315026848,500,6029.368275004171,-6026.016848208425,335,575
d2-008,7,pre,pre,1141.6004505371534,455,4311.220417894561,-4381.202051807794,370,580
d2-008,8,post,second,1308.1126415122772,400,5775.595854215584,-5628.950334630486,310,510
d2-008,8,pre,pre,1060.1718078550566,460,6916.123018115426,-3533.3432755510626,150,600
d2-008,9,post,second,1199.5209964439377,415,5012.722573707195,-5270.989243211632,335,590
d2-008,9,pre,pre,888.5810648507451,650,4975.03200871326,-3105.934671978883,570,820
d2-008,10,post,second,1338.6185625851708,415,6459.046298323266,-5962.430512693709,330,500
d2-008,10,pre,pre,953.1508890691838,540,3436.384785211232,-2882.308718059965,405,660
d2-008,11,post,second,1351.7091552808301,425,5777.311018633725,-6449.8060601420475,360,515
d2-008,11,pre,pre,1000.4096795172511,555,3065.672864323727,-3426.400302434099,120,675
d2-008,12,post,second,1509.5036633555924,445,7560.238861344686,-7857.484361573744,380,520
d2-008,12,pre,pre,899.6288716601459,530,4014.926666212661,-2766.275521149973,125,635
d2-008,13,post,second,1333.4227010637157,420,6343.7846784276035,-5413.103919914776,360,560
d2-008,13,pre,pre,1008.8458623709828,625,3172.9919069550124,-4086.0074244843245,510,715
d2-008,14,post,second,1425.4148037256355,395,7343.852069684568,-6188.018049192846,330,515
d2-008,14,pre,pre,1036.9869033931022,510,5367.996147563059,-3666.8735213583773,135,645
d2-008,15,post,second,1361.4665150646188,375,7630.647735661469,-6019.238598373574,310,460
d2-008,15,pre,pre,1115.1400286247344,500,4931.377614143741,-4323.672842324186,130,645
d2-008,16,post,second,1352.1340404714545,410,6611.333537883123,-6706.630058669662,325,495
d2-008,16,pre,pre,1123.713234963588,530,6188.137603483148,-4770.939739450216,130,645
d2-008,17,post,second,1250.402635060358,490,6419.620256754191,-6066.123614142252,370,555
d2-008,17,pre,pre,1219.4773346887864,470,5306.317945651723,-4967.813908250586,130,575
d2-008,18,post,second,1073.9821132730106,410,4179.327435494768,-4980.301289735369,305,545
d2-008,18,pre,pre,1205.5682677660666,435,5388.807030237745,-4257.566827355419,125,565
d2-009,1,post,first,1273.0292253442617,450,5760.42796242562,-5414.4024625322545,370,545
d2-009,1,pre,pre,1149.4909429724019,500,4419.2031985079175,-4013.8537144525544,385,570
d2-009,2,post,first,1224.5150082157636,425,5084.130809931979,-4015.950042741064,195,480
d2-009,2,pre,pre,1285.4599161950755,385,5239.484827920441,-5610.181696026203,195,520
d2-009,3,post,first,1181.3807967174284,460,4330.290405683913,-4361.075075397541,400,555
d2-009,3,pre,pre,1245.2581880432635,380,5257.4520325941085,-5265.262085361281,235,555
d2-009,4,post,first,1183.3748023037324,445,4554.500641333949,-4716.105002718224,370,525
d2-009,4,pre,pre,1243.3003650754827,370,6024.898147906092,-5036.355598221193,170,420
d2-009,5,post,first,1140.6215339851428,410,4004.5497308535846,-4779.521043185732,150,535
d2-009,5,pre,pre,1152.546279379138,355,6557.435529157849,-5179.395845632083,120,455
d2-009,6,post,first,1152.9038452311836,430,5643.2649051521785,-5465.64367540518,130,520
d2-009,6,pre,pre,1440.7478744431755,375,6082.336270700013,-5699.830788811694,315,435
d2-009,7,post,first,1139.4625383640546,440,4427.290655880223,-5277.07526817965,135,520
d2-009,7,pre,pre,1291.563883541938,425,5570.603709108963,-6407.342916459567,365,505
d2-009,8,post,first,1219.6937550427447,485,4720.884076053155,-6349.128366283302,210,560
d2-009,8,pre,pre,1255.1020357465768,435,4571.303158160106,-5729.914729662221,190,495
d2-009,9,post,first,1122.8562147136367,385,4334.555293523866,-5045.616172999006,265,500
d2-009,9,pre,pre,1292.5519451836815,410,4742.522607544873,-5801.597672677921,165,485
d2-009,10,post,first,1143.9062845898284,420,4191.196682795613,-5620.37693561514,135,525
d2-009,10,pre,pre,1368.1250036311883,405,4992.329781959572,-7101.296158485164,175,470
d2-009,11,post,first,1238.151912529968,405,5043.2625623588065,-5516.915128436828,135,505
d2-009,11,pre,pre,1291.9472781274437,370,5725.564969653674,-6802.589218239464,165,440
d2-009,12,post,first,1196.7892769516213,425,4139.870638247718,-4737.065104944133,165,505
d2-009,12,pre,pre,1296.5922791983796,405,4536.29419485598,-6905.2479071114185,340,455
d2-009,13,post,first,1170.0642880910382,375,5283.252386587792,-5288.272249719905,200,490
d2-009,13,pre,pre,1261.007623515758,405,5163.103396508823,-5659.870470093785,205,475
d2-009,14,post,first,1235.889918374061,410,5158.784302366106,-6775.403938016849,230,500
d2-009,14,pre,pre,1352.4635632145805,405,4829.134544397092,-5946.193544814714,180,470
d2-009,15,post,first,1311.9008957119927,400,5491.874888914233,-8225.97303975734,240,490
d2-009,15,pre,pre,1470.2386569226035,400,6644.343513595628,-7488.243892392129,340,480
d2-009,16,post,first,1293.2776213357852,425,4546.803012891762,-5264.7516628410995,245,575
d2-009,16,pre,pre,1271.7220439483167,440,5807.233965767145,-5470.65733845593,270,525
d2-009,17,post,first,1289.308405354448,395,4812.493948955076,-7083.66321437968,235,485
d2-009,17,pre,pre,1487.4387159806656,385,6291.415834525599,-9069.454743986673,305,460
d2-009,18,post,first,1235.1932016292978,405,4353.41277283091,-6042.631517824231,330,480
d2-009,18,pre,pre,1412.2797640935369,350,6420.9458131927395,-7327.2325871274115,155,410
d2-010,1,post,second,1045.4248255525954,480,5794.224842731515,-4063.875408500951,135,640
d2-010,1,pre,pre,865.779251004149,445,2879.1488294151804,-2352.368753755568,100,630
d2-010,2,post,second,1186.3249460476886,405,4916.235659869782,-5251.057656874958,150,520
d2-010,2,pre,pre,1176.308797299938,345,4996.741116429361,-4535.605125234344,135,525
d2-010,3,post,second,1185.0291156360431,455,4105.0866503038815,-5098.422216631823,365,530
d2-010,3,pre,pre,1188.731987216172,410,4461.412663453433,-4541.04572918576,335,490
d2-010,4,post,second,1176.809417411338,440,4737.152661107051,-4547.787068555927,370,510
d2-010,4,pre,pre,1181.9587201826528,420,4720.518079790791,-4581.595989400974,325,550
d2-010,5,post,second,1192.6616002814444,420,5413.44714892642,-5724.841657087293,325,510
d2-010,5,pre,pre,1280.8721409017278,420,4828.7143013991445,-5527.459928010241,345,510
d2-010,6,post,second,1172.8395443090494,465,3985.8146856001604,-6016.762563527425,210,540
d2-010,6,pre,pre,1298.2195104584634,495,5569.218788188848,-6554.7759583116,365,575
d2-010,7,post,second,1142.051464882713,405,4860.706780879949,-5753.594819529353,330,515
d2-010,7,pre,pre,1328.296982401464,415,4869.664151229708,-5782.291381664714,335,515
d2-010,8,post,second,1080.046039989021,445,4487.57726181147,-5345.516501481267,345,530
d2-010,8,pre,pre,1267.7019740870305,450,4342.337651435913,-4668.56664904398,125,500
d2-010,9,post,second,1197.0507731912262,480,4356.544433787189,-5078.209027308683,160,595
d2-010,9,pre,pre,1249.225098250277,435,4657.933118375937,-6285.598807331315,135,505
d2-010,10,post,second,1221.954614922477,475,6320.318353550035,-7161.578351275829,170,570
d2-010,10,pre,pre,1380.519158251567,390,4782.856474565109,-6553.505448386915,280,445
d2-010,11,post,second,1181.0850819464704,490,4542.67294546897,-5062.144693119275,390,575
d2-010,11,pre,pre,1331.998606515901,435,5313.003917949916,-6677.73445014884,330,490
d2-010,12,post,second,1256.962138132672,490,5905.567996302219,-5979.0121776435935,395,585
d2-010,12,pre,pre,1353.0659394810473,410,5988.555677571001,-7383.568580858981,300,495
d2-010,13,post,second,1497.3229551668312,620,9536.736932299258,-6258.073749228848,525,755
d2-010,13,pre,pre,1241.2801779743636,390,4985.727718310316,-5621.35104231551,285,475
d2-010,14,post,second,1267.432673851119,455,5412.2160799308995,-5177.599461088955,365,545
d2-010,14,pre,pre,1355.3293379902066,380,5224.736121460401,-7302.112333404182,310,470
d2-010,15,post,second,1366.8788531087282,495,5792.80280761588,-5847.579863174366,415,600
d2-010,15,pre,pre,1283.0254529122733,400,5358.499461909227,-5497.036386983289,325,595
d2-010,16,post,second,1302.2832124287172,455,5921.875366918683,-5975.197389238563,365,540
d2-010,16,pre,pre,1268.56702680045,370,4999.6421519434925,-7339.278080318059,290,490
d2-010,17,post,second,1240.719600782565,495,6734.19209885882,-5259.907440793536,155,590
d2-010,17,pre,pre,1345.7722197557098,395,5645.959043837012,-6170.669011859165,295,545
d2-010,18,post,second,1129.3778929588145,530,5490.666851661542,-4995.30812560176,120,615
d2-010,18,pre,pre,1332.4432564752278,400,5544.083072934723,-5871.98256102354,325,470
d2-011,1,post,second,1021.5567156110642,440,3328.863029721979,-3268.573100516202,195,555
d2-011,1,pre,pre,728.2687463865235,405,3499.849592598225,-2896.096364900586,140,475
d2-011,2,post,second,810.7576998026077,470,3270.4534963146243,-1887.6156883253316,200,635
d2-011,2,pre,pre,757.7591287752718,560,2929.8234119241474,-2318.308949959009,190,820
d2-011,3,post,second,985.3957206385239,395,3620.2471451231286,-3211.871340724515,125,585
d2-011,3,pre,pre,884.9826065039318,375,5022.845873297265,-2867.2905708169033,150,520
d2-011,4,post,second,954.3203463190036,390,3932.788303746842,-2795.847889970207,120,545
d2-011,4,pre,pre,965.8362745539418,410,4002.161875498367,-3393.0618808823315,170,535
d2-011,5,post,second,1009.4560127371806,455,3951.546261774141,-4299.331982768158,230,545
d2-011,5,pre,pre,812.1808717155532,520,2234.89513174066,-2254.944461106485,180,585
d2-011,6,post,second,997.585727841836,445,3671.269542860173,-3987.412722944438,165,520
d2-011,6,pre,pre,906.3377556672572,430,3331.595408375788,-2715.189025366143,175,545
d2-011,7,post,second,896.2594709488903,455,2840.785630992859,-3072.5652402542714,310,615
d2-011,7,pre,pre,893.9518023493661,370,3891.106969305907,-2832.585314338985,170,515
d2-011,8,post,second,871.6369287574391,445,3302.6948430560196,-2568.4365969012206,120,685
d2-011,8,pre,pre,933.2757116056631,461.1,3280.5082415858888,-3037.171746401255,300,616.65
d2-011,9,post,second,893.6880957116064,465,2402.3416999007686,-2801.1408923793488,390,615
d2-011,9,pre,pre,892.1575054382672,460,3627.2675960669776,-3063.3479439938355,170,560
d2-011,10,post,second,857.7261796082046,470,2694.52101928486,-2723.5419610694316,325,770
d2-011,10,pre,pre,935.7518115300741,425,4135.03693880569,-2593.275449591621,155,565
d2-011,11,post,second,987.4320463282511,445,3297.60189026198,-3025.0136548880873,315,585
d2-011,11,pre,pre,845.4949380450289,510,3626.5374671060176,-3862.715450896757,225,650
d2-011,12,post,second,948.6443099361468,440,3343.2179442848233,-3326.0185470288757,175,575
d2-011,12,pre,pre,967.0487069240844,425,3649.741253721252,-3141.80679919627,370,595
d2-011,13,post,second,774.7893291202136,540,2412.906953666273,-2145.8207111957645,245,650
d2-011,13,pre,pre,864.4948218334728,435,3569.2972724716324,-2999.2263814631165,155,550
d2-011,14,post,second,995.129765640767,365,4165.50318111846,-2616.5019815142377,145,535
d2-011,14,pre,pre,760.5853719468955,510,2369.9988139549637,-1974.1742459297468,105,700
d2-011,15,post,second,1088.6375623902961,425,3754.7862445826245,-4520.988770301214,275,555
d2-011,15,pre,pre,804.8468599817406,490,2626.3485049055653,-2348.6497687364936,290,615
d2-011,16,post,second,890.5452476253524,425,2958.923250625142,-2936.189218982893,190,680
d2-011,16,pre,pre,801.8750204929054,460,3146.471212152145,-1982.097020560461,125,545
d2-011,17,post,second,992.3024605665786,380,4015.7191379068895,-3472.709048675284,200,515
d2-011,17,pre,pre,749.6121820439586,485,2308.4738591299765,-1868.7239947580752,205,775
d2-011,18,post,second,950.8762682108412,425,3328.018925036136,-3748.6939979244703,230,595
d2-011,18,pre,pre,819.3898543644475,450,3210.0294124199604,-2640.9436244437757,190,565
d2-012,1,post,first,874.3015698756508,570,2473.9104259539586,-2465.1002248891896,445,695
d2-012,1,pre,pre,467.8999263014765,875,889.2937807214179,-708.1542653548512,190,1025
d2-012,2,post,first,868.6357685119212,655,3072.278995265552,-2221.248558756125,185,820
d2-012,2,pre,pre,558.4834826953586,730,1523.7086564406059,-1038.7913275532246,125,975
d2-012,3,post,first,929.5548743033655,575,3869.7648081913953,-3059.438109161929,160,790
d2-012,3,pre,pre,651.2591012836567,725,3640.0658545324427,-1582.4256501514135,235,895
d2-012,4,post,first,1091.726484574373,445,4502.812817474734,-4179.618032699281,350,590
d2-012,4,pre,pre,685.5324415916817,755,2076.422746900993,-1830.724192830069,620,1035
d2-012,5,post,first,1122.3801409747607,485,5750.872280848274,-4465.187520365697,375,585
d2-012,5,pre,pre,889.5695233763126,635,2930.6217457480766,-2305.822045685255,135,860
d2-012,6,post,first,1034.7655762551076,550,5056.038731604282,-3181.0302639233523,450,655
d2-012,6,pre,pre,780.7497933376819,745,2980.3349426688337,-2118.777108855971,220,860
d2-012,7,post,first,1032.7301738383799,445,4366.525402629277,-3842.6886393056125,130,600
d2-012,7,pre,pre,838.1919910828044,600,3197.626946761824,-2548.329648061202,125,805
d2-012,8,post,first,905.057385803737,375,3170.6776835208,-2473.860075020877,175,520
d2-012,8,pre,pre,825.5607287031139,585,3018.397744414312,-2138.64996232917,115,835
d2-012,9,post,first,1080.9567961072821,540,4711.508598501459,-3212.8779344666,440,690
d2-012,9,pre,pre,789.1829617666899,840,2239.775778292502,-2654.0728248148616,670,955
d2-012,10,post,first,1072.109849727367,515,4624.803785803564,-3616.126225076533,130,645
d2-012,10,pre,pre,767.1130615063604,560,2701.6642169496868,-2599.576154931997,100,865
d2-012,11,post,first,1145.4281476835158,480,4629.853301697583,-4207.607536634885,145,610
d2-012,11,pre,pre,880.4068362619882,700,2699.1670682546037,-3262.7220363004308,570,900
d2-012,12,post,first,1068.1553559874358,560,3511.033008234127,-4182.100457562087,275,730
d2-012,12,pre,pre,759.7685370391634,615,2038.2003365291725,-2132.3629920057265,440,820
d2-012,13,post,first,1355.2792282880823,465,6285.492727428031,-6047.247454368076,375,575
d2-012,13,pre,pre,672.7714146830631,595,2336.0426489783968,-2082.658801398316,110,810
d2-012,14,post,first,1158.2598365670492,470,4925.651878550826,-4478.490212221253,125,625
d2-012,14,pre,pre,685.8257146677054,770,1599.8688958008443,-1854.1640486949163,130,895
d2-012,15,post,first,1121.1631358125617,570,4028.9059375456795,-3983.4075186262276,240,715
d2-012,15,pre,pre,758.7835682039631,690,1806.0465121382142,-2711.067447069794,570,920
d2-012,16,post,first,988.8168939117425,505,4327.30768884197,-2933.1724155931715,130,550
d2-012,16,pre,pre,748.6267232181399,635,2100.08822468328,-2011.4887228076914,485,740
d2-012,17,post,first,1082.5015754936016,460,3874.2892630135975,-4355.474912182334,320,605
d2-012,17,pre,pre,775.3441946894446,635,1993.4067205564306,-2700.0403478867697,435,870
d2-012,18,post,first,1269.544794008475,455,6591.656821525252,-5935.808006897292,360,560
d2-012,18,pre,pre,755.7023665220975,645,2117.214859619696,-2204.999398749039,125,785
d2-013,1,post,second,888.2621164610073,665,2382.997318437041,-2058.1159760319133,540,775
d2-013,1,pre,pre,906.193180013348,420,4527.083720309768,-2656.2725393054043,325,615
d2-013,2,post,second,961.0392565727169,585,4071.147418446526,-3687.689868170254,185,675
d2-013,2,pre,pre,884.7531484376365,475,3344.016028050404,-2687.1549607067354,365,680
d2-013,3,post,second,938.401049368709,555,3768.2599682600344,-3110.306928635933,165,755
d2-013,3,pre,pre,930.5094836050839,560,2823.6165884629577,-3380.9006017794118,180,755
d2-013,4,post,second,946.6215428053551,540,5175.588342655824,-3359.067086088167,170,710
d2-013,4,pre,pre,948.2828566198309,605,2834.7597459975905,-3839.139919586618,240,725
d2-013,5,post,second,954.1322503238804,630,3177.1260448976955,-3279.219684029319,390,810
d2-013,5,pre,pre,971.8749206180318,485,3399.127624046464,-3174.7556378358668,190,585
d2-013,6,post,second,971.1355038468123,545,3848.67689733805,-4011.6752772206137,165,705
d2-013,6,pre,pre,931.9934272592948,480,3109.7481059510774,-3698.5016774244214,345,570
d2-013,7,post,second,978.4124383539441,515,4738.059199663921,-2979.5337083534605,135,720
d2-013,7,pre,pre,763.7392609476867,535,2425.4435223540418,-2874.7752472195098,305,730
d2-013,8,post,second,1044.7963581543036,570,3274.698078435224,-3777.64463109416,485,745
d2-013,8,pre,pre,788.6981755491947,505,2814.322295441727,-1999.4250674591312,195,715
d2-013,9,post,second,1097.4101633032026,510,4618.343978414465,-4277.334904166236,125,655
d2-013,9,pre,pre,794.2712170694197,560,2597.2513475883716,-2578.210925427661,210,655
d2-013,10,post,second,1128.4311722340387,510,4171.244342486472,-4467.901517164473,170,645
d2-013,10,pre,pre,995.654561428176,460,3993.750223013002,-5012.959404419351,145,645
d2-013,11,post,second,1124.934290135272,490,4631.939826516974,-4440.688532858639,145,680
d2-013,11,pre,pre,958.5406012327863,605,2974.7355363124007,-4279.687453326465,280,795
d2-013,12,post,second,1058.7964992481338,535,5239.556736395302,-3404.362285604976,185,680
d2-013,12,pre,pre,960.6820300459925,450,2861.983821706296,-2974.81958421509,130,615
d2-013,13,post,second,1104.4999254463278,520,4482.571380869367,-3998.0473229015524,410,600
d2-013,13,pre,pre,1013.0432322282745,515,3350.4184808482214,-3751.77085893683,440,650
d2-013,14,post,second,1055.9422148060314,530,4250.6296864906035,-3636.8740321100086,410,710
d2-013,14,pre,pre,888.0991974814433,530,2835.5431151736066,-3222.3683003436354,360,690
d2-013,15,post,second,983.0256664853284,525,3568.4937076507895,-3525.4747503761782,180,610
d2-013,15,pre,pre,863.6843762092351,550,2463.4954752700596,-3502.6455111349396,355,690
d2-013,16,post,second,896.9801204279637,475,3051.0286819832727,-2368.191182602444,140,615
d2-013,16,pre,pre,895.4020199998862,560,2818.388392309122,-3467.893983724746,380,680
d2-013,17,post,second,1067.9918156838419,455,4960.0826853019025,-3291.3244842389818,375,665
d2-013,17,pre,pre,940.657290520842,565,2713.914378601244,-3451.0667653964356,450,720
d2-013,18,post,second,1125.366602969193,540,4256.302472358759,-4337.188367192977,440,685
d2-013,18,pre,pre,1048.9902760731134,445,3797.4417220647792,-3797.7353728464896,325,535
d2-014,1,post,first,1417.9520550747661,320,7442.308877865116,-7482.879033690945,240,410
d2-014,1,pre,pre,1371.2057036718247,265,9615.109385702717,-5409.213777873019,205,475
d2-014,2,post,first,1255.0920303112591,330,6223.341749462044,-5868.462985932469,210,485
d2-014,2,pre,pre,1355.7641262267502,360,5911.511095867971,-6558.277905403601,195,465
d2-014,3,post,first,1323.5587386250145,345,5732.50898624352,-7110.15929072579,145,505
d2-014,3,pre,pre,1524.4958767087974,300,8465.569046571149,-8385.541132025483,225,465
d2-014,4,post,first,1263.2386796953588,350,5562.9547630825255,-6832.251037223291,240,495
d2-014,4,pre,pre,1407.264235244104,280,8316.068058001632,-8017.866691356511,210,485
d2-014,5,post,first,1333.3544224036164,335,7716.323606338034,-6514.264999966032,275,515
d2-014,5,pre,pre,1470.2657865140636,355,7939.851527370165,-8269.03210017571,285,500
d2-014,6,post,first,1659.739018429837,340,10409.297773927654,-7864.217291200774,270,465
d2-014,6,pre,pre,1591.6162598350602,370,8299.678173306287,-11278.101256923537,265,460
d2-014,7,post,first,1506.6987237219412,415,8490.85079122391,-8316.406181536582,340,550
d2-014,7,pre,pre,1590.4160626536382,355,8929.504081625824,-10401.37288348364,280,500
d2-014,8,post,first,1513.39732263351,325,7100.245098032543,-8500.35594320832,250,445
d2-014,8,pre,pre,1523.4857718297303,355,7830.983005452544,-7838.411388741746,245,470
d2-014,9,post,first,1543.1832407988254,315,7936.820881655949,-8881.654409008966,265,455
d2-014,9,pre,pre,1463.87997061783,350,6651.433893035569,-9477.319225465724,280,495
d2-014,10,post,first,1549.1727902848652,360,8352.730926694152,-8837.72083458444,290,470
d2-014,10,pre,pre,1532.3371089051418,360,6980.652021499468,-10111.422250146305,200,450
d2-014,11,post,first,1651.7737016451488,395,9857.067549394633,-9207.611468782718,315,515
d2-014,11,pre,pre,1617.8664869787472,470,8326.696759500968,-10234.575242331885,385,565
d2-014,12,post,first,1497.0488697364397,315,8104.615280138847,-8489.57383996637,250,435
d2-014,12,pre,pre,1471.5823197635323,345,7655.832929983319,-8876.336788688353,265,475
d2-014,13,post,first,1460.7051884955192,330,9084.518992823185,-7133.3172625168845,245,485
d2-014,13,pre,pre,1593.87815369264,350,6912.2898555730535,-10965.280141260193,265,460
d2-014,14,post,first,1742.6516532244075,335,9674.091577572646,-10748.108222874938,255,460
d2-014,14,pre,pre,1533.9355432982518,375,9414.907205283525,-8652.677979876324,285,500
d2-014,15,post,first,1656.961303104,340,8531.116467208001,-11795.342434759697,200,430
d2-014,15,pre,pre,1395.6213867119884,335,6645.153354897226,-9741.048241288121,265,480
d2-014,16,post,first,1472.177887912095,300,7700.686170899917,-7801.782988673795,155,440
d2-014,16,pre,pre,1563.4591872053861,385,8265.91384916529,-9793.005370453075,270,465
d2-014,17,post,first,1538.5781274407911,320,9178.084780172658,-9043.269441188733,245,465
d2-014,17,pre,pre,1501.833705633891,335,7725.737162772606,-8951.025119307695,220,440
d2-014,18,post,first,1698.9607658255218,305,10492.868071996609,-10578.731283325029,235,415
d2-014,18,pre,pre,1564.2384393219788,390,6985.507905413268,-9748.076314117998,285,500
d2-015,1,post,first,960.6554405037607,425,3892.358827846934,-3216.1560648195195,310,550
d2-015,1,pre,pre,613.0729649798021,545,1676.6031932451754,-1585.2303751196769,330,745
d2-015,2,post,first,960.3188526431765,495,3723.2621608414943,-3903.3640894009795,310,645
d2-015,2,pre,pre,993.5361779106582,465,3378.6741390633665,-3900.12810227659,330,690
d2-015,3,post,first,1069.2696972444842,530,3825.9674067543747,-3924.0422506194836,375,630
d2-015,3,pre,pre,1059.9574150601002,455,4125.231881452532,-4301.801596809238,310,625
d2-015,4,post,first,948.5753162068133,455,3781.974033493748,-3094.6276129578273,290,635
d2-015,4,pre,pre,1047.7851703688707,445,3967.449208580856,-4107.199686720849,310,520
d2-015,5,post,first,979.4162927270563,455,3430.2547941606476,-3349.1726349009,310,610
d2-015,5,pre,pre,953.6106764314799,440,3644.0450358325143,-3929.528377119338,250,550
d2-015,6,post,first,1072.9062207579584,460,4285.122814044809,-4031.2775511443874,330,555
d2-015,6,pre,pre,932.6506426489836,480,3401.2457185265202,-3417.764751489681,245,640
d2-015,7,post,first,980.5432004617513,475,3733.3865916767577,-2838.405578133773,320,555
d2-015,7,pre,pre,957.018008937919,440,3148.3953196994617,-3234.533270025651,255,610
d2-015,8,post,first,1034.9031257944312,435,3920.7017789086945,-3831.3407318920463,315,615
d2-015,8,pre,pre,987.9515820857501,445,3876.204315040575,-3654.049463259567,250,575
d2-015,9,post,first,933.130039187412,435,3446.5510006969375,-3539.742108242311,275,665
d2-015,9,pre,pre,883.1571915286817,445,3296.8755083262286,-2996.0320016021087,240,650
d2-015,10,post,first,1066.08771939542,435,4139.902759996747,-3794.2013973285148,325,635
d2-015,10,pre,pre,929.7592488102327,405,4255.888382868917,-2891.503908078766,290,610
d2-015,11,post,first,989.8724658332932,420,3630.1379017661766,-3047.8154975297234,330,545
d2-015,11,pre,pre,930.1595574692484,430,3402.646342665845,-2921.839263111443,305,665
d2-015,12,post,first,964.5737620849712,535,4335.865528870709,-4903.092772531363,330,605
d2-015,12,pre,pre,1019.6431248273086,435,3328.323582535163,-3213.296035010752,230,625
d2-015,13,post,first,1211.5279182753982,450,5248.278057941838,-5643.947756481171,315,560
d2-015,13,pre,pre,1051.9889059636175,415,3411.8743797380857,-4029.8342731679068,260,550
d2-015,14,post,first,954.8401309617052,475,3676.6409623349496,-3708.557164090273,285,615
d2-015,14,pre,pre,1024.7725753301506,460,3573.437086681247,-3827.5456060166725,290,570
d2-015,15,post,first,1054.8126289050595,460,3618.314039374758,-4211.549610463196,345,525
d2-015,15,pre,pre,1003.2815107960631,415,3448.93727142865,-3861.651646991895,165,515
d2-015,16,post,first,1087.152673267645,475,3644.3144578620127,-4468.629314428492,365,555
d2-015,16,pre,pre,980.9817410939454,435,3118.1476772210144,-3266.206630342619,295,530
d2-015,17,post,first,1029.5810443987846,455,3987.050481269146,-3406.0096533807687,320,620
d2-015,17,pre,pre,1035.15879196063,485,3814.368889517952,-3785.884265958532,360,640
d2-015,18,post,first,920.9593409128479,510,3283.1826201766526,-3656.342636586328,285,610
d2-015,18,pre,pre,978.3283731024644,405,3833.5381124947253,-2707.4609588085814,265,550
d2-016,1,post,second,1174.400977654153,410,4576.218492432704,-5580.969015826474,125,560
d2-016,1,pre,pre,851.2949958899055,550,2967.286148542401,-3391.05382397027,430,635
d2-016,2,post,second,1073.5022586249902,450,5851.358092995849,-4273.965039607949,120,630
d2-016,2,pre,pre,1021.8370693093735,370,4202.121101888453,-2726.7915826365265,150,525
d2-016,3,post,second,1115.23426240576,540,4443.572457752423,-6202.557292674954,180,655
d2-016,3,pre,pre,904.5205618876464,640,2894.9238690219927,-2976.833622302478,260,785
d2-016,4,post,second,1136.5426665817247,425,4782.29969623521,-3903.446893442686,150,575
d2-016,4,pre,pre,943.4905544742562,395,4327.672527200446,-2403.2434286783086,160,560
d2-016,5,post,second,1225.085322785576,445,5423.168901933014,-5713.3948999174445,130,550
d2-016,5,pre,pre,756.6893583206061,495,2489.162806159331,-2154.513814385736,320,740
d2-016,6,post,second,1211.9486188318551,450,5779.5976907859895,-5394.972503962268,190,590
d2-016,6,pre,pre,994.3119556919322,480,3347.2477876210123,-2957.7207017181213,360,645
d2-016,7,post,second,1216.9595830790583,485,4678.266218972294,-5324.103432311448,140,625
d2-016,7,pre,pre,782.1825343165071,580,2823.786266394279,-2232.6011712380223,175,860
d2-016,8,post,second,1326.5565344492843,450,4825.895034344574,-5467.16561977339,115,565
d2-016,8,pre,pre,769.7113630297763,655,3239.5355289083955,-2379.900031343826,105,990
d2-016,9,post,second,1315.66118649298,450,5365.409958780292,-5489.212230107465,370,550
d2-016,9,pre,pre,842.948790291262,535,2496.1608257130456,-2750.1131795224255,165,760
d2-016,10,post,second,1290.4924240659982,445,4455.171230848013,-5491.6202350797685,215,620
d2-016,10,pre,pre,949.795594164008,440,2922.451282743784,-2249.8077290705187,160,650
d2-016,11,post,second,1179.9177751268226,440,6000.686430818442,-4689.306744532332,130,525
d2-016,11,pre,pre,990.7186650036219,530,3551.3627748793187,-3509.9384560221233,150,680
d2-016,12,post,second,1169.0924797411826,465,4066.4167005040904,-5343.372299302943,145,600
d2-016,12,pre,pre,952.3808688436418,455,3477.1013275912323,-2733.5888232114985,105,575
d2-016,13,post,second,1250.6357262836032,440,4769.50883992646,-5122.493914579563,150,635
d2-016,13,pre,pre,928.0445106102744,475,2626.0007794072444,-2500.312208833592,375,680
d2-016,14,post,second,1515.6364443955367,435,6996.790074363547,-6971.05122527678,135,505
d2-016,14,pre,pre,923.2356705872228,635,3759.4016930728462,-2599.357023497825,315,785
d2-016,15,post,second,1216.6203737664077,515,4594.960805602593,-4223.6103271869715,365,670
d2-016,15,pre,pre,994.3386705373088,445,3054.151081824172,-2787.3362991641034,355,535
d2-016,16,post,second,1255.8400372090655,425,5797.692104411585,-4300.031690327564,135,615
d2-016,16,pre,pre,1007.922699592081,470,3198.547427372945,-2400.7288269937603,145,635
d2-016,17,post,second,1402.7218755459812,510,6910.689460011771,-7534.579532541211,195,605
d2-016,17,pre,pre,1016.7079828825351,490,4174.439000523463,-3453.893197584833,125,665
d2-016,18,post,second,1489.9223145863539,540,6324.598844167115,-10027.583671036282,130,720
d2-016,18,pre,pre,1018.501906933934,485,2930.4399218575345,-4023.20209549612,105,705
d2-017,1,post,first,1116.6928228938095,410,4178.736969402786,-4636.487044924272,260,575
d2-017,1,pre,pre,1250.896218111275,380,4715.901027844242,-5406.963016579111,270,550
d2-017,2,post,first,1166.6827777916374,360,4848.614557960651,-5038.993265548607,200,465
d2-017,2,pre,pre,1121.8529570743563,360,4998.600677868439,-4639.195827326021,250,465
d2-017,3,post,first,1114.8126698705564,395,5363.80054340867,-3947.1410578247423,275,540
d2-017,3,pre,pre,1166.7543279960375,355,5400.581480108477,-5405.926748967864,270,495
d2-017,4,post,first,1069.2226965191276,420,4282.7205539746865,-4613.7162118290325,290,555
d2-017,4,pre,pre,1109.8014631876247,420,4272.375218850717,-5144.244042920877,275,550
d2-017,5,post,first,1089.663188528397,395,5016.085772852484,-4436.5572742748855,295,590
d2-017,5,pre,pre,1242.5282426765887,375,5950.6952092665915,-5048.570475043907,255,500
d2-017,6,post,first,1131.6309637037027,360,5337.306284904684,-4249.578018180469,275,575
d2-017,6,pre,pre,1193.465659379909,385,4701.250127216459,-5321.428124425524,200,490
d2-017,7,post,first,1064.65619645766,420,5470.7937168686,-4378.253615301232,305,605
d2-017,7,pre,pre,1155.124452895017,435,4969.921909043251,-4517.749914853119,310,530
d2-017,8,post,first,1275.9027038002343,355,6478.166387120277,-6657.887751938453,225,510
d2-017,8,pre,pre,1088.8360700572052,405,4624.564568900561,-4847.199781291932,290,500
d2-017,9,post,first,1147.6863579757273,405,4899.847229396875,-4736.605706431831,280,575
d2-017,9,pre,pre,917.9692163959846,465,3506.2459605061586,-3324.298025655543,220,605
d2-017,10,post,first,1187.9123877178654,355,5662.704782778084,-4733.724216602898,200,535
d2-017,10,pre,pre,987.1736667350036,430,3741.2758504064486,-3811.339840248244,255,555
d2-017,11,post,first,1137.3441241290573,380,5197.529814337356,-5099.668072382853,210,520
d2-017,11,pre,pre,921.6836249453163,440,3031.2766259227574,-3469.5330223846317,295,580
d2-017,12,post,first,1167.443784576641,370,5649.611053267358,-5009.358417940084,225,520
d2-017,12,pre,pre,1060.3367792293257,415,4796.047515709482,-3659.811552741413,290,575
d2-017,13,post,first,1079.7874041209925,435,4567.9474379882095,-3789.457380535459,280,640
d2-017,13,pre,pre,1017.9565471951473,400,4099.218408238891,-4080.3136436246587,260,530
d2-017,14,post,first,1203.820781778912,340,6317.2196588609095,-6475.050182033607,190,510
d2-017,14,pre,pre,932.742430591988,485,4103.61766903928,-3089.4229824024505,305,600
d2-017,15,post,first,1162.5956719760143,325,5927.214697523037,-4822.516217707527,250,450
d2-017,15,pre,pre,1021.8998771235962,445,4363.028113619585,-4263.393106731162,295,560
d2-017,16,post,first,1156.4995725873584,390,4731.602980768944,-4745.541593972983,260,490
d2-017,16,pre,pre,941.9066317521198,355,3789.381280959046,-3115.2188642820784,270,575
d2-017,17,post,first,1303.528376311092,305,8319.406607494791,-5866.866575866746,205,510
d2-017,17,pre,pre,971.0238544984288,455,3928.9648523164983,-3421.282727634193,305,535
d2-017,18,post,first,1303.9340184448072,325,6936.399730767964,-6875.061123681691,250,475
d2-017,18,pre,pre,952.6955693689584,480,3883.058134014851,-3133.520509383671,315,655
d2-018,1,post,NA,1006.544953365544,475,4686.4280940012595,-3231.533245384029,105,580
d2-018,1,pre,pre,1011.5321915255569,415,4511.409690128896,-3344.519218979778,140,620
d2-018,2,post,NA,982.3355539322802,500,3743.892177452861,-3630.841548858906,145,685
d2-018,2,pre,pre,916.5795359898541,500,4131.33422240039,-2969.199010992983,150,690
d2-018,3,post,NA,1084.250752730614,490,4863.707605559237,-4293.95423823168,110,675
d2-018,3,pre,pre,1065.1795416750238,480,4505.437628514642,-4112.354221862987,145,650
d2-018,4,post,NA,1068.565877972847,515,3474.0213158062384,-4588.062973258884,260,675
d2-018,4,pre,pre,1064.6841482139343,520,4340.944914722519,-4526.791263592517,100,685
d2-018,5,post,NA,1120.0803675923976,450,4004.3836766871923,-4385.2153176351685,345,640
d2-018,5,pre,pre,1048.5389133857666,515,3956.0412673058463,-3094.326995155493,145,665
d2-018,6,post,NA,1176.3862907547039,460,4001.3436293272985,-4155.891198354002,385,630
d2-018,6,pre,pre,1030.5337757572825,470,4593.966881636568,-3672.2334866593264,115,700
d2-018,7,post,NA,1085.7098768624355,510,4150.226986145457,-5180.208116418519,135,615
d2-018,7,pre,pre,1061.3748294017782,500,4006.351111319713,-3612.021831522481,115,720
d2-018,8,post,NA,1296.7098543671198,460,4772.27660109645,-5596.587111007878,385,615
d2-018,8,pre,pre,1132.9161232111883,470,3806.5931043755304,-3440.277634162615,130,605
d2-018,9,post,NA,1224.4418863191106,460,3938.1032183693287,-5094.322687120593,145,550
d2-018,9,pre,pre,985.4546004813074,460,3090.3846152770816,-2569.9739100233433,120,610
d2-018,10,post,NA,1178.6538552067752,475,3923.3046520393264,-4382.385151156487,355,615
d2-018,10,pre,pre,966.4134696200931,475,4608.666142360824,-3493.5897666759647,110,720
d2-018,11,post,NA,1049.3577288080023,420,4211.700688980156,-3190.8418934599254,100,605
d2-018,11,pre,pre,1099.0437498046167,490,3202.6071308137434,-4483.469955112385,105,650
d2-018,12,post,NA,1193.814587782039,430,4364.031953526256,-3992.335621109595,360,530
d2-018,12,pre,pre,1058.2685784127684,490,3566.3121841084476,-4389.490336778767,120,650
d2-018,13,post,NA,1237.4293702877444,460,4278.845871483886,-5302.3292842468545,105,625
d2-018,13,pre,pre,1083.7728873178924,510,4089.963873021552,-3944.112816525105,200,670
d2-018,14,post,NA,1231.5167519176948,470,5116.643412656153,-4795.0372499106925,370,595
d2-018,14,pre,pre,1166.2122714440793,440,4377.758063600519,-4823.247142420698,365,610
d2-018,15,post,NA,1072.6177491121657,485,4078.096070418395,-3982.044770360172,365,645
d2-018,15,pre,pre,1060.6076515230825,490,4085.357514560099,-3665.4766062287836,145,640
d2-018,16,post,NA,1184.5096998376362,490,4182.7653525630685,-5167.374550557766,370,650
d2-018,16,pre,pre,1038.1115254597732,455,3621.685204750686,-3658.514574842008,105,615
d2-018,17,post,NA,1224.1808112953545,485,4349.318694710129,-5591.707697855859,355,625
d2-018,17,pre,pre,1045.7391904208005,482.6,3890.642236244229,-3780.5661583146275,110,635
d2-018,18,post,NA,1189.709973308787,465,4222.333735896007,-5667.855553856989,360,635
d2-018,18,pre,pre,1120.5977051303573,470,3701.9029005838593,-4439.218698541114,400,685
d2-019,1,post,first,1336.149444850225,360,5816.671136618386,-5967.986564146171,170,475
d2-019,1,pre,pre,1002.445544688015,390,4994.54501874196,-3684.964201000977,110,565
d2-019,2,post,first,1293.7795888958285,385,4843.254231988722,-4848.8116741196345,145,440
d2-019,2,pre,pre,1289.1660298379231,390,5781.898816580572,-5916.0836013420185,185,485
d2-019,3,post,first,1454.3386351784525,360,7529.654517529424,-7437.896747877584,130,435
d2-019,3,pre,pre,1240.4384641499666,450,4361.694328306705,-5787.93186429444,280,540
d2-019,4,post,first,1532.6973280570255,385,6983.848590998908,-7914.3049432220205,175,450
d2-019,4,pre,pre,1260.8535418909373,405,5032.448881180387,-5746.91674954084,215,475
d2-019,5,post,first,1650.4381352432847,390,7733.203362395335,-8563.253971496179,145,445
d2-019,5,pre,pre,1292.8025592069146,435,4660.173006161478,-5320.163382197439,365,525
d2-019,6,post,first,1712.5803981686295,360,8263.378887862287,-10175.932616456499,185,430
d2-019,6,pre,pre,1327.850080895278,370,6033.350061703993,-4725.174396492363,190,430
d2-019,7,post,first,1862.1337957498577,325,9252.338717050583,-12210.655770704594,180,405
d2-019,7,pre,pre,1450.5017455379932,375,5737.69238062805,-6313.473695181565,320,455
d2-019,8,post,first,1862.7229335991901,330,10390.301243985181,-11792.51622499725,185,425
d2-019,8,pre,pre,1628.4574550259724,390,7781.938759775866,-10001.83913344047,260,450
d2-019,9,post,first,1856.1116892573182,335,10702.047715407381,-12035.999933358991,170,410
d2-019,9,pre,pre,1426.2181579515166,335,7942.029110415289,-6896.420517816746,150,400
d2-019,10,post,first,2006.1422424463995,355,9354.275921972267,-12664.474636034698,170,425
d2-019,10,pre,pre,1637.2976608150097,440,7099.586818484587,-10141.3449847459,140,500
d2-019,11,post,first,2088.5849400669567,350,9912.089158417331,-13833.47157364263,165,410
d2-019,11,pre,pre,1609.838186766314,375,6881.164702141645,-9001.673804378745,135,435
d2-019,12,post,first,2043.9391583132615,350,9835.331277034875,-12893.1092653328,205,430
d2-019,12,pre,pre,1606.4892872431483,420,6744.532890072682,-10552.725995493001,360,485
d2-019,13,post,first,2129.571881137248,355,9893.183162547894,-14824.743738096713,225,425
d2-019,13,pre,pre,1847.970734837067,385,7061.501417956489,-12424.985949204824,145,450
d2-019,14,post,first,1966.9022290609532,370,10213.65143858294,-14642.323921362975,185,435
d2-019,14,pre,pre,1734.9029541111017,460,5607.687626555663,-10464.5061126932,355,515
d2-019,15,post,first,2012.1863858277734,345,10924.056269624201,-13678.49559557054,175,415
d2-019,15,pre,pre,1560.262575454045,380,7191.07777910886,-8564.38195021579,170,440
d2-019,16,post,first,1889.7447676141676,345,10892.698429092674,-12512.31039545509,150,425
d2-019,16,pre,pre,1666.7086870364176,385,6199.56667879033,-10019.076981790435,110,465
d2-019,17,post,first,2051.529578994626,345,13417.987603718062,-13242.056901674607,185,410
d2-019,17,pre,pre,1874.8184437931843,450,6312.662175430985,-12776.50576670176,360,515
d2-019,18,post,first,2053.0371463752917,360,11293.72184799339,-15986.9200813604,165,425
d2-019,18,pre,pre,1678.4715478187286,335,6312.8250047786405,-10758.510278640251,95,415
d2-020,1,post,first,709.912059932615,460,3403.807958363408,-1926.1736831224682,370,720
d2-020,1,pre,pre,649.8810525719355,490,2538.3437287644274,-1799.2528901992994,210,645
d2-020,2,post,first,707.4977817352776,510,2874.9145495964044,-2181.084312623267,185,655
d2-020,2,pre,pre,796.9569842404169,525,3375.570860843475,-2269.628104960411,210,560
d2-020,3,post,first,829.7355347502566,500,2644.6776394850526,-2052.171477854435,185,630
d2-020,3,pre,pre,730.4851095747036,555,2366.8093618661137,-2078.2392455033623,190,740
d2-020,4,post,first,841.377950239427,520,2409.0955092888057,-3144.9638631459193,405,610
d2-020,4,pre,pre,708.7631384531936,585,2076.0977377142067,-1784.8071898121589,275,710
d2-020,5,post,first,769.6422027273678,515,3877.4266184063526,-1675.9882123436337,170,905
d2-020,5,pre,pre,778.5042738956477,500,2565.2010711090716,-2519.536742671702,95,635
d2-020,6,post,first,743.9786788597876,565,2136.164222905033,-2926.820345169608,105,695
d2-020,6,pre,pre,808.7150897112003,695,2407.2822512086555,-2318.5528702170955,550,795
d2-020,7,post,first,731.1708245954779,525,2372.104754003078,-1997.1658101678026,180,630
d2-020,7,pre,pre,734.3297951388867,740,2578.813446156442,-3486.9931048278386,205,810
d2-020,8,post,first,734.530839772447,470,3042.7730382383534,-2203.326121382356,125,700
d2-020,8,pre,pre,846.0762205211595,670,2170.6305629206436,-3429.7613537970906,325,785
d2-020,9,post,first,733.2419994290068,620,2138.463475218447,-2305.3971086123724,190,835
d2-020,9,pre,pre,769.3216404608803,570,2128.02957558896,-2316.4874497295013,215,720
d2-020,10,post,first,842.5422386633265,675,2641.5704664862533,-3412.4142998397965,540,750
d2-020,10,pre,pre,879.914817927157,600,2691.0387466460807,-2743.581097747923,220,700
d2-020,11,post,first,621.958283193255,700,1955.6960467608724,-1816.652265886924,255,1110
d2-020,11,pre,pre,786.0429296776812,475,3033.285021707265,-2057.219140707918,175,730
d2-020,12,post,first,678.4679854868394,670,1760.318861808748,-1591.337490572333,290,1095
d2-020,12,pre,pre,835.8758682464579,570,2188.647274386979,-3358.7049484034987,200,635
d2-020,13,post,first,672.6975402696622,700,2613.513970628475,-1617.5422618373389,290,985
d2-020,13,pre,pre,862.4582039546976,520,2984.690435531002,-2718.571724551356,120,700
d2-020,14,post,first,723.2058557989251,580,2486.5899656809706,-1488.020655242401,175,665
d2-020,14,pre,pre,756.9690444432354,600,2054.7752321251005,-2590.6913581840245,465,815
d2-020,15,post,first,723.6728792918042,550,2530.7540919339312,-1739.7246118471135,165,635
d2-020,15,pre,pre,865.4125735062842,605,2866.3049737367237,-2879.287826546175,115,715
d2-020,16,post,first,578.186319212154,490,2065.8380262040546,-1204.6220563237807,90,880
d2-020,16,pre,pre,808.3782732160128,595,2508.1116168517206,-2518.067578420861,120,745
d2-020,17,post,first,744.2244596923161,655,1913.5015607941448,-2950.557007652563,205,830
d2-020,17,pre,pre,726.2177911895972,710,2219.3371021353655,-2543.556940519813,315,900
d2-020,18,post,first,754.5012059424163,600,1934.8786542155187,-1698.749409611836,235,705
d2-020,18,pre,pre,761.4599361518002,575,1977.8921905636935,-3460.6413881680264,225,765
d2-021,1,post,second,673.0336403128322,610,2081.6478399616703,-1743.8157795917598,370,805
d2-021,1,pre,pre,578.3231362138526,550,2313.8492422723966,-1284.5270300025945,220,835
d2-021,2,post,second,593.0629542129045,570,1586.7893396078096,-1699.2537387481145,305,765
d2-021,2,pre,pre,695.6576435900895,520,2637.448388277492,-2254.7228281020507,200,725
d2-021,3,post,second,641.8993924488302,630,1670.9683159858637,-1731.2774796464846,125,830
d2-021,3,pre,pre,534.300882901485,535,1817.7466847670087,-1409.2730838335851,215,850
d2-021,4,post,second,746.9037592938488,555,2558.442226200034,-2101.4871565619096,255,735
d2-021,4,pre,pre,597.4034682575349,545,2414.6856877039572,-1596.0505548938104,195,750
d2-021,5,post,second,739.5570431848734,595,2398.374918508445,-1676.3682289192157,170,770
d2-021,5,pre,pre,666.524747385004,535,2225.8440181471196,-1889.1576034285742,180,655
d2-021,6,post,second,697.9149466547822,600,2294.8477717783167,-1494.557055079081,150,845
d2-021,6,pre,pre,596.9592472306489,550,2364.9125835831887,-1733.5589820923146,195,785
d2-021,7,post,second,645.8612142849267,525,2636.018737631496,-1084.8145538684685,195,820
d2-021,7,pre,pre,651.634066702095,490,2457.905633971147,-2211.12842638825,205,710
d2-021,8,post,second,645.1941914797203,850,2173.427854518265,-1191.1457284065425,445,1185
d2-021,8,pre,pre,579.3030931947794,535,2098.3942909578996,-1696.6141121267303,195,800
d2-021,9,post,second,690.852441035928,600,2767.7824064913575,-1510.4177713321105,170,900
d2-021,9,pre,pre,646.0919081954582,515,1985.6154251995033,-1665.923940885876,235,700
d2-021,10,post,second,628.0976667340144,595,2596.7533026199244,-1380.6237088541027,195,890
d2-021,10,pre,pre,597.7438227317841,550,2549.0674653512756,-1720.0785623932184,220,680
d2-021,11,post,second,777.9893137426178,655,2064.4235962485127,-1701.2681704472677,255,880
d2-021,11,pre,pre,595.9312046297773,635,2044.5372183888412,-1837.5839815330812,175,805
d2-021,12,post,second,745.9945163214703,565,3282.8918350718195,-1853.5050600453544,180,720
d2-021,12,pre,pre,538.0273381383931,515,1908.0776534072652,-1594.5509616949098,180,650
d2-021,13,post,second,732.1391184239787,575,3409.1186894226685,-1663.8146321729334,200,865
d2-021,13,pre,pre,554.6636579247146,530,1696.715914692157,-1219.32337527731,195,860
d2-021,14,post,second,752.521840573271,545,3577.31912693868,-1812.3803100865673,190,765
d2-021,14,pre,pre,567.9172633889293,530,1808.82851148418,-1400.5202325152604,165,820
d2-021,15,post,second,817.9380182270061,525,3531.943500557254,-1869.6237119282114,175,800
d2-021,15,pre,pre,569.9116863800862,535,1661.4877373365703,-1498.4527562059234,185,805
d2-021,16,post,second,829.8281617040866,575,3203.3643136632636,-1881.9523545638215,235,820
d2-021,16,pre,pre,540.4330936369659,560,1902.6060087190222,-1666.614039533989,170,820
d2-021,17,post,second,766.0185784358978,580,2939.7874881188604,-1710.1349231221657,235,895
d2-021,17,pre,pre,555.1863035145561,630,1399.718605765948,-1698.8704634392186,140,795
d2-021,18,post,second,823.0083498963297,550,3206.503154828429,-1809.6800178170058,205,800
d2-021,18,pre,pre,609.1951089069221,550,2012.1468270644712,-1485.3102795056157,210,680
d2-022,1,post,second,987.4477243722056,430,3644.277755157729,-3040.1539364655555,210,595
d2-022,1,pre,pre,602.4300889167343,645,2233.520491157406,-1827.9306012522106,200,875
d2-022,2,post,second,823.8299172530753,475,3057.2205721898745,-2338.593234488322,220,785
d2-022,2,pre,pre,796.977288639491,485,2742.9347821216134,-1984.199352990126,220,645
d2-022,3,post,second,954.1463647153766,505,3253.8664342531847,-3130.9435768537705,375,635
d2-022,3,pre,pre,878.002739665546,420,3652.3482584028825,-3602.8581200036397,170,580
d2-022,4,post,second,1079.9484540731935,435,4281.077491450636,-4728.780002132387,310,560
d2-022,4,pre,pre,834.6315092269854,450,3512.704271594348,-2245.334785419941,185,545
d2-022,5,post,second,948.5121942702735,490,2712.826405354976,-3310.048104044442,305,615
d2-022,5,pre,pre,833.0567879626993,470,3049.0388922682205,-2648.0039465255772,205,630
d2-022,6,post,second,997.3261326856476,465,3478.2921698678715,-3419.1388644658095,155,625
d2-022,6,pre,pre,814.2754162765805,485,3004.264729706357,-2400.082639751814,300,590
d2-022,7,post,second,1028.0225020250073,465,3425.418602262872,-3882.7647524243416,335,565
d2-022,7,pre,pre,872.9607261005376,460,3434.602037670124,-2770.083784924973,175,605
d2-022,8,post,second,1071.4731352314109,405,4066.7563572978293,-3540.7288121935453,330,580
d2-022,8,pre,pre,968.5305639373838,420,4832.517612691222,-2968.9576978326745,175,580
d2-022,9,post,second,1094.3842587547185,405,4046.2935628852365,-4078.5396927210077,300,535
d2-022,9,pre,pre,980.6663350525556,390,4086.322555123439,-3630.676889961508,240,530
d2-022,10,post,second,1038.28061830144,445,3720.984789205178,-3922.410435423215,210,600
d2-022,10,pre,pre,988.2842196870488,400,3953.352874019818,-3162.5352292264874,145,570
d2-022,11,post,second,1083.7451112436147,415,3937.7396824692464,-4116.8043510036205,300,590
d2-022,11,pre,pre,1025.4886945013304,390,4268.7069291149855,-3706.86480338382,125,550
d2-022,12,post,second,1094.1126650670046,440,4193.100711740664,-3813.6040951855944,225,645
d2-022,12,pre,pre,976.7537888931524,420,4202.986985994313,-3609.8360615965203,135,580
d2-022,13,post,second,1025.4026336487357,450,3882.5066607675567,-3555.252031721465,335,605
d2-022,13,pre,pre,1042.110955629998,415,4107.714234642878,-3357.9470892363206,305,530
d2-022,14,post,second,1128.012051601438,395,4639.277568661101,-4284.392025908003,300,595
d2-022,14,pre,pre,1057.9913488155594,425,4303.053849555766,-4245.400170659414,290,505
d2-022,15,post,second,984.9315779988978,335,3512.2676391142636,-3620.9281156231837,110,545
d2-022,15,pre,pre,1045.3700954049714,410,4299.107611762402,-3796.3473164293478,290,580
d2-022,16,post,second,1105.9372944402487,450,3885.5530537525256,-4547.336855521307,335,580
d2-022,16,pre,pre,999.7212739549902,430,3577.491644454549,-3465.792087544101,350,550
d2-022,17,post,second,1118.6290764906048,405,4420.32627331486,-4502.279472734104,300,555
d2-022,17,pre,pre,1098.9597304694566,400,4612.572705056229,-4642.982706952557,300,535
d2-022,18,post,second,1095.8022545481072,385,4147.482960709159,-3489.372921365106,300,580
d2-022,18,pre,pre,1073.2930204403915,440,4049.4787831844437,-4119.023763784705,215,560
d2-023,1,post,second,684.9603973858682,530,2101.5689275740524,-1529.3106297845034,205,645
d2-023,1,pre,pre,969.4166133603561,495,3305.0621801063658,-3426.9271358943197,385,565
d2-023,2,post,second,666.4096655567855,610,1869.8248608761005,-1561.7791737821467,255,745
d2-023,2,pre,pre,796.4450964228295,540,2175.2204368078856,-2028.133488650087,410,770
d2-023,3,post,second,692.3218136018997,625,2238.603288043134,-2121.9361839414887,100,790
d2-023,3,pre,pre,781.6152820395587,480,2361.6096437535066,-2111.3996769506302,190,740
d2-023,4,post,second,702.7142585743346,660,1666.7064046867536,-2285.355553432236,90,930
d2-023,4,pre,pre,834.3582454227886,590,2280.3275464076432,-2491.144095175501,120,790
d2-023,5,post,second,674.3080083868806,625,2289.3231651964024,-1677.39877233275,85,900
d2-023,5,pre,pre,808.2189376930021,540,2309.7114173062055,-2653.631138040823,185,775
d2-023,6,post,second,667.6637327784182,555,1726.635277385269,-1392.451714752669,345,920
d2-023,6,pre,pre,815.4683708490622,550,2109.6326949805316,-2916.4696944693187,100,740
d2-023,7,post,second,739.4879117311341,565,1967.2941263845676,-1902.529071643019,185,875
d2-023,7,pre,pre,820.1413029883718,525,2653.1011374803797,-1990.5154348210237,215,740
d2-023,8,post,second,718.1378835519475,650,1655.1620282604704,-1945.9857111210288,105,825
d2-023,8,pre,pre,870.729854070943,525,2742.108600788323,-2666.621216874105,270,770
d2-023,9,post,second,719.0319295720349,635,2269.7348378183324,-1779.5483590830322,115,895
d2-023,9,pre,pre,746.5231437874888,525,2321.0661025419486,-2145.763844922094,220,740
d2-023,10,post,second,780.4387076899403,645,1924.2853473742648,-2366.107426048036,510,755
d2-023,10,pre,pre,806.4337290628916,520,2687.4667400651633,-2411.031622402771,270,715
d2-023,11,post,second,730.9839770728314,610,1824.029844091692,-1924.0930267170615,110,715
d2-023,11,pre,pre,875.9170856732725,515,2666.046674800192,-2604.9078119270034,395,690
d2-023,12,post,second,756.0670142580124,620,2145.3380522943517,-1967.1554188461698,95,830
d2-023,12,pre,pre,809.5153863104965,540,2346.782475613314,-2634.301080810209,240,660
d2-023,13,post,second,723.3987053377107,560,1747.5494223652108,-1803.5982609342118,210,815
d2-023,13,pre,pre,811.3953845715148,600,1986.7786861571858,-2178.205960587521,375,805
d2-023,14,post,second,672.4051336699038,600,1586.0569221687776,-1618.3166723593022,415,740
d2-023,14,pre,pre,756.8462492290779,530,2391.2649808539322,-1938.9163840628462,155,745
d2-023,15,post,second,656.6304001898359,565,1664.2337028276265,-1755.53080673457,160,845
d2-023,15,pre,pre,780.4756446521558,595,1913.835963359753,-2992.3417428135854,325,775
d2-023,16,post,second,721.2024590609979,580,1889.924477001201,-1962.061351171857,345,695
d2-023,16,pre,pre,736.3140320398825,555,1978.0706953964868,-2064.8360851011676,105,855
d2-023,17,post,second,677.1333099720132,550,1716.9091274748796,-1510.142807227499,395,640
d2-023,17,pre,pre,764.1071161460461,505,1946.0852795013961,-2387.2177487179283,265,760
d2-023,18,post,second,630.8984302263513,660,1629.655459438919,-1601.8177777686321,445,885
d2-023,18,pre,pre,732.4518059048168,600,1964.5559947862498,-2324.278102197767,100,710
d2-024,1,post,second,914.8493574187637,460,3227.1257890529705,-2403.527176939757,225,620
d2-024,1,pre,pre,673.3128775271957,665,2131.9690340739808,-2475.6673636561845,245,800
d2-024,2,post,second,930.3009297235167,485,3022.4074119262973,-3467.99235070111,195,615
d2-024,2,pre,pre,958.7319665422004,455,3213.814706365868,-3307.049791462903,230,600
d2-024,3,post,second,875.3606103651422,450,2747.088159678155,-2533.7534266922075,200,675
d2-024,3,pre,pre,827.2670229751957,425,3033.9506709355737,-2393.5997014026934,230,575
d2-024,4,post,second,914.2777392228971,450,3201.914241146621,-2442.960671574133,175,610
d2-024,4,pre,pre,758.1635682968468,555,2129.5744419147995,-2119.8408843782386,255,720
d2-024,5,post,second,1031.7687163953099,470,3484.45117468649,-3146.341641401119,235,630
d2-024,5,pre,pre,810.8731477007104,570,2453.074081902195,-2133.739872714203,245,680
d2-024,6,post,second,971.0289271986883,475,3565.294988109811,-3590.5058271921944,220,595
d2-024,6,pre,pre,746.4452504207007,595,2230.5619372806054,-2012.7693559285312,405,920
d2-024,7,post,second,991.1571018074108,525,3835.6417538321134,-2812.7100396041938,255,715
d2-024,7,pre,pre,773.0050663761795,500,2657.9657419310524,-2290.900410454833,185,725
d2-024,8,post,second,902.8524445877058,460,2995.131252419336,-2597.083253105915,215,605
d2-024,8,pre,pre,752.8518471896572,515,2422.0134304062067,-1929.226813331697,170,780
d2-024,9,post,second,921.3601775721938,515,2606.378756122736,-2817.2164688853845,205,660
d2-024,9,pre,pre,823.9648015552884,460,3321.4221444897566,-2006.4378986309753,170,625
d2-024,10,post,second,959.8269805658621,450,4368.163278651371,-2494.9038300157063,155,635
d2-024,10,pre,pre,788.8144482845075,505,2469.8152622266284,-2030.0254147087348,225,845
d2-024,11,post,second,982.3256778051658,460,3423.8098553026357,-3475.6301080407648,135,670
d2-024,11,pre,pre,779.8005981163474,495,3099.5920813653247,-1847.722313426496,170,745
d2-024,12,post,second,1094.3194796191556,445,3658.3015626247434,-3449.8670311498854,120,600
d2-024,12,pre,pre,800.021559958358,525,3158.144660237951,-1705.9360968942233,265,755
d2-024,13,post,second,1044.6406808978913,400,5143.391092151138,-3094.3368378137943,145,560
d2-024,13,pre,pre,747.8004258748022,640,2380.365227923721,-2054.525056305818,265,785
d2-024,14,post,second,978.4764083097992,440,3250.064668919319,-3127.5316163116636,130,630
d2-024,14,pre,pre,723.992964901995,515,2793.020533020454,-1658.4957484857846,160,680
d2-024,15,post,second,977.7402611791013,450,3262.4056220517077,-2948.4231202061787,115,625
d2-024,15,pre,pre,809.9187394737567,545,2207.8852747086476,-2077.742346845801,220,720
d2-024,16,post,second,1033.9080631610834,445,4078.3807878352814,-3474.780862957139,235,605
d2-024,16,pre,pre,793.4721353702755,620,2003.1162203106603,-2004.693546811857,400,715
d2-024,17,post,second,861.2967475258688,540,3089.6082760452423,-2381.8675542510864,175,855
d2-024,17,pre,pre,734.4306713698849,490,2421.3660960212756,-1458.650603922647,175,730
d2-024,18,post,second,1055.4700581390957,390,4064.9393735748267,-3948.400733309557,220,540
d2-024,18,pre,pre,887.3723127674548,495,3389.5283913680305,-2771.7758254145165,225,645
d2-025,1,post,second,862.9327898384763,415,3502.8393482876463,-2339.6523011331938,155,495
d2-025,1,pre,pre,945.8769328211127,475,3367.2838888660112,-3187.2085100162712,375,565
d2-025,2,post,second,1056.0248342932227,385,4735.07018033864,-4371.149442831408,165,460
d2-025,2,pre,pre,745.4290746444688,455,2659.24972630678,-1468.8409778149708,305,830
d2-025,3,post,second,1212.907637404595,390,4680.144804926536,-4154.235288873355,285,510
d2-025,3,pre,pre,690.0480529288602,590,2957.182171799627,-2308.1163214829403,200,700
d2-025,4,post,second,1093.314596619298,550,3899.661052663004,-3726.647125888078,395,700
d2-025,4,pre,pre,859.6852871384849,755,2754.5535997072575,-3099.5772463099947,425,800
d2-025,5,post,second,953.2579343608709,455,3627.5474616342403,-2806.1834847725145,175,595
d2-025,5,pre,pre,899.1188370473474,440,3341.6274956851316,-3317.161368366,225,620
d2-025,6,post,second,1129.5790672035662,405,4592.488701268949,-4642.775998113562,315,535
d2-025,6,pre,pre,854.6624193686409,505,2929.491631280731,-2401.436749966442,190,750
d2-025,7,post,second,1164.1101233121444,355,4596.396490882105,-3951.314179918644,275,555
d2-025,7,pre,pre,1051.2033814733313,410,4031.3323841774927,-3425.74764208771,320,520
d2-025,8,post,second,1050.2094325722105,640,3565.8328549620974,-4514.796024505331,395,795
d2-025,8,pre,pre,990.6056399912247,410,3742.5006596458243,-3686.818606159411,155,580
d2-025,9,post,second,1140.5912525114775,420,4727.7427534850185,-4354.422739176657,285,585
d2-025,9,pre,pre,1088.5827399140917,440,4174.627411687038,-4081.816471464861,270,540
d2-025,10,post,second,1032.2891004678627,405,3589.0324530150924,-3693.5371725826963,305,505
d2-025,10,pre,pre,985.8179916279598,440,3139.1092722456688,-4418.7812651053255,200,535
d2-025,11,post,second,1095.7111711049356,405,4026.461623872248,-4235.836872151605,205,555
d2-025,11,pre,pre,952.0140862192466,400,3833.0311570438207,-3619.9842816290693,290,470
d2-025,12,post,second,994.8821242941077,400,4302.481045895833,-4219.2421054747265,155,500
d2-025,12,pre,pre,982.5781812302855,365,4056.7915870895727,-3141.255563700939,285,580
d2-025,13,post,second,955.663761613188,525,3413.627486944134,-2549.3163264176374,325,580
d2-025,13,pre,pre,914.5742511819586,435,3228.0763726425594,-3652.850088048962,200,640
d2-025,14,post,second,1086.4221053535116,660,3435.219169111262,-3785.749773604698,535,765
d2-025,14,pre,pre,904.3556809325572,365,3433.161446975901,-2621.539406222302,250,575
d2-025,15,post,second,891.94083362223,455,3607.515068761478,-3099.7989929400474,315,590
d2-025,15,pre,pre,934.5670843943642,380,3630.3606075711577,-2624.2758699726533,185,510
d2-025,16,post,second,1071.6252108141462,470,5161.50137891684,-4462.296090662663,375,665
d2-025,16,pre,pre,1104.2440894063516,435,4582.8739422851395,-4042.6963292937903,335,540
d2-025,17,post,second,1002.5711375193374,455,3043.8251093885183,-3084.999409219001,405,730
d2-025,17,pre,pre,1120.0921172178237,375,4479.425362216594,-3517.9406607982883,260,590
d2-025,18,post,second,1197.208265279176,410,4905.362548717162,-4293.048443306072,315,570
d2-025,18,pre,pre,946.6993934298105,400,3264.1573580450886,-2669.2819312993547,285,525
