participant,block,trial,tracked,pos_x,pos_y,pos_z,aperture,time_ms,phase
219,4,94,wrist,0.2586,0.7485,-1.0115,0.0000,0,startbuffer
219,4,94,wrist,0.2586,0.7485,-1.0115,0.0000,5.9839,startbuffer
219,4,94,wrist,0.2586,0.7485,-1.0115,0.0000,10.9711,startbuffer
219,4,94,wrist,0.2586,0.7485,-1.0115,0.0000,15.957,startbuffer
219,4,94,wrist,0.2586,0.7485,-1.0115,0.0000,20.9444,startbuffer
219,4,94,wrist,0.2586,0.7485,-1.0115,0.0000,25.9308,startbuffer
219,4,94,wrist,0.2586,0.7485,-1.0115,0.0000,30.9168,startbuffer
219,4,94,wrist,0.2586,0.7485,-1.0115,0.0000,35.9038,startbuffer
219,4,94,wrist,0.2586,0.7485,-1.0115,0.0000,40.8903,startbuffer
219,4,94,wrist,0.2586,0.7485,-1.0115,0.0000,45.877,startbuffer
219,4,94,wrist,0.2584,0.7485,-1.0116,0.0000,50.8637,startbuffer
219,4,94,wrist,0.2586,0.7485,-1.0115,0.0000,55.8507,startbuffer
219,4,94,wrist,0.2586,0.7485,-1.0115,0.0000,61.8354,begin
219,4,94,wrist,0.2586,0.7485,-1.0115,0.0000,66.8226,begin
219,4,94,wrist,0.2586,0.7485,-1.0115,0.0000,71.8079,begin
219,4,94,wrist,0.2584,0.7487,-1.0116,0.0000,76.795,begin
219,4,94,wrist,0.2586,0.7487,-1.0115,0.0000,81.7811,begin
219,4,94,wrist,0.2586,0.7487,-1.0115,0.0000,86.7679,begin
219,4,94,wrist,0.2586,0.7487,-1.0115,0.0000,91.7555,begin
219,4,94,wrist,0.2586,0.7487,-1.0115,0.0000,96.7411,begin
219,4,94,wrist,0.2586,0.7487,-1.0115,0.0000,101.728,begin
219,4,94,wrist,0.2584,0.7487,-1.0116,0.0000,106.7435,begin
219,4,94,wrist,0.2586,0.7487,-1.0115,0.0000,111.7228,begin
219,4,94,wrist,0.2586,0.7487,-1.0115,0.0000,116.7105,begin
219,4,94,wrist,0.2586,0.7487,-1.0115,0.0000,121.697,begin
219,4,94,wrist,0.2586,0.7487,-1.0115,0.0000,126.6827,begin
219,4,94,wrist,0.2584,0.7487,-1.0116,0.0000,131.6695,begin
219,4,94,wrist,0.2586,0.7487,-1.0115,0.0000,136.6563,begin
219,4,94,wrist,0.2586,0.7487,-1.0115,0.0000,141.6428,begin
219,4,94,wrist,0.2586,0.7487,-1.0115,0.0000,146.63,begin
219,4,94,wrist,0.2586,0.7487,-1.0115,0.0000,151.6162,begin
219,4,94,wrist,0.2584,0.7487,-1.0116,0.0000,156.6031,begin
219,4,94,wrist,0.2586,0.7487,-1.0115,0.0000,161.5896,begin
219,4,94,wrist,0.2586,0.7487,-1.0115,0.0000,166.5761,begin
219,4,94,wrist,0.2586,0.7487,-1.0115,0.0000,171.5633,begin
219,4,94,wrist,0.2586,0.7487,-1.0115,0.0000,176.5496,begin
219,4,94,wrist,0.2586,0.7487,-1.0115,0.0000,181.5362,begin
219,4,94,wrist,0.2584,0.7487,-1.0116,0.0000,186.5227,begin
219,4,94,wrist,0.2586,0.7487,-1.0115,0.0000,191.5096,begin
219,4,94,wrist,0.2586,0.7487,-1.0115,0.0000,196.4962,begin
219,4,94,wrist,0.2586,0.7487,-1.0115,0.0000,201.4836,begin
219,4,94,wrist,0.2586,0.7487,-1.0115,0.0000,206.4695,begin
219,4,94,wrist,0.2585,0.7488,-1.0117,0.0000,211.4564,begin
219,4,94,wrist,0.2586,0.7487,-1.0116,0.0000,215.9511,begin
219,4,94,wrist,0.2585,0.7496,-1.0113,0.0000,220.9381,begin
219,4,94,wrist,0.2580,0.7499,-1.0110,0.0000,225.9245,begin
219,4,94,wrist,0.2580,0.7500,-1.0109,0.0000,230.9109,begin
219,4,94,wrist,0.2586,0.7513,-1.0113,0.0000,235.8979,begin
219,4,94,wrist,0.2586,0.7515,-1.0111,0.0000,240.8842,begin
219,4,94,wrist,0.2584,0.7518,-1.0110,0.0000,245.8716,begin
219,4,94,wrist,0.2579,0.7524,-1.0105,0.0000,250.8577,begin
219,4,94,wrist,0.2575,0.7530,-1.0103,0.0000,255.8447,begin
219,4,94,wrist,0.2574,0.7537,-1.0104,0.0000,260.831,begin
219,4,94,wrist,0.2571,0.7547,-1.0105,0.0000,265.8179,begin
219,4,94,wrist,0.2567,0.7558,-1.0104,0.0000,270.8045,begin
219,4,94,wrist,0.2552,0.7579,-1.0101,0.0000,275.7906,begin
219,4,94,wrist,0.2546,0.7593,-1.0103,0.0000,280.7777,begin
219,4,94,wrist,0.2541,0.7610,-1.0104,0.0000,285.7645,begin
219,4,94,wrist,0.2537,0.7633,-1.0108,0.0000,290.751,begin
219,4,94,wrist,0.2516,0.7676,-1.0109,0.0000,295.7378,begin
219,4,94,wrist,0.2500,0.7696,-1.0109,0.0000,300.7251,begin
219,4,94,wrist,0.2486,0.7723,-1.0108,0.0000,305.711,begin
219,4,94,wrist,0.2470,0.7752,-1.0106,0.0000,310.6978,begin
219,4,94,wrist,0.2457,0.7785,-1.0107,0.0000,315.6842,begin
219,4,94,wrist,0.2445,0.7819,-1.0103,0.0000,320.6708,begin
219,4,94,wrist,0.2428,0.7850,-1.0096,0.0000,325.6576,begin
219,4,94,wrist,0.2389,0.7913,-1.0082,0.0000,330.644,begin
219,4,94,wrist,0.2371,0.7949,-1.0072,0.0000,335.631,begin
219,4,94,wrist,0.2360,0.7987,-1.0062,0.0000,340.6176,begin
219,4,94,wrist,0.2345,0.8031,-1.0048,0.0000,345.6043,begin
219,4,94,wrist,0.2322,0.8069,-1.0034,0.0000,350.5905,out
219,4,94,wrist,0.2277,0.8142,-0.9997,0.0000,355.5777,out
219,4,94,wrist,0.2257,0.8185,-0.9977,0.0000,360.5643,out
219,4,94,wrist,0.2234,0.8223,-0.9956,0.0000,365.5514,out
219,4,94,wrist,0.2216,0.8273,-0.9934,0.0000,370.5378,out
219,4,94,wrist,0.2162,0.8356,-0.9881,0.0000,375.5243,out
219,4,94,wrist,0.2131,0.8391,-0.9851,0.0000,380.5111,out
219,4,94,wrist,0.2102,0.8433,-0.9822,0.0000,384.8863,out
219,4,94,wrist,0.2071,0.8471,-0.9790,0.0000,389.873,out
219,4,94,wrist,0.2049,0.8517,-0.9762,0.0000,394.8593,out
219,4,94,wrist,0.2020,0.8561,-0.9726,0.0000,399.8466,out
219,4,94,wrist,0.1945,0.8634,-0.9646,0.0000,404.8333,out
219,4,94,wrist,0.1912,0.8670,-0.9607,0.0000,409.8197,out
219,4,94,wrist,0.1876,0.8705,-0.9566,0.0000,414.8059,out
219,4,94,wrist,0.1848,0.8745,-0.9527,0.0000,419.7928,out
219,4,94,wrist,0.1813,0.8787,-0.9478,0.0000,424.7803,out
219,4,94,wrist,0.1730,0.8854,-0.9378,0.0000,429.7667,out
219,4,94,wrist,0.1688,0.8878,-0.9329,0.0000,434.7537,out
219,4,94,wrist,0.1648,0.8909,-0.9277,0.0000,439.7392,out
219,4,94,wrist,0.1610,0.8939,-0.9223,0.0000,444.7267,out
219,4,94,wrist,0.1572,0.8976,-0.9169,0.0000,449.713,out
219,4,94,wrist,0.1530,0.9001,-0.9109,0.0000,454.7,out
219,4,94,wrist,0.1435,0.9039,-0.8982,0.0000,459.6862,out
219,4,94,wrist,0.1393,0.9061,-0.8917,0.0000,464.6735,out
219,4,94,wrist,0.1348,0.9079,-0.8851,0.0000,469.6595,out
219,4,94,wrist,0.1310,0.9102,-0.8790,0.0000,474.6466,out
219,4,94,wrist,0.1217,0.9132,-0.8644,0.0000,479.6334,out
219,4,94,wrist,0.1167,0.9135,-0.8567,0.0000,484.6197,out
219,4,94,wrist,0.1167,0.9135,-0.8567,0.0000,489.6064,out
219,4,94,wrist,0.1082,0.9146,-0.8420,0.0000,494.5929,out
219,4,94,wrist,0.1044,0.9154,-0.8351,0.0000,499.5802,out
219,4,94,wrist,0.0958,0.9164,-0.8190,0.0000,504.5668,out
219,4,94,wrist,0.0913,0.9158,-0.8107,0.0000,509.5532,out
219,4,94,wrist,0.0874,0.9147,-0.8032,0.0000,514.5391,out
219,4,94,wrist,0.0837,0.9140,-0.7950,0.0000,519.5263,out
219,4,94,wrist,0.0799,0.9132,-0.7871,0.0000,524.5136,out
219,4,94,wrist,0.0736,0.9126,-0.7709,0.0000,529.4996,out
219,4,94,wrist,0.0736,0.9126,-0.7709,0.0000,534.4871,out
219,4,94,wrist,0.0672,0.9090,-0.7549,0.0000,539.4728,out
219,4,94,wrist,0.0649,0.9077,-0.7472,0.0000,544.4601,out
219,4,94,wrist,0.0624,0.9060,-0.7397,0.0000,549.4464,out
219,4,94,wrist,0.0607,0.9053,-0.7328,0.0000,554.4332,out
219,4,94,wrist,0.0576,0.9020,-0.7184,0.0000,559.4202,out
219,4,94,wrist,0.0564,0.8996,-0.7118,0.0000,564.4061,out
219,4,94,wrist,0.0555,0.8974,-0.7066,0.0000,569.3927,out
219,4,94,wrist,0.0548,0.8953,-0.7011,0.0000,574.3797,out
219,4,94,wrist,0.0545,0.8936,-0.6963,0.0000,579.3665,out
219,4,94,wrist,0.0534,0.8896,-0.6872,0.0000,583.7546,out
219,4,94,wrist,0.0534,0.8896,-0.6872,0.0000,588.7414,out
219,4,94,wrist,0.0521,0.8841,-0.6799,0.0000,593.7273,out
219,4,94,wrist,0.0516,0.8817,-0.6768,0.0000,598.7145,out
219,4,94,wrist,0.0512,0.8794,-0.6740,0.0000,603.701,out
219,4,94,wrist,0.0505,0.8755,-0.6685,0.0000,608.6883,out
219,4,94,wrist,0.0503,0.8731,-0.6661,0.0000,613.6743,out
219,4,94,wrist,0.0497,0.8702,-0.6640,0.0000,618.6609,out
219,4,94,wrist,0.0496,0.8682,-0.6618,0.0000,623.6478,out
219,4,94,wrist,0.0494,0.8661,-0.6596,0.0000,628.6343,out
219,4,94,wrist,0.0495,0.8647,-0.6573,0.0000,633.6215,out
219,4,94,wrist,0.0493,0.8610,-0.6527,0.0000,638.6077,out
219,4,94,wrist,0.0488,0.8585,-0.6503,0.0000,643.595,out
219,4,94,wrist,0.0483,0.8566,-0.6483,0.0000,648.5809,out
219,4,94,wrist,0.0482,0.8551,-0.6456,0.0000,653.5679,out
219,4,94,wrist,0.0476,0.8528,-0.6396,0.0000,658.5548,out
219,4,94,wrist,0.0467,0.8515,-0.6366,0.0000,663.5411,out
219,4,94,wrist,0.0461,0.8502,-0.6335,0.0000,668.5281,out
219,4,94,wrist,0.0461,0.8502,-0.6335,0.0000,673.5141,out
219,4,94,wrist,0.0450,0.8487,-0.6312,0.0000,678.5008,out
219,4,94,wrist,0.0426,0.8468,-0.6265,0.0000,683.4885,out
219,4,94,wrist,0.0411,0.8464,-0.6243,0.0000,688.4747,out
219,4,94,wrist,0.0381,0.8451,-0.6211,0.0000,693.4609,out
219,4,94,wrist,0.0363,0.8440,-0.6200,0.0000,698.4478,out
219,4,94,wrist,0.0350,0.8436,-0.6188,0.0000,703.4344,out
219,4,94,wrist,0.0341,0.8433,-0.6176,0.0000,707.9314,out
219,4,94,wrist,0.0330,0.8431,-0.6151,0.0000,712.9186,lift
219,4,94,wrist,0.0328,0.8429,-0.6142,0.0000,717.9044,lift
219,4,94,wrist,0.0328,0.8429,-0.6142,0.0000,722.8919,lift
219,4,94,wrist,0.0328,0.8419,-0.6132,0.0000,727.8773,lift
219,4,94,wrist,0.0333,0.8418,-0.6125,0.0000,732.8648,lift
219,4,94,wrist,0.0335,0.8417,-0.6121,0.0000,737.8521,lift
219,4,94,wrist,0.0341,0.8416,-0.6111,0.0000,742.8377,lift
219,4,94,wrist,0.0345,0.8414,-0.6109,0.0000,747.8242,lift
219,4,94,wrist,0.0352,0.8412,-0.6110,0.0000,752.8107,lift
219,4,94,wrist,0.0356,0.8412,-0.6109,0.0000,757.7978,lift
219,4,94,wrist,0.0358,0.8414,-0.6109,0.0000,762.7839,lift
219,4,94,wrist,0.0362,0.8420,-0.6107,0.0000,767.7717,lift
219,4,94,wrist,0.0368,0.8432,-0.6114,0.0000,772.7576,lift
219,4,94,wrist,0.0370,0.8436,-0.6120,0.0000,777.7447,lift
219,4,94,wrist,0.0374,0.8443,-0.6126,0.0000,782.7312,lift
219,4,94,wrist,0.0378,0.8452,-0.6132,0.0000,787.7179,lift
219,4,94,wrist,0.0393,0.8479,-0.6145,0.0000,792.7041,lift
219,4,94,wrist,0.0400,0.8489,-0.6154,0.0000,797.6905,lift
219,4,94,wrist,0.0408,0.8499,-0.6165,0.0000,802.6778,lift
219,4,94,wrist,0.0417,0.8510,-0.6177,0.0000,807.664,lift
219,4,94,wrist,0.0427,0.8525,-0.6189,0.0000,812.6512,lift
219,4,94,wrist,0.0454,0.8561,-0.6210,0.0000,817.6373,lift
219,4,94,wrist,0.0454,0.8561,-0.6210,0.0000,822.6249,lift
219,4,94,wrist,0.0490,0.8596,-0.6236,0.0000,827.611,lift
219,4,94,wrist,0.0505,0.8610,-0.6252,0.0000,832.5979,lift
219,4,94,wrist,0.0543,0.8653,-0.6277,0.0000,837.5849,lift
219,4,94,wrist,0.0563,0.8678,-0.6287,0.0000,842.5716,lift
219,4,94,wrist,0.0584,0.8705,-0.6302,0.0000,847.5578,lift
219,4,94,wrist,0.0603,0.8730,-0.6315,0.0000,852.544,lift
219,4,94,wrist,0.0624,0.8758,-0.6328,0.0000,857.5312,replace
219,4,94,wrist,0.0641,0.8782,-0.6338,0.0000,862.5175,replace
219,4,94,wrist,0.0660,0.8813,-0.6349,0.0000,867.5042,replace
219,4,94,wrist,0.0679,0.8844,-0.6358,0.0000,872.4911,replace
219,4,94,wrist,0.0718,0.8915,-0.6377,0.0000,877.4775,replace
219,4,94,wrist,0.0734,0.8952,-0.6384,0.0000,882.768,replace
219,4,94,wrist,0.0747,0.8985,-0.6391,0.0000,887.7573,replace
219,4,94,wrist,0.0756,0.9049,-0.6411,0.0000,892.7431,replace
219,4,94,wrist,0.0769,0.9098,-0.6414,0.0000,897.7298,replace
219,4,94,wrist,0.0775,0.9145,-0.6418,0.0000,902.7168,replace
219,4,94,wrist,0.0781,0.9196,-0.6423,0.0000,907.7032,replace
219,4,94,wrist,0.0784,0.9302,-0.6434,0.0000,912.6905,replace
219,4,94,wrist,0.0786,0.9363,-0.6441,0.0000,917.6767,replace
219,4,94,wrist,0.0786,0.9363,-0.6441,0.0000,922.6634,replace
219,4,94,wrist,0.0793,0.9495,-0.6463,0.0000,927.6495,replace
219,4,94,wrist,0.0788,0.9562,-0.6475,0.0000,932.6366,replace
219,4,94,wrist,0.0776,0.9697,-0.6504,0.0000,937.6235,replace
219,4,94,wrist,0.0769,0.9768,-0.6521,0.0000,942.6099,replace
219,4,94,wrist,0.0762,0.9835,-0.6540,0.0000,947.5966,replace
219,4,94,wrist,0.0754,0.9914,-0.6562,0.0000,952.5831,replace
219,4,94,wrist,0.0745,0.9985,-0.6584,0.0000,957.5699,replace
219,4,94,wrist,0.0716,1.0119,-0.6630,0.0000,962.5567,replace
219,4,94,wrist,0.0702,1.0186,-0.6653,0.0000,967.5431,replace
219,4,94,wrist,0.0693,1.0251,-0.6678,0.0000,972.5298,replace
219,4,94,wrist,0.0686,1.0323,-0.6705,0.0000,977.5166,replace
219,4,94,wrist,0.0674,1.0388,-0.6733,0.0000,982.5032,replace
219,4,94,wrist,0.0659,1.0454,-0.6761,0.0000,987.4909,replace
219,4,94,wrist,0.0633,1.0567,-0.6811,0.0000,992.4764,replace
219,4,94,wrist,0.0633,1.0567,-0.6811,0.0000,997.4632,replace
219,4,94,wrist,0.0614,1.0689,-0.6866,0.0000,1002.4502,replace
219,4,94,wrist,0.0600,1.0744,-0.6893,0.0000,1006.9467,replace
219,4,94,wrist,0.0583,1.0796,-0.6920,0.0000,1011.9341,replace
219,4,94,wrist,0.0544,1.0885,-0.6968,0.0000,1016.9201,replace
219,4,94,wrist,0.0544,1.0885,-0.6968,0.0000,1021.9073,replace
219,4,94,wrist,0.0512,1.0979,-0.7018,0.0000,1026.8937,replace
219,4,94,wrist,0.0512,1.0979,-0.7018,0.0000,1031.8804,replace
219,4,94,wrist,0.0471,1.1065,-0.7069,0.0000,1036.8675,replace
219,4,94,wrist,0.0444,1.1099,-0.7090,0.0000,1041.8531,replace
219,4,94,wrist,0.0398,1.1158,-0.7129,0.0000,1046.8399,replace
219,4,94,wrist,0.0379,1.1190,-0.7149,0.0000,1051.8265,replace
219,4,94,wrist,0.0358,1.1225,-0.7171,0.0000,1056.8135,replace
219,4,94,wrist,0.0337,1.1251,-0.7189,0.0000,1061.8002,replace
219,4,94,wrist,0.0314,1.1272,-0.7206,0.0000,1066.7872,replace
219,4,94,wrist,0.0267,1.1299,-0.7229,0.0000,1071.7734,replace
219,4,94,wrist,0.0252,1.1316,-0.7242,0.0000,1076.7602,replace
219,4,94,wrist,0.0233,1.1338,-0.7259,0.0000,1081.7465,replace
219,4,94,wrist,0.0213,1.1350,-0.7269,0.0000,1086.7334,replace
219,4,94,wrist,0.0173,1.1353,-0.7281,0.0000,1091.7206,replace
219,4,94,wrist,0.0154,1.1354,-0.7288,0.0000,1096.7065,replace
219,4,94,wrist,0.0154,1.1354,-0.7288,0.0000,1101.6937,replace
219,4,94,wrist,0.0120,1.1358,-0.7302,0.0000,1106.6799,replace
219,4,94,wrist,0.0105,1.1358,-0.7308,0.0000,1111.6666,replace
219,4,94,wrist,0.0087,1.1350,-0.7311,0.0000,1116.6531,replace
219,4,94,wrist,0.0071,1.1332,-0.7309,0.0000,1121.6398,replace
219,4,94,wrist,0.0045,1.1302,-0.7306,0.0000,1126.6268,replace
219,4,94,wrist,0.0035,1.1290,-0.7307,0.0000,1131.6135,replace
219,4,94,wrist,0.0024,1.1278,-0.7308,0.0000,1136.5998,replace
219,4,94,wrist,0.0009,1.1234,-0.7298,0.0000,1141.5867,replace
219,4,94,wrist,0.0002,1.1201,-0.7286,0.0000,1146.5734,replace
219,4,94,wrist,0.0002,1.1176,-0.7277,0.0000,1151.5599,replace
219,4,94,wrist,0.0003,1.1152,-0.7266,0.0000,1156.5467,replace
219,4,94,wrist,0.0007,1.1137,-0.7261,0.0000,1161.5327,replace
219,4,94,wrist,0.0012,1.1108,-0.7246,0.0000,1166.5201,replace
219,4,94,wrist,0.0025,1.1036,-0.7211,0.0000,1171.5069,replace
219,4,94,wrist,0.0033,1.1001,-0.7192,0.0000,1176.4934,replace
219,4,94,wrist,0.0041,1.0970,-0.7175,0.0000,1181.4795,replace
219,4,94,wrist,0.0053,1.0942,-0.7159,0.0000,1186.0745,replace
219,4,94,wrist,0.0066,1.0908,-0.7139,0.0000,1191.0617,replace
219,4,94,wrist,0.0091,1.0818,-0.7092,0.0000,1196.0483,replace
219,4,94,wrist,0.0104,1.0773,-0.7068,0.0000,1201.0351,replace
219,4,94,wrist,0.0116,1.0729,-0.7045,0.0000,1206.0223,replace
219,4,94,wrist,0.0130,1.0688,-0.7022,0.0000,1211.0085,replace
219,4,94,wrist,0.0150,1.0648,-0.6999,0.0000,1215.504,replace
219,4,94,wrist,0.0165,1.0599,-0.6974,0.0000,1220.4909,replace
219,4,94,wrist,0.0198,1.0487,-0.6920,0.0000,1225.4781,replace
219,4,94,wrist,0.0217,1.0437,-0.6895,0.0000,1230.4637,replace
219,4,94,wrist,0.0238,1.0384,-0.6870,0.0000,1235.4511,replace
219,4,94,wrist,0.0259,1.0338,-0.6845,0.0000,1240.4371,replace
219,4,94,wrist,0.0280,1.0281,-0.6819,0.0000,1245.4243,replace
219,4,94,wrist,0.0320,1.0155,-0.6767,0.0000,1250.4109,replace
219,4,94,wrist,0.0320,1.0155,-0.6767,0.0000,1255.3974,replace
219,4,94,wrist,0.0363,1.0036,-0.6720,0.0000,1260.3836,replace
219,4,94,wrist,0.0384,0.9982,-0.6699,0.0000,1265.3709,replace
219,4,94,wrist,0.0407,0.9918,-0.6677,0.0000,1270.3572,replace
219,4,94,wrist,0.0450,0.9786,-0.6639,0.0000,1275.3444,replace
219,4,94,wrist,0.0466,0.9722,-0.6624,0.0000,1280.3308,replace
219,4,94,wrist,0.0466,0.9722,-0.6624,0.0000,1284.836,replace
219,4,94,wrist,0.0504,0.9603,-0.6599,0.0000,1289.8136,replace
219,4,94,wrist,0.0525,0.9543,-0.6585,0.0000,1294.7999,replace
219,4,94,wrist,0.0542,0.9483,-0.6576,0.0000,1299.7881,replace
219,4,94,wrist,0.0572,0.9364,-0.6560,0.0000,1304.7738,replace
219,4,94,wrist,0.0586,0.9310,-0.6553,0.0000,1309.7599,replace
219,4,94,wrist,0.0598,0.9257,-0.6548,0.0000,1314.7466,replace
219,4,94,wrist,0.0611,0.9211,-0.6541,0.0000,1319.7333,replace
219,4,94,wrist,0.0622,0.9162,-0.6538,0.0000,1324.7202,replace
219,4,94,wrist,0.0635,0.9064,-0.6531,0.0000,1329.7069,replace
219,4,94,wrist,0.0635,0.9064,-0.6531,0.0000,1334.6943,replace
219,4,94,wrist,0.0628,0.8968,-0.6536,0.0000,1339.6794,replace
219,4,94,wrist,0.0631,0.8933,-0.6533,0.0000,1344.667,replace
219,4,94,wrist,0.0634,0.8894,-0.6531,0.0000,1349.6542,replace
219,4,94,wrist,0.0634,0.8857,-0.6529,0.0000,1354.6402,replace
219,4,94,wrist,0.0631,0.8788,-0.6527,0.0000,1359.6261,replace
219,4,94,wrist,0.0628,0.8755,-0.6524,0.0000,1364.6133,replace
219,4,94,wrist,0.0627,0.8727,-0.6522,0.0000,1369.5999,replace
219,4,94,wrist,0.0629,0.8700,-0.6519,0.0000,1374.5867,replace
219,4,94,wrist,0.0627,0.8675,-0.6516,0.0000,1379.5737,replace
219,4,94,wrist,0.0621,0.8618,-0.6514,0.0000,1384.56,replace
219,4,94,wrist,0.0618,0.8593,-0.6511,0.0000,1389.5475,replace
219,4,94,wrist,0.0620,0.8570,-0.6508,0.0000,1394.5331,replace
219,4,94,wrist,0.0624,0.8548,-0.6505,0.0000,1399.5201,replace
219,4,94,wrist,0.0628,0.8498,-0.6503,0.0000,1404.5071,replace
219,4,94,wrist,0.0630,0.8470,-0.6505,0.0000,1409.4937,replace
219,4,94,wrist,0.0634,0.8446,-0.6506,0.0000,1414.4798,return
219,4,94,wrist,0.0640,0.8424,-0.6505,0.0000,1419.4665,return
219,4,94,wrist,0.0644,0.8420,-0.6502,0.0000,1424.4534,return
219,4,94,wrist,0.0631,0.8436,-0.6492,0.0000,1429.4398,return
219,4,94,wrist,0.0624,0.8435,-0.6490,0.0000,1434.4267,return
219,4,94,wrist,0.0616,0.8432,-0.6488,0.0000,1439.4129,return
219,4,94,wrist,0.0607,0.8431,-0.6485,0.0000,1444.4001,return
219,4,94,wrist,0.0594,0.8432,-0.6482,0.0000,1448.8947,return
219,4,94,wrist,0.0578,0.8437,-0.6476,0.0000,1453.8825,return
219,4,94,wrist,0.0544,0.8442,-0.6465,0.0000,1458.8687,return
219,4,94,wrist,0.0524,0.8437,-0.6460,0.0000,1463.855,return
219,4,94,wrist,0.0507,0.8438,-0.6451,0.0000,1468.8418,return
219,4,94,wrist,0.0492,0.8437,-0.6442,0.0000,1473.8286,return
219,4,94,wrist,0.0481,0.8443,-0.6431,0.0000,1478.8159,return
219,4,94,wrist,0.0459,0.8438,-0.6407,0.0000,1483.802,return
219,4,94,wrist,0.0459,0.8438,-0.6407,0.0000,1488.7886,return
219,4,94,wrist,0.0445,0.8426,-0.6385,0.0000,1493.7753,return
219,4,94,wrist,0.0442,0.8422,-0.6372,0.0000,1498.7619,return
219,4,94,wrist,0.0442,0.8419,-0.6359,0.0000,1503.7485,return
219,4,94,wrist,0.0441,0.8413,-0.6334,0.0000,1508.7356,return
219,4,94,wrist,0.0438,0.8407,-0.6323,0.0000,1513.7222,return
219,4,94,wrist,0.0431,0.8400,-0.6317,0.0000,1518.7085,return
219,4,94,wrist,0.0429,0.8396,-0.6309,0.0000,1523.6959,return
219,4,94,wrist,0.0427,0.8394,-0.6302,0.0000,1528.6825,return
219,4,94,wrist,0.0421,0.8394,-0.6286,0.0000,1533.6684,return
219,4,94,wrist,0.0417,0.8392,-0.6282,0.0000,1538.6548,return
219,4,94,wrist,0.0411,0.8387,-0.6280,0.0000,1543.6421,return
219,4,94,wrist,0.0408,0.8385,-0.6278,0.0000,1548.6284,return
219,4,94,wrist,0.0405,0.8384,-0.6275,0.0000,1553.616,return
219,4,94,wrist,0.0405,0.8386,-0.6271,0.0000,1558.6018,return
219,4,94,wrist,0.0400,0.8385,-0.6267,0.0000,1563.5882,return
219,4,94,wrist,0.0396,0.8382,-0.6268,0.0000,1568.5754,return
219,4,94,wrist,0.0391,0.8380,-0.6268,0.0000,1573.5622,return
219,4,94,wrist,0.0387,0.8379,-0.6266,0.0000,1578.5484,return
219,4,94,wrist,0.0385,0.8380,-0.6263,0.0000,1583.5353,return
219,4,94,wrist,0.0382,0.8380,-0.6258,0.0000,1588.5221,return
219,4,94,wrist,0.0372,0.8378,-0.6253,0.0000,1593.5079,return
219,4,94,wrist,0.0364,0.8373,-0.6254,0.0000,1598.4953,return
219,4,94,wrist,0.0358,0.8371,-0.6251,0.0000,1603.482,return
219,4,94,wrist,0.0351,0.8374,-0.6241,0.0000,1608.4688,return
219,4,94,wrist,0.0345,0.8372,-0.6238,0.0000,1613.4552,return
219,4,94,wrist,0.0340,0.8371,-0.6235,0.0000,1617.949,return
219,4,94,wrist,0.0330,0.8363,-0.6234,0.0000,1622.936,return
219,4,94,wrist,0.0323,0.8361,-0.6232,0.0000,1627.9224,return
219,4,94,wrist,0.0319,0.8359,-0.6229,0.0000,1632.9091,return
219,4,94,wrist,0.0315,0.8360,-0.6216,0.0000,1637.8966,return
219,4,94,wrist,0.0313,0.8359,-0.6212,0.0000,1642.8826,return
219,4,94,wrist,0.0312,0.8356,-0.6210,0.0000,1647.8691,return
219,4,94,wrist,0.0312,0.8352,-0.6209,0.0000,1652.8556,return
219,4,94,wrist,0.0313,0.8350,-0.6207,0.0000,1657.8439,return
219,4,94,wrist,0.0315,0.8352,-0.6202,0.0000,1662.8292,return
219,4,94,wrist,0.0317,0.8351,-0.6201,0.0000,1667.8156,return
219,4,94,wrist,0.0318,0.8352,-0.6201,0.0000,1672.8025,return
219,4,94,wrist,0.0319,0.8349,-0.6203,0.0000,1677.7893,return
219,4,94,wrist,0.0320,0.8349,-0.6205,0.0000,1682.7755,return
219,4,94,wrist,0.0320,0.8350,-0.6206,0.0000,1687.7627,return
219,4,94,wrist,0.0321,0.8353,-0.6208,0.0000,1692.7491,return
219,4,94,wrist,0.0321,0.8353,-0.6208,0.0000,1697.7365,return
219,4,94,wrist,0.0322,0.8356,-0.6214,0.0000,1702.7225,return
219,4,94,wrist,0.0322,0.8356,-0.6217,0.0000,1707.7087,return
219,4,94,wrist,0.0322,0.8356,-0.6218,0.0000,1712.6963,return
219,4,94,wrist,0.0302,0.8355,-0.6214,0.0000,1717.3526,return
219,4,94,wrist,0.0302,0.8355,-0.6214,0.0000,1722.3398,return
219,4,94,wrist,0.0302,0.8353,-0.6216,0.0000,1727.326,return
219,4,94,wrist,0.0302,0.8352,-0.6218,0.0000,1732.3129,return
219,4,94,wrist,-0.0300,0.8115,-0.6257,0.0000,1737.2999,return
219,4,94,wrist,0.0324,0.8358,-0.6219,0.0000,1742.2867,return
219,4,94,wrist,0.0324,0.8358,-0.6219,0.0000,1747.273,return
219,4,94,wrist,0.0324,0.8358,-0.6218,0.0000,1752.2588,return
219,4,94,wrist,0.0324,0.8358,-0.6218,0.0000,1757.2464,return
219,4,94,wrist,0.0324,0.8358,-0.6218,0.0000,1762.2326,return
219,4,94,wrist,0.0324,0.8358,-0.6218,0.0000,1767.2216,return
219,4,94,wrist,0.0327,0.8361,-0.6214,0.0000,1772.206,return
219,4,94,wrist,0.0328,0.8361,-0.6214,0.0000,1777.1927,return
219,4,94,wrist,0.0326,0.8359,-0.6216,0.0000,1782.1787,return
219,4,94,wrist,0.0326,0.8359,-0.6217,0.0000,1787.1662,return
219,4,94,wrist,0.0327,0.8362,-0.6215,0.0000,1793.1498,return
219,4,94,wrist,0.0329,0.8364,-0.6215,0.0000,1798.1367,return
219,4,94,wrist,0.0331,0.8365,-0.6216,0.0000,1803.1232,return
219,4,94,wrist,0.0336,0.8365,-0.6221,0.0000,1808.1099,return
219,4,94,wrist,0.0346,0.8367,-0.6228,0.0000,1813.0962,return
219,4,94,wrist,0.0354,0.8372,-0.6231,0.0000,1817.9908,return
219,4,94,wrist,0.0354,0.8372,-0.6231,0.0000,1822.9782,return
219,4,94,wrist,0.0377,0.8381,-0.6242,0.0000,1827.964,return
219,4,94,wrist,0.0390,0.8385,-0.6251,0.0000,1832.9516,return
219,4,94,wrist,0.0415,0.8390,-0.6270,0.0000,1837.9375,return
219,4,94,wrist,0.0431,0.8395,-0.6279,0.0000,1842.9243,return
219,4,94,wrist,0.0445,0.8398,-0.6290,0.0000,1847.1268,return
219,4,94,wrist,0.0461,0.8402,-0.6303,0.0000,1852.1129,return
219,4,94,wrist,0.0477,0.8406,-0.6317,0.0000,1857.1,return
219,4,94,wrist,0.0495,0.8409,-0.6334,0.0000,1862.0873,return
219,4,94,wrist,0.0515,0.8415,-0.6351,0.0000,1867.0737,return
219,4,94,wrist,0.0533,0.8419,-0.6368,0.0000,1872.0611,return
219,4,94,wrist,0.0558,0.8428,-0.6385,0.0000,1877.047,return
219,4,94,wrist,0.0607,0.8441,-0.6433,0.0000,1882.0337,return
219,4,94,wrist,0.0636,0.8445,-0.6463,0.0000,1887.0201,return
219,4,94,wrist,0.0660,0.8450,-0.6490,0.0000,1892.0066,return
219,4,94,wrist,0.0719,0.8465,-0.6549,0.0000,1896.9928,return
219,4,94,wrist,0.0756,0.8475,-0.6586,0.0000,1901.9796,return
219,4,94,wrist,0.0786,0.8483,-0.6624,0.0000,1906.9661,return
219,4,94,wrist,0.0820,0.8491,-0.6665,0.0000,1911.9538,return
219,4,94,wrist,0.0847,0.8498,-0.6708,0.0000,1915.9989,return
219,4,94,wrist,0.0880,0.8511,-0.6754,0.0000,1920.9871,return
219,4,94,wrist,0.0946,0.8543,-0.6854,0.0000,1925.9721,return
219,4,94,wrist,0.0976,0.8558,-0.6910,0.0000,1930.9587,return
219,4,94,wrist,0.1006,0.8574,-0.6967,0.0000,1935.9456,return
219,4,94,wrist,0.1035,0.8592,-0.7030,0.0000,1940.9327,return
219,4,94,wrist,0.1063,0.8611,-0.7091,0.0000,1945.9186,return
219,4,94,wrist,0.1119,0.8654,-0.7216,0.0000,1950.9057,return
219,4,94,wrist,0.1151,0.8680,-0.7291,0.0000,1955.8922,return
219,4,94,wrist,0.1177,0.8699,-0.7359,0.0000,1960.8783,return
219,4,94,wrist,0.1212,0.8721,-0.7435,0.0000,1965.8655,return
219,4,94,wrist,0.1234,0.8737,-0.7502,0.0000,1970.8526,return
219,4,94,wrist,0.1265,0.8758,-0.7575,0.0000,1975.8402,return
219,4,94,wrist,0.1327,0.8799,-0.7725,0.0000,1980.8251,return
219,4,94,wrist,0.1355,0.8817,-0.7801,0.0000,1985.812,return
219,4,94,wrist,0.1384,0.8833,-0.7881,0.0000,1990.7989,return
219,4,94,wrist,0.1406,0.8843,-0.7951,0.0000,1995.7852,return
219,4,94,wrist,0.1458,0.8868,-0.8102,0.0000,2000.7721,return
219,4,94,wrist,0.1487,0.8884,-0.8182,0.0000,2005.7586,return
219,4,94,wrist,0.1510,0.8894,-0.8258,0.0000,2010.7456,return
219,4,94,wrist,0.1510,0.8894,-0.8258,0.0000,2015.7315,return
219,4,94,wrist,0.1528,0.8888,-0.8391,0.0000,2020.7186,return
219,4,94,wrist,0.1590,0.8910,-0.8557,0.0000,2025.7054,return
219,4,94,wrist,0.1610,0.8916,-0.8627,0.0000,2030.6921,return
219,4,94,wrist,0.1633,0.8918,-0.8708,0.0000,2035.6785,return
219,4,94,wrist,0.1650,0.8917,-0.8778,0.0000,2040.6649,return
219,4,94,wrist,0.1667,0.8911,-0.8852,0.0000,2045.652,return
219,4,94,wrist,0.1699,0.8898,-0.8982,0.0000,2050.6387,return
219,4,94,wrist,0.1699,0.8898,-0.8982,0.0000,2055.626,return
219,4,94,wrist,0.1733,0.8890,-0.9114,0.0000,2060.6119,return
219,4,94,wrist,0.1749,0.8881,-0.9176,0.0000,2065.5987,return
219,4,94,wrist,0.1765,0.8869,-0.9236,0.0000,2070.5852,return
219,4,94,wrist,0.1792,0.8839,-0.9342,0.0000,2075.5721,return
219,4,94,wrist,0.1806,0.8824,-0.9392,0.0000,2080.5588,return
219,4,94,wrist,0.1823,0.8820,-0.9440,0.0000,2085.5452,return
219,4,94,wrist,0.1840,0.8805,-0.9487,0.0000,2090.5324,return
219,4,94,wrist,0.1854,0.8789,-0.9527,0.0000,2095.5189,return
219,4,94,wrist,0.1872,0.8766,-0.9566,0.0000,2100.5057,return
219,4,94,wrist,0.1908,0.8730,-0.9631,0.0000,2105.4919,return
219,4,94,wrist,0.1926,0.8719,-0.9662,0.0000,2110.4789,return
219,4,94,wrist,0.1949,0.8702,-0.9694,0.0000,2115.4651,return
219,4,94,wrist,0.1969,0.8681,-0.9720,0.0000,2120.4521,return
219,4,94,wrist,0.2009,0.8630,-0.9768,0.0000,2125.4387,return
219,4,94,wrist,0.2031,0.8606,-0.9791,0.0000,2130.4251,return
219,4,94,wrist,0.2052,0.8584,-0.9813,0.0000,2134.9297,returned
219,4,94,wrist,0.2052,0.8584,-0.9813,0.0000,2139.9087,returned
219,4,94,wrist,0.2091,0.8544,-0.9854,0.0000,2144.8955,returned
219,4,94,wrist,0.2122,0.8515,-0.9877,0.0000,2149.8825,returned
219,4,94,wrist,0.2144,0.8480,-0.9896,0.0000,2154.8704,returned
219,4,94,wrist,0.2192,0.8427,-0.9935,0.0000,2159.8556,returned
219,4,94,wrist,0.2219,0.8408,-0.9954,0.0000,2164.8421,returned
219,4,94,wrist,0.2248,0.8381,-0.9975,0.0000,2169.8285,returned
219,4,94,wrist,0.2273,0.8353,-0.9994,0.0000,2174.8157,returned
219,4,94,wrist,0.2321,0.8291,-1.0028,0.0000,2179.8024,returned
219,4,94,wrist,0.2345,0.8263,-1.0044,0.0000,2184.7885,returned
219,4,94,wrist,0.2368,0.8240,-1.0059,0.0000,2189.7755,returned
219,4,94,wrist,0.2394,0.8213,-1.0076,0.0000,2194.7615,returned
219,4,94,wrist,0.2415,0.8185,-1.0088,0.0000,2199.7488,returned
219,4,94,wrist,0.2444,0.8127,-1.0107,0.0000,2204.7354,returned
219,4,94,wrist,0.2457,0.8102,-1.0115,0.0000,2209.7224,returned
219,4,94,wrist,0.2470,0.8079,-1.0122,0.0000,2214.7084,returned
219,4,94,wrist,0.2480,0.8059,-1.0130,0.0000,2219.6952,returned
219,4,94,wrist,0.2489,0.8035,-1.0134,0.0000,2224.6825,returned
219,4,94,wrist,0.2502,0.7993,-1.0136,0.0000,2229.6686,returned
219,4,94,wrist,0.2505,0.7973,-1.0137,0.0000,2234.6554,returned
219,4,94,wrist,0.2505,0.7973,-1.0137,0.0000,2239.6424,returned
219,4,94,wrist,0.2517,0.7948,-1.0137,0.0000,2244.6289,returned
219,4,94,wrist,0.2523,0.7937,-1.0137,0.0000,2249.6156,returned
219,4,94,wrist,0.2526,0.7926,-1.0135,0.0000,2254.6026,returned
219,4,94,wrist,0.2525,0.7900,-1.0133,0.0000,2259.5884,returned
219,4,94,wrist,0.2528,0.7893,-1.0132,0.0000,2264.5754,returned
219,4,94,wrist,0.2534,0.7889,-1.0132,0.0000,2269.562,returned
219,4,94,wrist,0.2537,0.7885,-1.0131,0.0000,2274.5488,returned
219,4,94,wrist,0.2539,0.7882,-1.0128,0.0000,2279.5356,returned
219,4,94,wrist,0.2537,0.7875,-1.0119,0.0000,2284.5215,returned
219,4,94,wrist,0.2534,0.7874,-1.0116,0.0000,2289.5093,returned
219,4,94,wrist,0.2533,0.7875,-1.0113,0.0000,2294.4952,returned
219,4,94,wrist,0.2541,0.7883,-1.0111,0.0000,2299.4829,returned
219,4,94,wrist,0.2537,0.7887,-1.0104,0.0000,2304.4693,returned
219,4,94,wrist,0.2537,0.7887,-1.0104,0.0000,2309.4554,returned
219,4,94,wrist,0.2526,0.7887,-1.0095,0.0000,2314.4417,returned
219,4,94,wrist,0.2523,0.7890,-1.0091,0.0000,2319.2262,returned
219,4,94,wrist,0.2529,0.7900,-1.0089,0.0000,2324.2128,returned
219,4,94,wrist,0.2525,0.7902,-1.0086,0.0000,2329.1995,returned
219,4,94,wrist,0.2522,0.7904,-1.0083,0.0000,2334.1863,returned
219,4,94,wrist,0.2515,0.7905,-1.0075,0.0000,2339.1732,returned
219,4,94,wrist,0.2513,0.7905,-1.0073,0.0000,2344.1597,returned
219,4,94,wrist,0.2512,0.7908,-1.0072,0.0000,2349.1463,returned
219,4,94,wrist,0.2512,0.7911,-1.0072,0.0000,2354.135,returned
219,4,94,wrist,0.2506,0.7908,-1.0071,0.0000,2359.1201,returned
219,4,94,wrist,0.2502,0.7904,-1.0070,0.0000,2364.1066,returned
219,4,94,wrist,0.2501,0.7902,-1.0072,0.0000,2369.0932,returned
219,4,94,wrist,0.2500,0.7900,-1.0073,0.0000,2374.0795,returned
219,4,94,wrist,0.2502,0.7899,-1.0076,0.0000,2379.0665,returned
219,4,94,wrist,0.2504,0.7894,-1.0083,0.0000,2383.7357,returned
219,4,94,wrist,0.2504,0.7894,-1.0083,0.0000,2388.2305,returned
219,4,94,wrist,0.2499,0.7878,-1.0091,0.0000,2393.2159,returned
219,4,94,wrist,0.2502,0.7874,-1.0094,0.0000,2398.2032,returned
219,4,94,wrist,0.2510,0.7874,-1.0100,0.0000,2403.1893,returned
219,4,94,wrist,0.2513,0.7868,-1.0105,0.0000,2408.176,returned
219,4,94,wrist,0.2514,0.7852,-1.0112,0.0000,2413.1627,returned
219,4,94,wrist,0.2516,0.7843,-1.0116,0.0000,2418.1493,returned
219,4,94,wrist,0.2516,0.7843,-1.0116,0.0000,2423.1362,returned
219,4,94,wrist,0.2524,0.7831,-1.0122,0.0000,2428.1222,returned
219,4,94,wrist,0.2525,0.7826,-1.0129,0.0000,2433.1101,returned
219,4,94,wrist,0.2531,0.7820,-1.0129,0.0000,2438.0958,returned
219,4,94,wrist,0.2534,0.7811,-1.0129,0.0000,2443.0829,returned
219,4,94,wrist,0.2534,0.7795,-1.0129,0.0000,2448.0693,returned
219,4,94,wrist,0.2536,0.7789,-1.0129,0.0000,2453.0557,returned
219,4,94,wrist,0.2543,0.7787,-1.0132,0.0000,2458.043,returned
219,4,94,wrist,0.2544,0.7781,-1.0131,0.0000,2463.03,returned
219,4,94,wrist,0.2540,0.7766,-1.0128,0.0000,2468.0158,returned
219,4,94,wrist,0.2540,0.7761,-1.0127,0.0000,2473.0025,returned
219,4,94,wrist,0.2540,0.7756,-1.0127,0.0000,2477.9894,returned
219,4,94,wrist,0.2546,0.7757,-1.0127,0.0000,2482.9762,returned
219,4,94,wrist,0.2547,0.7755,-1.0128,0.0000,2487.9632,returned
219,4,94,wrist,0.2542,0.7743,-1.0126,0.0000,2492.9496,returned
219,4,94,wrist,0.2540,0.7739,-1.0126,0.0000,2497.9359,returned
219,4,94,wrist,0.2539,0.7736,-1.0125,0.0000,2502.9226,returned
219,4,94,wrist,0.2543,0.7738,-1.0126,0.0000,2507.9094,returned
219,4,94,wrist,0.2546,0.7740,-1.0127,0.0000,2512.8972,returned
219,4,94,wrist,0.2542,0.7735,-1.0126,0.0000,2517.882,returned
219,4,94,wrist,0.2538,0.7729,-1.0124,0.0000,2522.87,returned
219,4,94,wrist,0.2538,0.7729,-1.0124,0.0000,2527.8559,returned
219,4,94,wrist,0.2538,0.7728,-1.0124,0.0000,2532.8426,returned
219,4,94,wrist,0.2543,0.7734,-1.0125,0.0000,2537.8294,returned
219,4,94,wrist,0.2542,0.7732,-1.0125,0.0000,2542.8164,returned
219,4,94,wrist,0.2537,0.7725,-1.0123,0.0000,2547.8022,returned
219,4,94,wrist,0.2537,0.7724,-1.0123,0.0000,2552.7889,returned
219,4,94,wrist,0.2536,0.7725,-1.0125,0.0000,2558.7735,returned
219,4,94,wrist,0.2537,0.7725,-1.0124,0.0000,2563.7594,returned
219,4,94,wrist,0.2536,0.7724,-1.0125,0.0000,2568.7463,returned
219,4,94,wrist,0.2538,0.7721,-1.0127,0.0000,2573.7331,returned
219,4,94,wrist,0.2539,0.7720,-1.0127,0.0000,2578.7201,returned
219,4,94,wrist,0.2540,0.7719,-1.0128,0.0000,2583.7065,returned
219,4,94,wrist,0.2542,0.7720,-1.0131,0.0000,2588.6941,returned
219,4,94,wrist,0.2546,0.7719,-1.0134,0.0000,2593.68,returned
219,4,94,wrist,0.2545,0.7717,-1.0134,0.0000,2597.9028,returned
219,4,94,wrist,0.2544,0.7714,-1.0135,0.0000,2602.8891,returned
219,4,94,wrist,0.2545,0.7714,-1.0136,0.0000,2607.8765,returned
219,4,94,wrist,0.2550,0.7716,-1.0139,0.0000,2612.8627,returned
219,4,94,wrist,0.2551,0.7716,-1.0140,0.0000,2617.8498,returned
219,4,94,wrist,0.2551,0.7715,-1.0141,0.0000,2622.8356,returned
219,4,94,wrist,0.2549,0.7710,-1.0139,0.0000,2627.8224,returned
219,4,94,wrist,0.2550,0.7710,-1.0140,0.0000,2632.8093,returned
219,4,94,wrist,0.2550,0.7709,-1.0140,0.0000,2637.3048,returned
219,4,94,wrist,0.2552,0.7711,-1.0144,0.0000,2642.292,returned
219,4,94,index,0.7224,0.7768,-0.5915,0.6115,0,startbuffer
219,4,94,index,0.7224,0.7768,-0.5915,0.6114,5.9839,startbuffer
219,4,94,index,0.7224,0.7768,-0.5915,0.6113,10.9711,startbuffer
219,4,94,index,0.7224,0.7768,-0.5915,0.6113,15.957,startbuffer
219,4,94,index,0.7224,0.7768,-0.5915,0.6112,20.9444,startbuffer
219,4,94,index,0.7224,0.7768,-0.5915,0.6112,25.9308,startbuffer
219,4,94,index,0.7224,0.7768,-0.5915,0.6107,30.9168,startbuffer
219,4,94,index,0.7224,0.7768,-0.5915,0.6109,35.9038,startbuffer
219,4,94,index,0.7224,0.7768,-0.5915,0.6109,40.8903,startbuffer
219,4,94,index,0.7224,0.7768,-0.5915,0.6109,45.877,startbuffer
219,4,94,index,0.7224,0.7768,-0.5915,0.6112,50.8637,startbuffer
219,4,94,index,0.7224,0.7768,-0.5915,0.6108,55.8507,startbuffer
219,4,94,index,0.7224,0.7768,-0.5915,0.6108,61.8354,begin
219,4,94,index,0.7224,0.7768,-0.5915,0.6108,66.8226,begin
219,4,94,index,0.7225,0.7765,-0.5913,0.6114,71.8079,begin
219,4,94,index,0.7225,0.7765,-0.5914,0.6114,76.795,begin
219,4,94,index,0.7225,0.7765,-0.5914,0.6114,81.7811,begin
219,4,94,index,0.7225,0.7765,-0.5914,0.6109,86.7679,begin
219,4,94,index,0.7225,0.7766,-0.5914,0.6110,91.7555,begin
219,4,94,index,0.7224,0.7768,-0.5915,0.6112,96.7411,begin
219,4,94,index,0.7224,0.7768,-0.5915,0.6112,101.728,begin
219,4,94,index,0.7224,0.7767,-0.5915,0.6112,106.7435,begin
219,4,94,index,0.7224,0.7767,-0.5915,0.6107,111.7228,begin
219,4,94,index,0.7224,0.7767,-0.5915,0.6109,116.7105,begin
219,4,94,index,0.7224,0.7767,-0.5915,0.6109,121.697,begin
219,4,94,index,0.7224,0.7768,-0.5915,0.6107,126.6827,begin
219,4,94,index,0.7224,0.7768,-0.5915,0.6107,131.6695,begin
219,4,94,index,0.7224,0.7768,-0.5915,0.6108,136.6563,begin
219,4,94,index,0.7224,0.7768,-0.5915,0.6111,141.6428,begin
219,4,94,index,0.7224,0.7768,-0.5915,0.6111,146.63,begin
219,4,94,index,0.7224,0.7768,-0.5915,0.6111,151.6162,begin
219,4,94,index,0.7224,0.7768,-0.5915,0.6111,156.6031,begin
219,4,94,index,0.7224,0.7768,-0.5915,0.6111,161.5896,begin
219,4,94,index,0.7224,0.7768,-0.5915,0.6107,166.5761,begin
219,4,94,index,0.7224,0.7768,-0.5915,0.6108,171.5633,begin
219,4,94,index,0.7224,0.7768,-0.5915,0.6107,176.5496,begin
219,4,94,index,0.7224,0.7768,-0.5915,0.6107,181.5362,begin
219,4,94,index,0.7224,0.7768,-0.5915,0.6108,186.5227,begin
219,4,94,index,0.7224,0.7768,-0.5915,0.6111,191.5096,begin
219,4,94,index,0.7224,0.7768,-0.5915,0.6111,196.4962,begin
219,4,94,index,0.7224,0.7768,-0.5915,0.6112,201.4836,begin
219,4,94,index,0.7224,0.7768,-0.5915,0.6111,206.4695,begin
219,4,94,index,0.7224,0.7768,-0.5915,0.6111,211.4564,begin
219,4,94,index,0.7224,0.7768,-0.5915,0.6109,215.9511,begin
219,4,94,index,0.7224,0.7768,-0.5915,0.6108,220.9381,begin
219,4,94,index,0.7224,0.7768,-0.5915,0.6107,225.9245,begin
219,4,94,index,0.7224,0.7768,-0.5915,0.6115,230.9109,begin
219,4,94,index,0.7224,0.7768,-0.5915,0.6114,235.8979,begin
219,4,94,index,0.7224,0.7767,-0.5914,0.6114,240.8842,begin
219,4,94,index,0.7224,0.7766,-0.5914,0.6117,245.8716,begin
219,4,94,index,0.7224,0.7766,-0.5914,0.6117,250.8577,begin
219,4,94,index,0.7224,0.7766,-0.5914,0.6126,255.8447,begin
219,4,94,index,0.7224,0.7766,-0.5914,0.6131,260.831,begin
219,4,94,index,0.7224,0.7766,-0.5914,0.6137,265.8179,begin
219,4,94,index,0.7224,0.7766,-0.5914,0.6141,270.8045,begin
219,4,94,index,0.7224,0.7766,-0.5914,0.6161,275.7906,begin
219,4,94,index,0.7224,0.7768,-0.5915,0.6173,280.7777,begin
219,4,94,index,0.7224,0.7768,-0.5915,0.6190,285.7645,begin
219,4,94,index,0.7224,0.7768,-0.5915,0.6205,290.751,begin
219,4,94,index,0.7224,0.7768,-0.5915,0.6231,295.7378,begin
219,4,94,index,0.7224,0.7768,-0.5915,0.6259,300.7251,begin
219,4,94,index,0.7214,0.7775,-0.5911,0.6265,305.711,begin
219,4,94,index,0.7223,0.7768,-0.5915,0.6271,310.6978,begin
219,4,94,index,0.7225,0.7762,-0.5911,0.6244,315.6842,begin
219,4,94,index,0.7223,0.7769,-0.5915,0.6260,320.6708,begin
219,4,94,index,0.7223,0.7769,-0.5915,0.6279,325.6576,begin
219,4,94,index,0.7223,0.7767,-0.5915,0.6316,330.644,begin
219,4,94,index,0.7223,0.7767,-0.5914,0.6336,335.631,begin
219,4,94,index,0.7225,0.7765,-0.5913,0.6364,340.6176,begin
219,4,94,index,0.7225,0.7765,-0.5914,0.6389,345.6043,begin
219,4,94,index,0.7225,0.7766,-0.5914,0.6418,350.5905,out
219,4,94,index,0.7225,0.7766,-0.5914,0.6478,355.5777,out
219,4,94,index,0.7225,0.7767,-0.5914,0.6509,360.5643,out
219,4,94,index,0.7223,0.7768,-0.5915,0.6538,365.5514,out
219,4,94,index,0.7223,0.7768,-0.5915,0.6573,370.5378,out
219,4,94,index,0.7223,0.7768,-0.5914,0.6652,375.5243,out
219,4,94,index,0.7223,0.7768,-0.5914,0.6690,380.5111,out
219,4,94,index,0.7223,0.7768,-0.5914,0.6729,384.8863,out
219,4,94,index,0.7223,0.7768,-0.5914,0.6769,389.873,out
219,4,94,index,0.7223,0.7768,-0.5914,0.6810,394.8593,out
219,4,94,index,0.7223,0.7768,-0.5914,0.6853,399.8466,out
219,4,94,index,0.7223,0.7768,-0.5914,0.6934,404.8333,out
219,4,94,index,0.7223,0.7768,-0.5914,0.6978,409.8197,out
219,4,94,index,0.7223,0.7768,-0.5914,0.7023,414.8059,out
219,4,94,index,0.7223,0.7768,-0.5914,0.7068,419.7928,out
219,4,94,index,0.7223,0.7767,-0.5914,0.7112,424.7803,out
219,4,94,index,0.7223,0.7767,-0.5914,0.7203,429.7667,out
219,4,94,index,0.7223,0.7767,-0.5914,0.7245,434.7537,out
219,4,94,index,0.7223,0.7767,-0.5914,0.7285,439.7392,out
219,4,94,index,0.7223,0.7767,-0.5914,0.7326,444.7267,out
219,4,94,index,0.7223,0.7767,-0.5914,0.7362,449.713,out
219,4,94,index,0.7223,0.7767,-0.5914,0.7396,454.7,out
219,4,94,index,0.7223,0.7767,-0.5914,0.7458,459.6862,out
219,4,94,index,0.7223,0.7767,-0.5914,0.7487,464.6735,out
219,4,94,index,0.7223,0.7767,-0.5914,0.7516,469.6595,out
219,4,94,index,0.7223,0.7767,-0.5914,0.7541,474.6466,out
219,4,94,index,0.7223,0.7767,-0.5914,0.7591,479.6334,out
219,4,94,index,0.7223,0.7767,-0.5914,0.7614,484.6197,out
219,4,94,index,0.7223,0.7767,-0.5914,0.7614,489.6064,out
219,4,94,index,0.7223,0.7767,-0.5914,0.7651,494.5929,out
219,4,94,index,0.7223,0.7767,-0.5914,0.7670,499.5802,out
219,4,94,index,0.7223,0.7767,-0.5913,0.7712,504.5668,out
219,4,94,index,0.7223,0.7767,-0.5913,0.7731,509.5532,out
219,4,94,index,0.7223,0.7767,-0.5913,0.7748,514.5391,out
219,4,94,index,0.7223,0.7767,-0.5913,0.7761,519.5263,out
219,4,94,index,0.7223,0.7767,-0.5913,0.7777,524.5136,out
219,4,94,index,0.7223,0.7767,-0.5913,0.7808,529.4996,out
219,4,94,index,0.7223,0.7767,-0.5913,0.7808,534.4871,out
219,4,94,index,0.7223,0.7767,-0.5913,0.7842,539.4728,out
219,4,94,index,0.7223,0.7767,-0.5913,0.7857,544.4601,out
219,4,94,index,0.7223,0.7767,-0.5913,0.7870,549.4464,out
219,4,94,index,0.7223,0.7767,-0.5914,0.7885,554.4332,out
219,4,94,index,0.7223,0.7767,-0.5914,0.7917,559.4202,out
219,4,94,index,0.7223,0.7767,-0.5914,0.7930,564.4061,out
219,4,94,index,0.7223,0.7767,-0.5914,0.7943,569.3927,out
219,4,94,index,0.7223,0.7767,-0.5914,0.7954,574.3797,out
219,4,94,index,0.7223,0.7767,-0.5914,0.7967,579.3665,out
219,4,94,index,0.7223,0.7768,-0.5915,0.7986,583.7546,out
219,4,94,index,0.7223,0.7768,-0.5915,0.7986,588.7414,out
219,4,94,index,0.7224,0.7766,-0.5914,0.8006,593.7273,out
219,4,94,index,0.7224,0.7766,-0.5913,0.8014,598.7145,out
219,4,94,index,0.7224,0.7766,-0.5913,0.8022,603.701,out
219,4,94,index,0.7224,0.7766,-0.5913,0.8039,608.6883,out
219,4,94,index,0.7224,0.7766,-0.5913,0.8044,613.6743,out
219,4,94,index,0.7224,0.7766,-0.5913,0.8047,618.6609,out
219,4,94,index,0.7224,0.7768,-0.5914,0.8049,623.6478,out
219,4,94,index,0.7223,0.7768,-0.5915,0.8050,628.6343,out
219,4,94,index,0.7223,0.7768,-0.5914,0.8053,633.6215,out
219,4,94,index,0.7223,0.7767,-0.5914,0.8062,638.6077,out
219,4,94,index,0.7223,0.7767,-0.5914,0.8067,643.595,out
219,4,94,index,0.7223,0.7768,-0.5914,0.8051,648.5809,out
219,4,94,index,0.7223,0.7768,-0.5915,0.8055,653.5679,out
219,4,94,index,0.7223,0.7767,-0.5914,0.8063,658.5548,out
219,4,94,index,0.7223,0.7767,-0.5914,0.8063,663.5411,out
219,4,94,index,0.7223,0.7767,-0.5914,0.8045,668.5281,out
219,4,94,index,0.7223,0.7767,-0.5914,0.8045,673.5141,out
219,4,94,index,0.7223,0.7767,-0.5914,0.8042,678.5008,out
219,4,94,index,0.7223,0.7767,-0.5914,0.8036,683.4885,out
219,4,94,index,0.7223,0.7767,-0.5914,0.8029,688.4747,out
219,4,94,index,0.7223,0.7767,-0.5914,0.7995,693.4609,out
219,4,94,index,0.7223,0.7767,-0.5914,0.7979,698.4478,out
219,4,94,index,0.7223,0.7769,-0.5915,0.7962,703.4344,out
219,4,94,index,0.7223,0.7768,-0.5915,0.7948,707.9314,out
219,4,94,index,0.7223,0.7768,-0.5915,0.7897,712.9186,lift
219,4,94,index,0.7223,0.7768,-0.5915,0.7876,717.9044,lift
219,4,94,index,0.7223,0.7768,-0.5915,0.7876,722.8919,lift
219,4,94,index,0.7222,0.7768,-0.5917,0.7842,727.8773,lift
219,4,94,index,0.7223,0.7769,-0.5915,0.7842,732.8648,lift
219,4,94,index,0.7222,0.7768,-0.5917,0.7835,737.8521,lift
219,4,94,index,0.7223,0.7769,-0.5915,0.7830,742.8377,lift
219,4,94,index,0.7223,0.7769,-0.5915,0.7830,747.8242,lift
219,4,94,index,0.7223,0.7769,-0.5915,0.7830,752.8107,lift
219,4,94,index,0.7222,0.7768,-0.5917,0.7828,757.7978,lift
219,4,94,index,0.7222,0.7768,-0.5917,0.7827,762.7839,lift
219,4,94,index,0.7222,0.7768,-0.5917,0.7825,767.7717,lift
219,4,94,index,0.7223,0.7769,-0.5915,0.7821,772.7576,lift
219,4,94,index,0.7223,0.7769,-0.5915,0.7817,777.7447,lift
219,4,94,index,0.7223,0.7769,-0.5915,0.7813,782.7312,lift
219,4,94,index,0.7223,0.7769,-0.5915,0.7810,787.7179,lift
219,4,94,index,0.7223,0.7769,-0.5915,0.7801,792.7041,lift
219,4,94,index,0.7223,0.7769,-0.5915,0.7800,797.6905,lift
219,4,94,index,0.7223,0.7769,-0.5915,0.7796,802.6778,lift
219,4,94,index,0.7223,0.7768,-0.5915,0.7795,807.664,lift
219,4,94,index,0.7223,0.7769,-0.5915,0.7790,812.6512,lift
219,4,94,index,0.7223,0.7769,-0.5915,0.7791,817.6373,lift
219,4,94,index,0.7223,0.7769,-0.5915,0.7791,822.6249,lift
219,4,94,index,0.7223,0.7769,-0.5915,0.7789,827.611,lift
219,4,94,index,0.7223,0.7769,-0.5915,0.7788,832.5979,lift
219,4,94,index,0.7223,0.7769,-0.5915,0.7791,837.5849,lift
219,4,94,index,0.7223,0.7769,-0.5915,0.7792,842.5716,lift
219,4,94,index,0.7223,0.7768,-0.5915,0.7794,847.5578,lift
219,4,94,index,0.7223,0.7769,-0.5915,0.7798,852.544,lift
219,4,94,index,0.7223,0.7767,-0.5914,0.7805,857.5312,replace
219,4,94,index,0.7220,0.7766,-0.5911,0.7806,862.5175,replace
219,4,94,index,0.7220,0.7765,-0.5910,0.7810,867.5042,replace
219,4,94,index,0.7220,0.7765,-0.5910,0.7827,872.4911,replace
219,4,94,index,0.7220,0.7764,-0.5909,0.7837,877.4775,replace
219,4,94,index,0.7220,0.7764,-0.5908,0.7847,882.768,replace
219,4,94,index,0.7220,0.7769,-0.5907,0.7858,887.7573,replace
219,4,94,index,0.7219,0.7769,-0.5906,0.7880,892.7431,replace
219,4,94,index,0.7217,0.7765,-0.5906,0.7890,897.7298,replace
219,4,94,index,0.7217,0.7765,-0.5906,0.7905,902.7168,replace
219,4,94,index,0.7217,0.7766,-0.5905,0.7917,907.7032,replace
219,4,94,index,0.7218,0.7768,-0.5903,0.7952,912.6905,replace
219,4,94,index,0.7218,0.7768,-0.5903,0.7974,917.6767,replace
219,4,94,index,0.7218,0.7768,-0.5903,0.7974,922.6634,replace
219,4,94,index,0.7216,0.7766,-0.5902,0.8011,927.6495,replace
219,4,94,index,0.7215,0.7766,-0.5901,0.8032,932.6366,replace
219,4,94,index,0.7217,0.7768,-0.5901,0.8078,937.6235,replace
219,4,94,index,0.7217,0.7769,-0.5900,0.8100,942.6099,replace
219,4,94,index,0.7216,0.7769,-0.5899,0.8122,947.5966,replace
219,4,94,index,0.7215,0.7768,-0.5898,0.8144,952.5831,replace
219,4,94,index,0.7216,0.7769,-0.5897,0.8173,957.5699,replace
219,4,94,index,0.7216,0.7770,-0.5897,0.8223,962.5567,replace
219,4,94,index,0.7216,0.7769,-0.5897,0.8248,967.5431,replace
219,4,94,index,0.7216,0.7769,-0.5897,0.8278,972.5298,replace
219,4,94,index,0.7216,0.7771,-0.5894,0.8304,977.5166,replace
219,4,94,index,0.7217,0.7772,-0.5894,0.8330,982.5032,replace
219,4,94,index,0.7217,0.7772,-0.5894,0.8358,987.4909,replace
219,4,94,index,0.7218,0.7774,-0.5895,0.8414,992.4764,replace
219,4,94,index,0.7218,0.7774,-0.5895,0.8414,997.4632,replace
219,4,94,index,0.7217,0.7772,-0.5894,0.8468,1002.4502,replace
219,4,94,index,0.7217,0.7772,-0.5894,0.8493,1006.9467,replace
219,4,94,index,0.7217,0.7772,-0.5894,0.8519,1011.9341,replace
219,4,94,index,0.7217,0.7772,-0.5894,0.8565,1016.9201,replace
219,4,94,index,0.7217,0.7772,-0.5894,0.8565,1021.9073,replace
219,4,94,index,0.7217,0.7772,-0.5894,0.8607,1026.8937,replace
219,4,94,index,0.7217,0.7772,-0.5894,0.8607,1031.8804,replace
219,4,94,index,0.7217,0.7772,-0.5894,0.8628,1036.8675,replace
219,4,94,index,0.7217,0.7772,-0.5894,0.8644,1041.8531,replace
219,4,94,index,0.7217,0.7772,-0.5894,0.8671,1046.8399,replace
219,4,94,index,0.7217,0.7772,-0.5894,0.8683,1051.8265,replace
219,4,94,index,0.7217,0.7772,-0.5894,0.8692,1056.8135,replace
219,4,94,index,0.7216,0.7772,-0.5894,0.8702,1061.8002,replace
219,4,94,index,0.7216,0.7772,-0.5894,0.8710,1066.7872,replace
219,4,94,index,0.7216,0.7773,-0.5894,0.8720,1071.7734,replace
219,4,94,index,0.7216,0.7773,-0.5894,0.8723,1076.7602,replace
219,4,94,index,0.7216,0.7773,-0.5894,0.8726,1081.7465,replace
219,4,94,index,0.7215,0.7770,-0.5898,0.8731,1086.7334,replace
219,4,94,index,0.7216,0.7771,-0.5899,0.8733,1091.7206,replace
219,4,94,index,0.7216,0.7771,-0.5900,0.8731,1096.7065,replace
219,4,94,index,0.7216,0.7771,-0.5900,0.8731,1101.6937,replace
219,4,94,index,0.7217,0.7771,-0.5902,0.8728,1106.6799,replace
219,4,94,index,0.7218,0.7770,-0.5902,0.8723,1111.6666,replace
219,4,94,index,0.7217,0.7770,-0.5903,0.8718,1116.6531,replace
219,4,94,index,0.7216,0.7768,-0.5902,0.8712,1121.6398,replace
219,4,94,index,0.7216,0.7766,-0.5903,0.8698,1126.6268,replace
219,4,94,index,0.7216,0.7766,-0.5904,0.8691,1131.6135,replace
219,4,94,index,0.7218,0.7765,-0.5904,0.8682,1136.5998,replace
219,4,94,index,0.7218,0.7765,-0.5905,0.8666,1141.5867,replace
219,4,94,index,0.7221,0.7769,-0.5906,0.8653,1146.5734,replace
219,4,94,index,0.7220,0.7768,-0.5906,0.8642,1151.5599,replace
219,4,94,index,0.7220,0.7768,-0.5907,0.8627,1156.5467,replace
219,4,94,index,0.7220,0.7765,-0.5908,0.8616,1161.5327,replace
219,4,94,index,0.7220,0.7765,-0.5908,0.8603,1166.5201,replace
219,4,94,index,0.7221,0.7765,-0.5909,0.8571,1171.5069,replace
219,4,94,index,0.7222,0.7766,-0.5909,0.8553,1176.4934,replace
219,4,94,index,0.7222,0.7766,-0.5910,0.8534,1181.4795,replace
219,4,94,index,0.7221,0.7765,-0.5911,0.8518,1186.0745,replace
219,4,94,index,0.7222,0.7766,-0.5910,0.8497,1191.0617,replace
219,4,94,index,0.7222,0.7766,-0.5910,0.8458,1196.0483,replace
219,4,94,index,0.7222,0.7766,-0.5910,0.8438,1201.0351,replace
219,4,94,index,0.7222,0.7766,-0.5910,0.8419,1206.0223,replace
219,4,94,index,0.7222,0.7766,-0.5910,0.8400,1211.0085,replace
219,4,94,index,0.7222,0.7766,-0.5910,0.8381,1215.504,replace
219,4,94,index,0.7222,0.7766,-0.5910,0.8361,1220.4909,replace
219,4,94,index,0.7222,0.7767,-0.5911,0.8323,1225.4781,replace
219,4,94,index,0.7222,0.7767,-0.5911,0.8301,1230.4637,replace
219,4,94,index,0.7222,0.7767,-0.5911,0.8280,1235.4511,replace
219,4,94,index,0.7222,0.7767,-0.5911,0.8258,1240.4371,replace
219,4,94,index,0.7222,0.7767,-0.5911,0.8240,1245.4243,replace
219,4,94,index,0.7222,0.7767,-0.5911,0.8199,1250.4109,replace
219,4,94,index,0.7222,0.7767,-0.5911,0.8199,1255.3974,replace
219,4,94,index,0.7222,0.7767,-0.5911,0.8163,1260.3836,replace
219,4,94,index,0.7222,0.7766,-0.5910,0.8145,1265.3709,replace
219,4,94,index,0.7222,0.7766,-0.5910,0.8129,1270.3572,replace
219,4,94,index,0.7222,0.7766,-0.5910,0.8093,1275.3444,replace
219,4,94,index,0.7222,0.7766,-0.5910,0.8075,1280.3308,replace
219,4,94,index,0.7222,0.7766,-0.5910,0.8075,1284.836,replace
219,4,94,index,0.7222,0.7766,-0.5910,0.8040,1289.8136,replace
219,4,94,index,0.7222,0.7766,-0.5910,0.8025,1294.7999,replace
219,4,94,index,0.7222,0.7766,-0.5910,0.8007,1299.7881,replace
219,4,94,index,0.7222,0.7766,-0.5910,0.7972,1304.7738,replace
219,4,94,index,0.7222,0.7766,-0.5908,0.7956,1309.7599,replace
219,4,94,index,0.7221,0.7766,-0.5907,0.7940,1314.7466,replace
219,4,94,index,0.7220,0.7765,-0.5907,0.7925,1319.7333,replace
219,4,94,index,0.7220,0.7765,-0.5907,0.7913,1324.7202,replace
219,4,94,index,0.7220,0.7768,-0.5905,0.7891,1329.7069,replace
219,4,94,index,0.7220,0.7768,-0.5905,0.7891,1334.6943,replace
219,4,94,index,0.7219,0.7769,-0.5903,0.7879,1339.6794,replace
219,4,94,index,0.7217,0.7767,-0.5902,0.7870,1344.667,replace
219,4,94,index,0.7216,0.7767,-0.5901,0.7857,1349.6542,replace
219,4,94,index,0.7216,0.7766,-0.5900,0.7847,1354.6402,replace
219,4,94,index,0.7216,0.7768,-0.5898,0.7838,1359.6261,replace
219,4,94,index,0.7215,0.7768,-0.5898,0.7834,1364.6133,replace
219,4,94,index,0.7215,0.7767,-0.5897,0.7826,1369.5999,replace
219,4,94,index,0.7215,0.7768,-0.5897,0.7822,1374.5867,replace
219,4,94,index,0.7230,0.7761,-0.5940,0.7830,1379.5737,replace
219,4,94,index,0.7229,0.7758,-0.5940,0.7828,1384.56,replace
219,4,94,index,0.7229,0.7757,-0.5939,0.7824,1389.5475,replace
219,4,94,index,0.7229,0.7757,-0.5939,0.7821,1394.5331,replace
219,4,94,index,0.7229,0.7758,-0.5939,0.7818,1399.5201,replace
219,4,94,index,0.7229,0.7757,-0.5939,0.7804,1404.5071,replace
219,4,94,index,0.7230,0.7761,-0.5940,0.7801,1409.4937,replace
219,4,94,index,0.7230,0.7761,-0.5940,0.7804,1414.4798,return
219,4,94,index,0.7230,0.7761,-0.5940,0.7801,1419.4665,return
219,4,94,index,0.7229,0.7758,-0.5939,0.7796,1424.4534,return
219,4,94,index,0.7229,0.7758,-0.5939,0.7786,1429.4398,return
219,4,94,index,0.7229,0.7758,-0.5939,0.7785,1434.4267,return
219,4,94,index,0.7229,0.7758,-0.5939,0.7785,1439.4129,return
219,4,94,index,0.7229,0.7758,-0.5939,0.7784,1444.4001,return
219,4,94,index,0.7229,0.7758,-0.5939,0.7784,1448.8947,return
219,4,94,index,0.7229,0.7758,-0.5939,0.7792,1453.8825,return
219,4,94,index,0.7229,0.7758,-0.5939,0.7795,1458.8687,return
219,4,94,index,0.7229,0.7758,-0.5939,0.7798,1463.855,return
219,4,94,index,0.7229,0.7758,-0.5939,0.7801,1468.8418,return
219,4,94,index,0.7229,0.7758,-0.5939,0.7806,1473.8286,return
219,4,94,index,0.7229,0.7758,-0.5939,0.7807,1478.8159,return
219,4,94,index,0.7229,0.7758,-0.5939,0.7817,1483.802,return
219,4,94,index,0.7229,0.7758,-0.5939,0.7817,1488.7886,return
219,4,94,index,0.7229,0.7758,-0.5939,0.7826,1493.7753,return
219,4,94,index,0.7229,0.7758,-0.5939,0.7831,1498.7619,return
219,4,94,index,0.7229,0.7758,-0.5940,0.7836,1503.7485,return
219,4,94,index,0.7229,0.7758,-0.5939,0.7848,1508.7356,return
219,4,94,index,0.7229,0.7758,-0.5939,0.7851,1513.7222,return
219,4,94,index,0.7229,0.7758,-0.5939,0.7855,1518.7085,return
219,4,94,index,0.7229,0.7758,-0.5939,0.7858,1523.6959,return
219,4,94,index,0.7229,0.7758,-0.5939,0.7860,1528.6825,return
219,4,94,index,0.7229,0.7758,-0.5939,0.7861,1533.6684,return
219,4,94,index,0.7229,0.7758,-0.5939,0.7863,1538.6548,return
219,4,94,index,0.7229,0.7758,-0.5939,0.7865,1543.6421,return
219,4,94,index,0.7229,0.7758,-0.5939,0.7872,1548.6284,return
219,4,94,index,0.7229,0.7758,-0.5939,0.7874,1553.616,return
219,4,94,index,0.7229,0.7758,-0.5939,0.7869,1558.6018,return
219,4,94,index,0.7229,0.7758,-0.5939,0.7871,1563.5882,return
219,4,94,index,0.7229,0.7758,-0.5939,0.7871,1568.5754,return
219,4,94,index,0.7229,0.7758,-0.5939,0.7873,1573.5622,return
219,4,94,index,0.7229,0.7758,-0.5939,0.7868,1578.5484,return
219,4,94,index,0.7229,0.7758,-0.5939,0.7866,1583.5353,return
219,4,94,index,0.7229,0.7758,-0.5939,0.7866,1588.5221,return
219,4,94,index,0.7229,0.7758,-0.5939,0.7860,1593.5079,return
219,4,94,index,0.7229,0.7758,-0.5939,0.7862,1598.4953,return
219,4,94,index,0.7229,0.7758,-0.5939,0.7862,1603.482,return
219,4,94,index,0.7229,0.7758,-0.5939,0.7858,1608.4688,return
219,4,94,index,0.7229,0.7758,-0.5939,0.7858,1613.4552,return
219,4,94,index,0.7229,0.7758,-0.5939,0.7858,1617.949,return
219,4,94,index,0.7229,0.7758,-0.5939,0.7860,1622.936,return
219,4,94,index,0.7229,0.7758,-0.5939,0.7862,1627.9224,return
219,4,94,index,0.7227,0.7756,-0.5941,0.7853,1632.9091,return
219,4,94,index,0.7230,0.7760,-0.5940,0.7864,1637.8966,return
219,4,94,index,0.7230,0.7761,-0.5940,0.7865,1642.8826,return
219,4,94,index,0.7229,0.7758,-0.5940,0.7866,1647.8691,return
219,4,94,index,0.7228,0.7756,-0.5941,0.7859,1652.8556,return
219,4,94,index,0.7227,0.7756,-0.5941,0.7862,1657.8439,return
219,4,94,index,0.7229,0.7758,-0.5939,0.7876,1662.8292,return
219,4,94,index,0.7229,0.7757,-0.5939,0.7878,1667.8156,return
219,4,94,index,0.7229,0.7758,-0.5939,0.7880,1672.8025,return
219,4,94,index,0.7230,0.7761,-0.5940,0.7887,1677.7893,return
219,4,94,index,0.7230,0.7761,-0.5940,0.7887,1682.7755,return
219,4,94,index,0.7230,0.7761,-0.5940,0.7886,1687.7627,return
219,4,94,index,0.7229,0.7758,-0.5939,0.7884,1692.7491,return
219,4,94,index,0.7229,0.7758,-0.5939,0.7884,1697.7365,return
219,4,94,index,0.7229,0.7758,-0.5939,0.7884,1702.7225,return
219,4,94,index,0.7229,0.7758,-0.5939,0.7884,1707.7087,return
219,4,94,index,0.7229,0.7758,-0.5939,0.7884,1712.6963,return
219,4,94,index,0.7227,0.7756,-0.5941,0.7858,1717.3526,return
219,4,94,index,0.7227,0.7756,-0.5941,0.7858,1722.3398,return
219,4,94,index,0.7227,0.7756,-0.5941,0.7858,1727.326,return
219,4,94,index,0.7227,0.7756,-0.5941,0.7858,1732.3129,return
219,4,94,index,0.7228,0.7756,-0.5941,0.7889,1737.2999,return
219,4,94,index,0.7227,0.7756,-0.5941,0.7890,1742.2867,return
219,4,94,index,0.7229,0.7758,-0.5939,0.7890,1747.273,return
219,4,94,index,0.7229,0.7758,-0.5939,0.7891,1752.2588,return
219,4,94,index,0.7229,0.7758,-0.5939,0.7891,1757.2464,return
219,4,94,index,0.7229,0.7758,-0.5939,0.7891,1762.2326,return
219,4,94,index,0.7229,0.7758,-0.5939,0.7892,1767.2216,return
219,4,94,index,0.7227,0.7756,-0.5941,0.7896,1772.206,return
219,4,94,index,0.7228,0.7756,-0.5941,0.7898,1777.1927,return
219,4,94,index,0.7228,0.7756,-0.5941,0.7899,1782.1787,return
219,4,94,index,0.7228,0.7756,-0.5941,0.7900,1787.1662,return
219,4,94,index,0.7229,0.7758,-0.5939,0.7908,1793.1498,return
219,4,94,index,0.7229,0.7758,-0.5939,0.7906,1798.1367,return
219,4,94,index,0.7229,0.7758,-0.5939,0.7908,1803.1232,return
219,4,94,index,0.7229,0.7758,-0.5939,0.7912,1808.1099,return
219,4,94,index,0.7230,0.7761,-0.5940,0.7890,1813.0962,return
219,4,94,index,0.7230,0.7761,-0.5940,0.7903,1817.9908,return
219,4,94,index,0.7230,0.7761,-0.5940,0.7903,1822.9782,return
219,4,94,index,0.7230,0.7761,-0.5940,0.7918,1827.964,return
219,4,94,index,0.7230,0.7761,-0.5940,0.7924,1832.9516,return
219,4,94,index,0.7230,0.7761,-0.5940,0.7950,1837.9375,return
219,4,94,index,0.7230,0.7761,-0.5940,0.7957,1842.9243,return
219,4,94,index,0.7230,0.7761,-0.5940,0.7967,1847.1268,return
219,4,94,index,0.7230,0.7761,-0.5940,0.7967,1852.1129,return
219,4,94,index,0.7230,0.7761,-0.5940,0.7975,1857.1,return
219,4,94,index,0.7230,0.7761,-0.5940,0.7980,1862.0873,return
219,4,94,index,0.7230,0.7761,-0.5940,0.7977,1867.0737,return
219,4,94,index,0.7230,0.7761,-0.5940,0.7974,1872.0611,return
219,4,94,index,0.7230,0.7761,-0.5940,0.7969,1877.047,return
219,4,94,index,0.7230,0.7761,-0.5940,0.7947,1882.0337,return
219,4,94,index,0.7230,0.7761,-0.5940,0.7936,1887.0201,return
219,4,94,index,0.7231,0.7761,-0.5940,0.7921,1892.0066,return
219,4,94,index,0.7231,0.7761,-0.5940,0.7888,1896.9928,return
219,4,94,index,0.7231,0.7761,-0.5940,0.7872,1901.9796,return
219,4,94,index,0.7231,0.7761,-0.5940,0.7851,1906.9661,return
219,4,94,index,0.7230,0.7761,-0.5940,0.7832,1911.9538,return
219,4,94,index,0.7229,0.7758,-0.5939,0.7807,1915.9989,return
219,4,94,index,0.7230,0.7758,-0.5939,0.7786,1920.9871,return
219,4,94,index,0.7229,0.7758,-0.5939,0.7738,1925.9721,return
219,4,94,index,0.7230,0.7758,-0.5939,0.7712,1930.9587,return
219,4,94,index,0.7229,0.7758,-0.5939,0.7685,1935.9456,return
219,4,94,index,0.7230,0.7758,-0.5939,0.7656,1940.9327,return
219,4,94,index,0.7231,0.7761,-0.5940,0.7630,1945.9186,return
219,4,94,index,0.7230,0.7761,-0.5940,0.7571,1950.9057,return
219,4,94,index,0.7229,0.7758,-0.5939,0.7537,1955.8922,return
219,4,94,index,0.7229,0.7758,-0.5939,0.7508,1960.8783,return
219,4,94,index,0.7229,0.7758,-0.5939,0.7475,1965.8655,return
219,4,94,index,0.7229,0.7758,-0.5939,0.7446,1970.8526,return
219,4,94,index,0.7229,0.7758,-0.5939,0.7412,1975.8402,return
219,4,94,index,0.7230,0.7758,-0.5939,0.7349,1980.8251,return
219,4,94,index,0.7229,0.7758,-0.5939,0.7315,1985.812,return
219,4,94,index,0.7230,0.7758,-0.5939,0.7279,1990.7989,return
219,4,94,index,0.7230,0.7758,-0.5939,0.7244,1995.7852,return
219,4,94,index,0.7230,0.7758,-0.5939,0.7166,2000.7721,return
219,4,94,index,0.7230,0.7758,-0.5939,0.7132,2005.7586,return
219,4,94,index,0.7230,0.7758,-0.5939,0.7091,2010.7456,return
219,4,94,index,0.7230,0.7758,-0.5939,0.7091,2015.7315,return
219,4,94,index,0.7230,0.7758,-0.5939,0.7000,2020.7186,return
219,4,94,index,0.7231,0.7761,-0.5939,0.6917,2025.7054,return
219,4,94,index,0.7231,0.7761,-0.5939,0.6871,2030.6921,return
219,4,94,index,0.7230,0.7758,-0.5938,0.6824,2035.6785,return
219,4,94,index,0.7230,0.7758,-0.5938,0.6779,2040.6649,return
219,4,94,index,0.7230,0.7758,-0.5938,0.6735,2045.652,return
219,4,94,index,0.7231,0.7761,-0.5939,0.6649,2050.6387,return
219,4,94,index,0.7231,0.7761,-0.5939,0.6649,2055.626,return
219,4,94,index,0.7231,0.7761,-0.5939,0.6570,2060.6119,return
219,4,94,index,0.7231,0.7761,-0.5939,0.6532,2065.5987,return
219,4,94,index,0.7231,0.7761,-0.5939,0.6497,2070.5852,return
219,4,94,index,0.7231,0.7761,-0.5939,0.6427,2075.5721,return
219,4,94,index,0.7231,0.7761,-0.5939,0.6393,2080.5588,return
219,4,94,index,0.7230,0.7758,-0.5939,0.6363,2085.5452,return
219,4,94,index,0.7230,0.7758,-0.5938,0.6335,2090.5324,return
219,4,94,index,0.7230,0.7758,-0.5938,0.6308,2095.5189,return
219,4,94,index,0.7230,0.7758,-0.5938,0.6280,2100.5057,return
219,4,94,index,0.7230,0.7758,-0.5938,0.6236,2105.4919,return
219,4,94,index,0.7230,0.7758,-0.5938,0.6217,2110.4789,return
219,4,94,index,0.7230,0.7758,-0.5938,0.6197,2115.4651,return
219,4,94,index,0.7230,0.7758,-0.5938,0.6180,2120.4521,return
219,4,94,index,0.7230,0.7758,-0.5938,0.6146,2125.4387,return
219,4,94,index,0.7230,0.7758,-0.5938,0.6131,2130.4251,return
219,4,94,index,0.7230,0.7758,-0.5938,0.6120,2134.9297,returned
219,4,94,index,0.7230,0.7758,-0.5938,0.6120,2139.9087,returned
219,4,94,index,0.7230,0.7758,-0.5938,0.6100,2144.8955,returned
219,4,94,index,0.7230,0.7758,-0.5938,0.6098,2149.8825,returned
219,4,94,index,0.7230,0.7758,-0.5938,0.6092,2154.8704,returned
219,4,94,index,0.7231,0.7762,-0.5939,0.6087,2159.8556,returned
219,4,94,index,0.7231,0.7762,-0.5939,0.6087,2164.8421,returned
219,4,94,index,0.7231,0.7762,-0.5939,0.6089,2169.8285,returned
219,4,94,index,0.7231,0.7761,-0.5938,0.6089,2174.8157,returned
219,4,94,index,0.7238,0.7749,-0.5935,0.6102,2179.8024,returned
219,4,94,index,0.7236,0.7749,-0.5935,0.6082,2184.7885,returned
219,4,94,index,0.7230,0.7753,-0.5927,0.6084,2189.7755,returned
219,4,94,index,0.7237,0.7748,-0.5935,0.6104,2194.7615,returned
219,4,94,index,0.7237,0.7748,-0.5935,0.6110,2199.7488,returned
219,4,94,index,0.7239,0.7754,-0.5937,0.6166,2204.7354,returned
219,4,94,index,0.7239,0.7754,-0.5937,0.6164,2209.7224,returned
219,4,94,index,0.1564,0.7434,-0.8315,0.6161,2214.7084,returned
219,4,94,index,0.1573,0.7428,-0.8328,0.6156,2219.6952,returned
219,4,94,index,0.7237,0.7750,-0.5936,0.6155,2224.6825,returned
219,4,94,index,0.7236,0.7750,-0.5936,0.6156,2229.6686,returned
219,4,94,index,0.7236,0.7750,-0.5936,0.6150,2234.6554,returned
219,4,94,index,0.7236,0.7750,-0.5936,0.6150,2239.6424,returned
219,4,94,index,0.7236,0.7751,-0.5936,0.6125,2244.6289,returned
219,4,94,index,0.7236,0.7751,-0.5936,0.6109,2249.6156,returned
219,4,94,index,0.7236,0.7751,-0.5936,0.6106,2254.6026,returned
219,4,94,index,0.7235,0.7751,-0.5936,0.6107,2259.5884,returned
219,4,94,index,0.7235,0.7751,-0.5936,0.6106,2264.5754,returned
219,4,94,index,0.7235,0.7752,-0.5936,0.6105,2269.562,returned
219,4,94,index,0.7235,0.7752,-0.5936,0.6108,2274.5488,returned
219,4,94,index,0.7235,0.7752,-0.5936,0.6105,2279.5356,returned
219,4,94,index,0.7234,0.7752,-0.5936,0.6102,2284.5215,returned
219,4,94,index,0.7234,0.7753,-0.5936,0.6102,2289.5093,returned
219,4,94,index,0.7234,0.7753,-0.5936,0.6102,2294.4952,returned
219,4,94,index,0.7234,0.7753,-0.5936,0.6099,2299.4829,returned
219,4,94,index,0.7233,0.7753,-0.5935,0.6095,2304.4693,returned
219,4,94,index,0.7233,0.7753,-0.5935,0.6095,2309.4554,returned
219,4,94,index,0.7233,0.7754,-0.5935,0.6093,2314.4417,returned
219,4,94,index,0.7233,0.7754,-0.5935,0.6091,2319.2262,returned
219,4,94,index,0.7233,0.7754,-0.5935,0.6097,2324.2128,returned
219,4,94,index,0.7233,0.7754,-0.5935,0.6094,2329.1995,returned
219,4,94,index,0.7233,0.7755,-0.5935,0.6092,2334.1863,returned
219,4,94,index,0.7232,0.7755,-0.5934,0.6082,2339.1732,returned
219,4,94,index,0.7232,0.7755,-0.5934,0.6081,2344.1597,returned
219,4,94,index,0.7232,0.7756,-0.5934,0.6080,2349.1463,returned
219,4,94,index,0.7232,0.7756,-0.5934,0.6075,2354.135,returned
219,4,94,index,0.7231,0.7757,-0.5934,0.6074,2359.1201,returned
219,4,94,index,0.7231,0.7757,-0.5934,0.6074,2364.1066,returned
219,4,94,index,0.7231,0.7757,-0.5934,0.6083,2369.0932,returned
219,4,94,index,0.7231,0.7758,-0.5934,0.6084,2374.0795,returned
219,4,94,index,0.7231,0.7758,-0.5934,0.6093,2379.0665,returned
219,4,94,index,0.7230,0.7758,-0.5933,0.6094,2383.7357,returned
219,4,94,index,0.7230,0.7758,-0.5933,0.6094,2388.2305,returned
219,4,94,index,0.7230,0.7759,-0.5933,0.6090,2393.2159,returned
219,4,94,index,0.7230,0.7759,-0.5933,0.6090,2398.2032,returned
219,4,94,index,0.7230,0.7759,-0.5933,0.6091,2403.1893,returned
219,4,94,index,0.7230,0.7760,-0.5933,0.6095,2408.176,returned
219,4,94,index,0.7230,0.7760,-0.5932,0.6095,2413.1627,returned
219,4,94,index,0.7231,0.7763,-0.5933,0.6091,2418.1493,returned
219,4,94,index,0.7231,0.7763,-0.5933,0.6091,2423.1362,returned
219,4,94,index,0.7230,0.7763,-0.5933,0.6090,2428.1222,returned
219,4,94,index,0.7230,0.7763,-0.5933,0.6093,2433.1101,returned
219,4,94,index,0.7230,0.7763,-0.5932,0.6093,2438.0958,returned
219,4,94,index,0.7230,0.7763,-0.5932,0.6092,2443.0829,returned
219,4,94,index,0.7229,0.7760,-0.5931,0.6088,2448.0693,returned
219,4,94,index,0.7230,0.7761,-0.5930,0.6088,2453.0557,returned
219,4,94,index,0.7230,0.7759,-0.5930,0.6089,2458.043,returned
219,4,94,index,0.7230,0.7759,-0.5930,0.6093,2463.03,returned
219,4,94,index,0.7230,0.7759,-0.5929,0.6091,2468.0158,returned
219,4,94,index,0.7231,0.7762,-0.5930,0.6091,2473.0025,returned
219,4,94,index,0.7230,0.7762,-0.5929,0.6091,2477.9894,returned
219,4,94,index,0.7230,0.7762,-0.5929,0.6091,2482.9762,returned
219,4,94,index,0.7230,0.7760,-0.5928,0.6102,2487.9632,returned
219,4,94,index,0.7229,0.7760,-0.5928,0.6102,2492.9496,returned
219,4,94,index,0.7229,0.7760,-0.5927,0.6102,2497.9359,returned
219,4,94,index,0.7229,0.7760,-0.5927,0.6094,2502.9226,returned
219,4,94,index,0.7229,0.7760,-0.5927,0.6094,2507.9094,returned
219,4,94,index,0.7229,0.7760,-0.5926,0.6089,2512.8972,returned
219,4,94,index,0.7229,0.7760,-0.5925,0.6088,2517.882,returned
219,4,94,index,0.7229,0.7760,-0.5925,0.6088,2522.87,returned
219,4,94,index,0.7229,0.7761,-0.5925,0.6088,2527.8559,returned
219,4,94,index,0.7229,0.7761,-0.5924,0.6088,2532.8426,returned
219,4,94,index,0.7229,0.7761,-0.5924,0.6091,2537.8294,returned
219,4,94,index,0.7229,0.7761,-0.5923,0.6093,2542.8164,returned
219,4,94,index,0.7229,0.7761,-0.5923,0.6093,2547.8022,returned
219,4,94,index,0.7229,0.7763,-0.5924,0.6093,2552.7889,returned
219,4,94,index,0.7229,0.7764,-0.5923,0.6093,2558.7735,returned
219,4,94,index,0.7229,0.7764,-0.5923,0.6090,2563.7594,returned
219,4,94,index,0.7228,0.7764,-0.5922,0.6090,2568.7463,returned
219,4,94,index,0.7228,0.7764,-0.5922,0.6090,2573.7331,returned
219,4,94,index,0.7228,0.7764,-0.5922,0.6090,2578.7201,returned
219,4,94,index,0.7228,0.7764,-0.5921,0.6090,2583.7065,returned
219,4,94,index,0.7228,0.7764,-0.5921,0.6090,2588.6941,returned
219,4,94,index,0.7228,0.7764,-0.5920,0.6091,2593.68,returned
219,4,94,index,0.7228,0.7764,-0.5920,0.6092,2597.9028,returned
219,4,94,index,0.7227,0.7764,-0.5920,0.6092,2602.8891,returned
219,4,94,index,0.7227,0.7764,-0.5919,0.6091,2607.8765,returned
219,4,94,index,0.7227,0.7765,-0.5919,0.6091,2612.8627,returned
219,4,94,index,0.7227,0.7765,-0.5918,0.6098,2617.8498,returned
219,4,94,index,0.7227,0.7765,-0.5918,0.6098,2622.8356,returned
219,4,94,index,0.7227,0.7765,-0.5917,0.6096,2627.8224,returned
219,4,94,index,0.7226,0.7765,-0.5917,0.6098,2632.8093,returned
219,4,94,index,0.7226,0.7765,-0.5917,0.6098,2637.3048,returned
219,4,94,index,0.7226,0.7765,-0.5916,0.6098,2642.292,returned
219,4,94,thumb,0.1598,0.7407,-0.8285,0.6115,0,startbuffer
219,4,94,thumb,0.1600,0.7410,-0.8289,0.6114,5.9839,startbuffer
219,4,94,thumb,0.1602,0.7411,-0.8289,0.6113,10.9711,startbuffer
219,4,94,thumb,0.1602,0.7411,-0.8289,0.6113,15.957,startbuffer
219,4,94,thumb,0.1600,0.7405,-0.8281,0.6112,20.9444,startbuffer
219,4,94,thumb,0.1600,0.7405,-0.8281,0.6112,25.9308,startbuffer
219,4,94,thumb,0.1608,0.7413,-0.8290,0.6107,30.9168,startbuffer
219,4,94,thumb,0.1607,0.7414,-0.8291,0.6109,35.9038,startbuffer
219,4,94,thumb,0.1607,0.7414,-0.8291,0.6109,40.8903,startbuffer
219,4,94,thumb,0.1604,0.7408,-0.8285,0.6109,45.877,startbuffer
219,4,94,thumb,0.1600,0.7405,-0.8281,0.6112,50.8637,startbuffer
219,4,94,thumb,0.1606,0.7408,-0.8284,0.6108,55.8507,startbuffer
219,4,94,thumb,0.1608,0.7415,-0.8292,0.6108,61.8354,begin
219,4,94,thumb,0.1608,0.7415,-0.8292,0.6108,66.8226,begin
219,4,94,thumb,0.1600,0.7405,-0.8282,0.6114,71.8079,begin
219,4,94,thumb,0.1600,0.7405,-0.8282,0.6114,76.795,begin
219,4,94,thumb,0.1600,0.7405,-0.8281,0.6114,81.7811,begin
219,4,94,thumb,0.1608,0.7415,-0.8292,0.6109,86.7679,begin
219,4,94,thumb,0.1607,0.7414,-0.8291,0.6110,91.7555,begin
219,4,94,thumb,0.1600,0.7405,-0.8281,0.6112,96.7411,begin
219,4,94,thumb,0.1600,0.7405,-0.8281,0.6112,101.728,begin
219,4,94,thumb,0.1600,0.7405,-0.8281,0.6112,106.7435,begin
219,4,94,thumb,0.1608,0.7412,-0.8288,0.6107,111.7228,begin
219,4,94,thumb,0.1607,0.7414,-0.8291,0.6109,116.7105,begin
219,4,94,thumb,0.1607,0.7414,-0.8291,0.6109,121.697,begin
219,4,94,thumb,0.1609,0.7416,-0.8291,0.6107,126.6827,begin
219,4,94,thumb,0.1609,0.7416,-0.8291,0.6107,131.6695,begin
219,4,94,thumb,0.1606,0.7410,-0.8285,0.6108,136.6563,begin
219,4,94,thumb,0.1601,0.7405,-0.8280,0.6111,141.6428,begin
219,4,94,thumb,0.1601,0.7405,-0.8280,0.6111,146.63,begin
219,4,94,thumb,0.1601,0.7404,-0.8279,0.6111,151.6162,begin
219,4,94,thumb,0.1601,0.7405,-0.8280,0.6111,156.6031,begin
219,4,94,thumb,0.1601,0.7405,-0.8279,0.6111,161.5896,begin
219,4,94,thumb,0.1609,0.7415,-0.8290,0.6107,166.5761,begin
219,4,94,thumb,0.1608,0.7415,-0.8290,0.6108,171.5633,begin
219,4,94,thumb,0.1609,0.7415,-0.8289,0.6107,176.5496,begin
219,4,94,thumb,0.1609,0.7416,-0.8290,0.6107,181.5362,begin
219,4,94,thumb,0.1608,0.7416,-0.8290,0.6108,186.5227,begin
219,4,94,thumb,0.1601,0.7406,-0.8280,0.6111,191.5096,begin
219,4,94,thumb,0.1600,0.7405,-0.8279,0.6111,196.4962,begin
219,4,94,thumb,0.1600,0.7404,-0.8279,0.6112,201.4836,begin
219,4,94,thumb,0.1600,0.7404,-0.8278,0.6111,206.4695,begin
219,4,94,thumb,0.1600,0.7404,-0.8278,0.6111,211.4564,begin
219,4,94,thumb,0.1604,0.7408,-0.8283,0.6109,215.9511,begin
219,4,94,thumb,0.1607,0.7415,-0.8288,0.6108,220.9381,begin
219,4,94,thumb,0.1606,0.7412,-0.8284,0.6107,225.9245,begin
219,4,94,thumb,0.1597,0.7406,-0.8279,0.6115,230.9109,begin
219,4,94,thumb,0.1597,0.7406,-0.8279,0.6114,235.8979,begin
219,4,94,thumb,0.1596,0.7406,-0.8279,0.6114,240.8842,begin
219,4,94,thumb,0.1594,0.7408,-0.8280,0.6117,245.8716,begin
219,4,94,thumb,0.1594,0.7414,-0.8279,0.6117,250.8577,begin
219,4,94,thumb,0.1580,0.7400,-0.8268,0.6126,255.8447,begin
219,4,94,thumb,0.1574,0.7398,-0.8267,0.6131,260.831,begin
219,4,94,thumb,0.1568,0.7397,-0.8266,0.6137,265.8179,begin
219,4,94,thumb,0.1564,0.7402,-0.8269,0.6141,270.8045,begin
219,4,94,thumb,0.1544,0.7403,-0.8273,0.6161,275.7906,begin
219,4,94,thumb,0.1529,0.7398,-0.8268,0.6173,280.7777,begin
219,4,94,thumb,0.1511,0.7400,-0.8267,0.6190,285.7645,begin
219,4,94,thumb,0.1495,0.7404,-0.8271,0.6205,290.751,begin
219,4,94,thumb,0.1472,0.7448,-0.8289,0.6231,295.7378,begin
219,4,94,thumb,0.1441,0.7517,-0.8297,0.6259,300.7251,begin
219,4,94,thumb,0.1425,0.7563,-0.8296,0.6265,305.711,begin
219,4,94,thumb,0.1424,0.7608,-0.8298,0.6271,310.6978,begin
219,4,94,thumb,0.1458,0.7713,-0.8304,0.6244,315.6842,begin
219,4,94,thumb,0.1431,0.7731,-0.8290,0.6260,320.6708,begin
219,4,94,thumb,0.1410,0.7793,-0.8291,0.6279,325.6576,begin
219,4,94,thumb,0.1369,0.7903,-0.8283,0.6316,330.644,begin
219,4,94,thumb,0.1348,0.7956,-0.8279,0.6336,335.631,begin
219,4,94,thumb,0.1321,0.8012,-0.8276,0.6364,340.6176,begin
219,4,94,thumb,0.1294,0.8068,-0.8271,0.6389,345.6043,begin
219,4,94,thumb,0.1264,0.8124,-0.8266,0.6418,350.5905,out
219,4,94,thumb,0.1200,0.8237,-0.8248,0.6478,355.5777,out
219,4,94,thumb,0.1166,0.8289,-0.8235,0.6509,360.5643,out
219,4,94,thumb,0.1132,0.8339,-0.8222,0.6538,365.5514,out
219,4,94,thumb,0.1094,0.8390,-0.8207,0.6573,370.5378,out
219,4,94,thumb,0.1010,0.8490,-0.8178,0.6652,375.5243,out
219,4,94,thumb,0.0968,0.8538,-0.8157,0.6690,380.5111,out
219,4,94,thumb,0.0924,0.8581,-0.8135,0.6729,384.8863,out
219,4,94,thumb,0.0880,0.8625,-0.8115,0.6769,389.873,out
219,4,94,thumb,0.0832,0.8665,-0.8088,0.6810,394.8593,out
219,4,94,thumb,0.0783,0.8704,-0.8060,0.6853,399.8466,out
219,4,94,thumb,0.0687,0.8769,-0.8001,0.6934,404.8333,out
219,4,94,thumb,0.0635,0.8799,-0.7969,0.6978,409.8197,out
219,4,94,thumb,0.0581,0.8827,-0.7937,0.7023,414.8059,out
219,4,94,thumb,0.0529,0.8852,-0.7904,0.7068,419.7928,out
219,4,94,thumb,0.0476,0.8877,-0.7868,0.7112,424.7803,out
219,4,94,thumb,0.0368,0.8922,-0.7798,0.7203,429.7667,out
219,4,94,thumb,0.0316,0.8940,-0.7758,0.7245,434.7537,out
219,4,94,thumb,0.0265,0.8955,-0.7717,0.7285,439.7392,out
219,4,94,thumb,0.0215,0.8968,-0.7675,0.7326,444.7267,out
219,4,94,thumb,0.0167,0.8977,-0.7629,0.7362,449.713,out
219,4,94,thumb,0.0120,0.8982,-0.7578,0.7396,454.7,out
219,4,94,thumb,0.0033,0.8983,-0.7478,0.7458,459.6862,out
219,4,94,thumb,-0.0008,0.8979,-0.7425,0.7487,464.6735,out
219,4,94,thumb,-0.0051,0.8971,-0.7369,0.7516,469.6595,out
219,4,94,thumb,-0.0090,0.8959,-0.7312,0.7541,474.6466,out
219,4,94,thumb,-0.0168,0.8932,-0.7195,0.7591,479.6334,out
219,4,94,thumb,-0.0205,0.8911,-0.7135,0.7614,484.6197,out
219,4,94,thumb,-0.0205,0.8911,-0.7135,0.7614,489.6064,out
219,4,94,thumb,-0.0268,0.8864,-0.7013,0.7651,494.5929,out
219,4,94,thumb,-0.0300,0.8840,-0.6953,0.7670,499.5802,out
219,4,94,thumb,-0.0364,0.8793,-0.6840,0.7712,504.5668,out
219,4,94,thumb,-0.0392,0.8768,-0.6784,0.7731,509.5532,out
219,4,94,thumb,-0.0420,0.8744,-0.6728,0.7748,514.5391,out
219,4,94,thumb,-0.0441,0.8721,-0.6669,0.7761,519.5263,out
219,4,94,thumb,-0.0465,0.8697,-0.6616,0.7777,524.5136,out
219,4,94,thumb,-0.0511,0.8655,-0.6513,0.7808,529.4996,out
219,4,94,thumb,-0.0511,0.8655,-0.6513,0.7808,534.4871,out
219,4,94,thumb,-0.0557,0.8608,-0.6412,0.7842,539.4728,out
219,4,94,thumb,-0.0578,0.8580,-0.6360,0.7857,544.4601,out
219,4,94,thumb,-0.0596,0.8556,-0.6316,0.7870,549.4464,out
219,4,94,thumb,-0.0616,0.8531,-0.6272,0.7885,554.4332,out
219,4,94,thumb,-0.0657,0.8480,-0.6189,0.7917,559.4202,out
219,4,94,thumb,-0.0673,0.8455,-0.6148,0.7930,564.4061,out
219,4,94,thumb,-0.0690,0.8429,-0.6106,0.7943,569.3927,out
219,4,94,thumb,-0.0704,0.8403,-0.6066,0.7954,574.3797,out
219,4,94,thumb,-0.0719,0.8380,-0.6031,0.7967,579.3665,out
219,4,94,thumb,-0.0744,0.8335,-0.5960,0.7986,583.7546,out
219,4,94,thumb,-0.0744,0.8335,-0.5960,0.7986,588.7414,out
219,4,94,thumb,-0.0765,0.8290,-0.5892,0.8006,593.7273,out
219,4,94,thumb,-0.0775,0.8268,-0.5857,0.8014,598.7145,out
219,4,94,thumb,-0.0783,0.8248,-0.5825,0.8022,603.701,out
219,4,94,thumb,-0.0802,0.8211,-0.5764,0.8039,608.6883,out
219,4,94,thumb,-0.0807,0.8195,-0.5731,0.8044,613.6743,out
219,4,94,thumb,-0.0810,0.8177,-0.5700,0.8047,618.6609,out
219,4,94,thumb,-0.0812,0.8156,-0.5666,0.8049,623.6478,out
219,4,94,thumb,-0.0814,0.8137,-0.5637,0.8050,628.6343,out
219,4,94,thumb,-0.0816,0.8120,-0.5606,0.8053,633.6215,out
219,4,94,thumb,-0.0825,0.8079,-0.5552,0.8062,638.6077,out
219,4,94,thumb,-0.0829,0.8057,-0.5524,0.8067,643.595,out
219,4,94,thumb,-0.0813,0.8022,-0.5492,0.8051,648.5809,out
219,4,94,thumb,-0.0816,0.7996,-0.5468,0.8055,653.5679,out
219,4,94,thumb,-0.0823,0.7948,-0.5429,0.8063,658.5548,out
219,4,94,thumb,-0.0823,0.7922,-0.5411,0.8063,663.5411,out
219,4,94,thumb,-0.0802,0.7885,-0.5363,0.8045,668.5281,out
219,4,94,thumb,-0.0802,0.7885,-0.5363,0.8045,673.5141,out
219,4,94,thumb,-0.0798,0.7858,-0.5340,0.8042,678.5008,out
219,4,94,thumb,-0.0789,0.7813,-0.5297,0.8036,683.4885,out
219,4,94,thumb,-0.0781,0.7791,-0.5274,0.8029,688.4747,out
219,4,94,thumb,-0.0741,0.7747,-0.5216,0.7995,693.4609,out
219,4,94,thumb,-0.0723,0.7732,-0.5192,0.7979,698.4478,out
219,4,94,thumb,-0.0704,0.7721,-0.5166,0.7962,703.4344,out
219,4,94,thumb,-0.0687,0.7712,-0.5142,0.7948,707.9314,out
219,4,94,thumb,-0.0632,0.7682,-0.5094,0.7897,712.9186,lift
219,4,94,thumb,-0.0608,0.7671,-0.5072,0.7876,717.9044,lift
219,4,94,thumb,-0.0608,0.7671,-0.5072,0.7876,722.8919,lift
219,4,94,thumb,-0.0570,0.7666,-0.5037,0.7842,727.8773,lift
219,4,94,thumb,-0.0567,0.7653,-0.5027,0.7842,732.8648,lift
219,4,94,thumb,-0.0561,0.7663,-0.5024,0.7835,737.8521,lift
219,4,94,thumb,-0.0555,0.7675,-0.5014,0.7830,742.8377,lift
219,4,94,thumb,-0.0554,0.7677,-0.5010,0.7830,747.8242,lift
219,4,94,thumb,-0.0554,0.7680,-0.5008,0.7830,752.8107,lift
219,4,94,thumb,-0.0552,0.7682,-0.5006,0.7828,757.7978,lift
219,4,94,thumb,-0.0551,0.7686,-0.5004,0.7827,762.7839,lift
219,4,94,thumb,-0.0549,0.7690,-0.5003,0.7825,767.7717,lift
219,4,94,thumb,-0.0545,0.7705,-0.5003,0.7821,772.7576,lift
219,4,94,thumb,-0.0541,0.7711,-0.5002,0.7817,777.7447,lift
219,4,94,thumb,-0.0536,0.7716,-0.5001,0.7813,782.7312,lift
219,4,94,thumb,-0.0533,0.7723,-0.5001,0.7810,787.7179,lift
219,4,94,thumb,-0.0525,0.7749,-0.5003,0.7801,792.7041,lift
219,4,94,thumb,-0.0524,0.7768,-0.5006,0.7800,797.6905,lift
219,4,94,thumb,-0.0520,0.7788,-0.5006,0.7796,802.6778,lift
219,4,94,thumb,-0.0519,0.7815,-0.5008,0.7795,807.664,lift
219,4,94,thumb,-0.0515,0.7841,-0.5009,0.7790,812.6512,lift
219,4,94,thumb,-0.0514,0.7905,-0.5013,0.7791,817.6373,lift
219,4,94,thumb,-0.0514,0.7905,-0.5013,0.7791,822.6249,lift
219,4,94,thumb,-0.0512,0.7983,-0.5013,0.7789,827.611,lift
219,4,94,thumb,-0.0509,0.8027,-0.5014,0.7788,832.5979,lift
219,4,94,thumb,-0.0508,0.8121,-0.5015,0.7791,837.5849,lift
219,4,94,thumb,-0.0507,0.8175,-0.5016,0.7792,842.5716,lift
219,4,94,thumb,-0.0506,0.8230,-0.5016,0.7794,847.5578,lift
219,4,94,thumb,-0.0507,0.8289,-0.5018,0.7798,852.544,lift
219,4,94,thumb,-0.0509,0.8350,-0.5021,0.7805,857.5312,replace
219,4,94,thumb,-0.0508,0.8414,-0.5022,0.7806,862.5175,replace
219,4,94,thumb,-0.0507,0.8477,-0.5025,0.7810,867.5042,replace
219,4,94,thumb,-0.0518,0.8546,-0.5032,0.7827,872.4911,replace
219,4,94,thumb,-0.0513,0.8685,-0.5040,0.7837,877.4775,replace
219,4,94,thumb,-0.0516,0.8758,-0.5048,0.7847,882.768,replace
219,4,94,thumb,-0.0519,0.8835,-0.5053,0.7858,887.7573,replace
219,4,94,thumb,-0.0522,0.8982,-0.5066,0.7880,892.7431,replace
219,4,94,thumb,-0.0522,0.9055,-0.5072,0.7890,897.7298,replace
219,4,94,thumb,-0.0525,0.9135,-0.5081,0.7905,902.7168,replace
219,4,94,thumb,-0.0524,0.9211,-0.5090,0.7917,907.7032,replace
219,4,94,thumb,-0.0531,0.9367,-0.5111,0.7952,912.6905,replace
219,4,94,thumb,-0.0538,0.9446,-0.5123,0.7974,917.6767,replace
219,4,94,thumb,-0.0538,0.9446,-0.5123,0.7974,922.6634,replace
219,4,94,thumb,-0.0546,0.9600,-0.5147,0.8011,927.6495,replace
219,4,94,thumb,-0.0550,0.9678,-0.5160,0.8032,932.6366,replace
219,4,94,thumb,-0.0560,0.9831,-0.5187,0.8078,937.6235,replace
219,4,94,thumb,-0.0565,0.9907,-0.5203,0.8100,942.6099,replace
219,4,94,thumb,-0.0569,0.9981,-0.5216,0.8122,947.5966,replace
219,4,94,thumb,-0.0574,1.0053,-0.5232,0.8144,952.5831,replace
219,4,94,thumb,-0.0582,1.0131,-0.5247,0.8173,957.5699,replace
219,4,94,thumb,-0.0593,1.0272,-0.5281,0.8223,962.5567,replace
219,4,94,thumb,-0.0597,1.0342,-0.5296,0.8248,967.5431,replace
219,4,94,thumb,-0.0608,1.0412,-0.5314,0.8278,972.5298,replace
219,4,94,thumb,-0.0613,1.0481,-0.5332,0.8304,977.5166,replace
219,4,94,thumb,-0.0620,1.0543,-0.5348,0.8330,982.5032,replace
219,4,94,thumb,-0.0628,1.0608,-0.5366,0.8358,987.4909,replace
219,4,94,thumb,-0.0645,1.0730,-0.5401,0.8414,992.4764,replace
219,4,94,thumb,-0.0645,1.0730,-0.5401,0.8414,997.4632,replace
219,4,94,thumb,-0.0660,1.0846,-0.5435,0.8468,1002.4502,replace
219,4,94,thumb,-0.0667,1.0902,-0.5450,0.8493,1006.9467,replace
219,4,94,thumb,-0.0674,1.0954,-0.5468,0.8519,1011.9341,replace
219,4,94,thumb,-0.0685,1.1051,-0.5496,0.8565,1016.9201,replace
219,4,94,thumb,-0.0685,1.1051,-0.5496,0.8565,1021.9073,replace
219,4,94,thumb,-0.0695,1.1139,-0.5522,0.8607,1026.8937,replace
219,4,94,thumb,-0.0695,1.1139,-0.5522,0.8607,1031.8804,replace
219,4,94,thumb,-0.0690,1.1209,-0.5545,0.8628,1036.8675,replace
219,4,94,thumb,-0.0693,1.1242,-0.5555,0.8644,1041.8531,replace
219,4,94,thumb,-0.0698,1.1301,-0.5573,0.8671,1046.8399,replace
219,4,94,thumb,-0.0700,1.1326,-0.5578,0.8683,1051.8265,replace
219,4,94,thumb,-0.0701,1.1345,-0.5586,0.8692,1056.8135,replace
219,4,94,thumb,-0.0702,1.1367,-0.5593,0.8702,1061.8002,replace
219,4,94,thumb,-0.0704,1.1384,-0.5600,0.8710,1066.7872,replace
219,4,94,thumb,-0.0706,1.1407,-0.5604,0.8720,1071.7734,replace
219,4,94,thumb,-0.0706,1.1413,-0.5607,0.8723,1076.7602,replace
219,4,94,thumb,-0.0707,1.1419,-0.5610,0.8726,1081.7465,replace
219,4,94,thumb,-0.0710,1.1423,-0.5613,0.8731,1086.7334,replace
219,4,94,thumb,-0.0712,1.1421,-0.5615,0.8733,1091.7206,replace
219,4,94,thumb,-0.0712,1.1416,-0.5614,0.8731,1096.7065,replace
219,4,94,thumb,-0.0712,1.1416,-0.5614,0.8731,1101.6937,replace
219,4,94,thumb,-0.0715,1.1401,-0.5614,0.8728,1106.6799,replace
219,4,94,thumb,-0.0714,1.1390,-0.5614,0.8723,1111.6666,replace
219,4,94,thumb,-0.0715,1.1376,-0.5612,0.8718,1116.6531,replace
219,4,94,thumb,-0.0717,1.1358,-0.5611,0.8712,1121.6398,replace
219,4,94,thumb,-0.0718,1.1318,-0.5602,0.8698,1126.6268,replace
219,4,94,thumb,-0.0721,1.1294,-0.5599,0.8691,1131.6135,replace
219,4,94,thumb,-0.0719,1.1270,-0.5594,0.8682,1136.5998,replace
219,4,94,thumb,-0.0725,1.1214,-0.5584,0.8666,1141.5867,replace
219,4,94,thumb,-0.0725,1.1180,-0.5578,0.8653,1146.5734,replace
219,4,94,thumb,-0.0726,1.1149,-0.5570,0.8642,1151.5599,replace
219,4,94,thumb,-0.0725,1.1112,-0.5563,0.8627,1156.5467,replace
219,4,94,thumb,-0.0726,1.1077,-0.5554,0.8616,1161.5327,replace
219,4,94,thumb,-0.0727,1.1038,-0.5545,0.8603,1166.5201,replace
219,4,94,thumb,-0.0725,1.0954,-0.5525,0.8571,1171.5069,replace
219,4,94,thumb,-0.0723,1.0908,-0.5515,0.8553,1176.4934,replace
219,4,94,thumb,-0.0721,1.0860,-0.5503,0.8534,1181.4795,replace
219,4,94,thumb,-0.0722,1.0812,-0.5491,0.8518,1186.0745,replace
219,4,94,thumb,-0.0718,1.0760,-0.5479,0.8497,1191.0617,replace
219,4,94,thumb,-0.0713,1.0658,-0.5455,0.8458,1196.0483,replace
219,4,94,thumb,-0.0711,1.0603,-0.5444,0.8438,1201.0351,replace
219,4,94,thumb,-0.0709,1.0549,-0.5433,0.8419,1206.0223,replace
219,4,94,thumb,-0.0708,1.0494,-0.5422,0.8400,1211.0085,replace
219,4,94,thumb,-0.0704,1.0442,-0.5411,0.8381,1215.504,replace
219,4,94,thumb,-0.0703,1.0382,-0.5402,0.8361,1220.4909,replace
219,4,94,thumb,-0.0699,1.0266,-0.5377,0.8323,1225.4781,replace
219,4,94,thumb,-0.0694,1.0206,-0.5365,0.8301,1230.4637,replace
219,4,94,thumb,-0.0690,1.0146,-0.5356,0.8280,1235.4511,replace
219,4,94,thumb,-0.0685,1.0083,-0.5345,0.8258,1240.4371,replace
219,4,94,thumb,-0.0681,1.0027,-0.5334,0.8240,1245.4243,replace
219,4,94,thumb,-0.0671,0.9904,-0.5315,0.8199,1250.4109,replace
219,4,94,thumb,-0.0671,0.9904,-0.5315,0.8199,1255.3974,replace
219,4,94,thumb,-0.0665,0.9785,-0.5300,0.8163,1260.3836,replace
219,4,94,thumb,-0.0660,0.9725,-0.5293,0.8145,1265.3709,replace
219,4,94,thumb,-0.0656,0.9670,-0.5287,0.8129,1270.3572,replace
219,4,94,thumb,-0.0646,0.9551,-0.5273,0.8093,1275.3444,replace
219,4,94,thumb,-0.0640,0.9490,-0.5266,0.8075,1280.3308,replace
219,4,94,thumb,-0.0640,0.9490,-0.5266,0.8075,1284.836,replace
219,4,94,thumb,-0.0628,0.9375,-0.5252,0.8040,1289.8136,replace
219,4,94,thumb,-0.0623,0.9321,-0.5245,0.8025,1294.7999,replace
219,4,94,thumb,-0.0615,0.9262,-0.5239,0.8007,1299.7881,replace
219,4,94,thumb,-0.0599,0.9146,-0.5227,0.7972,1304.7738,replace
219,4,94,thumb,-0.0593,0.9094,-0.5224,0.7956,1309.7599,replace
219,4,94,thumb,-0.0586,0.9040,-0.5221,0.7940,1314.7466,replace
219,4,94,thumb,-0.0579,0.8990,-0.5217,0.7925,1319.7333,replace
219,4,94,thumb,-0.0576,0.8938,-0.5216,0.7913,1324.7202,replace
219,4,94,thumb,-0.0567,0.8843,-0.5213,0.7891,1329.7069,replace
219,4,94,thumb,-0.0567,0.8843,-0.5213,0.7891,1334.6943,replace
219,4,94,thumb,-0.0567,0.8756,-0.5213,0.7879,1339.6794,replace
219,4,94,thumb,-0.0566,0.8710,-0.5213,0.7870,1344.667,replace
219,4,94,thumb,-0.0558,0.8666,-0.5214,0.7857,1349.6542,replace
219,4,94,thumb,-0.0555,0.8623,-0.5213,0.7847,1354.6402,replace
219,4,94,thumb,-0.0554,0.8538,-0.5213,0.7838,1359.6261,replace
219,4,94,thumb,-0.0554,0.8495,-0.5213,0.7834,1364.6133,replace
219,4,94,thumb,-0.0551,0.8454,-0.5213,0.7826,1369.5999,replace
219,4,94,thumb,-0.0550,0.8413,-0.5214,0.7822,1374.5867,replace
219,4,94,thumb,-0.0542,0.8368,-0.5213,0.7830,1379.5737,replace
219,4,94,thumb,-0.0547,0.8293,-0.5215,0.7828,1384.56,replace
219,4,94,thumb,-0.0546,0.8260,-0.5215,0.7824,1389.5475,replace
219,4,94,thumb,-0.0544,0.8224,-0.5215,0.7821,1394.5331,replace
219,4,94,thumb,-0.0543,0.8192,-0.5216,0.7818,1399.5201,replace
219,4,94,thumb,-0.0532,0.8126,-0.5216,0.7804,1404.5071,replace
219,4,94,thumb,-0.0530,0.8100,-0.5214,0.7801,1409.4937,replace
219,4,94,thumb,-0.0534,0.8074,-0.5214,0.7804,1414.4798,return
219,4,94,thumb,-0.0531,0.8051,-0.5214,0.7801,1419.4665,return
219,4,94,thumb,-0.0528,0.8029,-0.5212,0.7796,1424.4534,return
219,4,94,thumb,-0.0519,0.7988,-0.5208,0.7786,1429.4398,return
219,4,94,thumb,-0.0518,0.7973,-0.5206,0.7785,1434.4267,return
219,4,94,thumb,-0.0518,0.7958,-0.5203,0.7785,1439.4129,return
219,4,94,thumb,-0.0518,0.7945,-0.5201,0.7784,1444.4001,return
219,4,94,thumb,-0.0518,0.7935,-0.5199,0.7784,1448.8947,return
219,4,94,thumb,-0.0525,0.7928,-0.5194,0.7792,1453.8825,return
219,4,94,thumb,-0.0527,0.7918,-0.5185,0.7795,1458.8687,return
219,4,94,thumb,-0.0530,0.7914,-0.5182,0.7798,1463.855,return
219,4,94,thumb,-0.0533,0.7911,-0.5178,0.7801,1468.8418,return
219,4,94,thumb,-0.0538,0.7908,-0.5174,0.7806,1473.8286,return
219,4,94,thumb,-0.0538,0.7903,-0.5171,0.7807,1478.8159,return
219,4,94,thumb,-0.0548,0.7897,-0.5165,0.7817,1483.802,return
219,4,94,thumb,-0.0548,0.7897,-0.5165,0.7817,1488.7886,return
219,4,94,thumb,-0.0557,0.7890,-0.5159,0.7826,1493.7753,return
219,4,94,thumb,-0.0561,0.7885,-0.5155,0.7831,1498.7619,return
219,4,94,thumb,-0.0566,0.7880,-0.5151,0.7836,1503.7485,return
219,4,94,thumb,-0.0577,0.7872,-0.5143,0.7848,1508.7356,return
219,4,94,thumb,-0.0580,0.7867,-0.5141,0.7851,1513.7222,return
219,4,94,thumb,-0.0584,0.7863,-0.5138,0.7855,1518.7085,return
219,4,94,thumb,-0.0587,0.7858,-0.5135,0.7858,1523.6959,return
219,4,94,thumb,-0.0589,0.7854,-0.5131,0.7860,1528.6825,return
219,4,94,thumb,-0.0589,0.7846,-0.5127,0.7861,1533.6684,return
219,4,94,thumb,-0.0591,0.7842,-0.5125,0.7863,1538.6548,return
219,4,94,thumb,-0.0592,0.7838,-0.5121,0.7865,1543.6421,return
219,4,94,thumb,-0.0599,0.7837,-0.5117,0.7872,1548.6284,return
219,4,94,thumb,-0.0601,0.7834,-0.5115,0.7874,1553.616,return
219,4,94,thumb,-0.0596,0.7827,-0.5113,0.7869,1558.6018,return
219,4,94,thumb,-0.0597,0.7816,-0.5108,0.7871,1563.5882,return
219,4,94,thumb,-0.0597,0.7808,-0.5105,0.7871,1568.5754,return
219,4,94,thumb,-0.0599,0.7801,-0.5102,0.7873,1573.5622,return
219,4,94,thumb,-0.0593,0.7790,-0.5100,0.7868,1578.5484,return
219,4,94,thumb,-0.0592,0.7781,-0.5098,0.7866,1583.5353,return
219,4,94,thumb,-0.0591,0.7773,-0.5096,0.7866,1588.5221,return
219,4,94,thumb,-0.0585,0.7753,-0.5091,0.7860,1593.5079,return
219,4,94,thumb,-0.0587,0.7742,-0.5089,0.7862,1598.4953,return
219,4,94,thumb,-0.0586,0.7732,-0.5087,0.7862,1603.482,return
219,4,94,thumb,-0.0582,0.7718,-0.5086,0.7858,1608.4688,return
219,4,94,thumb,-0.0582,0.7709,-0.5085,0.7858,1613.4552,return
219,4,94,thumb,-0.0581,0.7699,-0.5083,0.7858,1617.949,return
219,4,94,thumb,-0.0583,0.7689,-0.5083,0.7860,1622.936,return
219,4,94,thumb,-0.0585,0.7677,-0.5081,0.7862,1627.9224,return
219,4,94,thumb,-0.0578,0.7667,-0.5085,0.7853,1632.9091,return
219,4,94,thumb,-0.0586,0.7687,-0.5076,0.7864,1637.8966,return
219,4,94,thumb,-0.0587,0.7690,-0.5075,0.7865,1642.8826,return
219,4,94,thumb,-0.0589,0.7690,-0.5074,0.7866,1647.8691,return
219,4,94,thumb,-0.0584,0.7678,-0.5077,0.7859,1652.8556,return
219,4,94,thumb,-0.0587,0.7672,-0.5077,0.7862,1657.8439,return
219,4,94,thumb,-0.0599,0.7686,-0.5075,0.7876,1662.8292,return
219,4,94,thumb,-0.0601,0.7685,-0.5075,0.7878,1667.8156,return
219,4,94,thumb,-0.0603,0.7683,-0.5074,0.7880,1672.8025,return
219,4,94,thumb,-0.0609,0.7672,-0.5073,0.7887,1677.7893,return
219,4,94,thumb,-0.0608,0.7668,-0.5071,0.7887,1682.7755,return
219,4,94,thumb,-0.0608,0.7665,-0.5073,0.7886,1687.7627,return
219,4,94,thumb,-0.0607,0.7670,-0.5074,0.7884,1692.7491,return
219,4,94,thumb,-0.0607,0.7670,-0.5074,0.7884,1697.7365,return
219,4,94,thumb,-0.0607,0.7669,-0.5074,0.7884,1702.7225,return
219,4,94,thumb,-0.0607,0.7669,-0.5074,0.7884,1707.7087,return
219,4,94,thumb,-0.0606,0.7669,-0.5075,0.7884,1712.6963,return
219,4,94,thumb,-0.0582,0.7649,-0.5079,0.7858,1717.3526,return
219,4,94,thumb,-0.0582,0.7649,-0.5079,0.7858,1722.3398,return
219,4,94,thumb,-0.0582,0.7646,-0.5079,0.7858,1727.326,return
219,4,94,thumb,-0.0582,0.7643,-0.5079,0.7858,1732.3129,return
219,4,94,thumb,-0.0613,0.7655,-0.5072,0.7889,1737.2999,return
219,4,94,thumb,-0.0614,0.7655,-0.5072,0.7890,1742.2867,return
219,4,94,thumb,-0.0613,0.7660,-0.5075,0.7890,1747.273,return
219,4,94,thumb,-0.0613,0.7660,-0.5075,0.7891,1752.2588,return
219,4,94,thumb,-0.0613,0.7660,-0.5075,0.7891,1757.2464,return
219,4,94,thumb,-0.0614,0.7660,-0.5075,0.7891,1762.2326,return
219,4,94,thumb,-0.0614,0.7660,-0.5075,0.7892,1767.2216,return
219,4,94,thumb,-0.0621,0.7654,-0.5074,0.7896,1772.206,return
219,4,94,thumb,-0.0622,0.7654,-0.5074,0.7898,1777.1927,return
219,4,94,thumb,-0.0623,0.7656,-0.5076,0.7899,1782.1787,return
219,4,94,thumb,-0.0625,0.7656,-0.5078,0.7900,1787.1662,return
219,4,94,thumb,-0.0632,0.7652,-0.5082,0.7908,1793.1498,return
219,4,94,thumb,-0.0630,0.7670,-0.5090,0.7906,1798.1367,return
219,4,94,thumb,-0.0633,0.7673,-0.5094,0.7908,1803.1232,return
219,4,94,thumb,-0.0638,0.7678,-0.5099,0.7912,1808.1099,return
219,4,94,thumb,-0.0617,0.7674,-0.5122,0.7890,1813.0962,return
219,4,94,thumb,-0.0631,0.7691,-0.5133,0.7903,1817.9908,return
219,4,94,thumb,-0.0631,0.7691,-0.5133,0.7903,1822.9782,return
219,4,94,thumb,-0.0649,0.7722,-0.5157,0.7918,1827.964,return
219,4,94,thumb,-0.0656,0.7736,-0.5168,0.7924,1832.9516,return
219,4,94,thumb,-0.0685,0.7769,-0.5197,0.7950,1837.9375,return
219,4,94,thumb,-0.0693,0.7784,-0.5211,0.7957,1842.9243,return
219,4,94,thumb,-0.0705,0.7805,-0.5226,0.7967,1847.1268,return
219,4,94,thumb,-0.0706,0.7861,-0.5249,0.7967,1852.1129,return
219,4,94,thumb,-0.0715,0.7850,-0.5260,0.7975,1857.1,return
219,4,94,thumb,-0.0722,0.7878,-0.5278,0.7980,1862.0873,return
219,4,94,thumb,-0.0719,0.7903,-0.5293,0.7977,1867.0737,return
219,4,94,thumb,-0.0717,0.7931,-0.5310,0.7974,1872.0611,return
219,4,94,thumb,-0.0713,0.7962,-0.5328,0.7969,1877.047,return
219,4,94,thumb,-0.0692,0.8026,-0.5366,0.7947,1882.0337,return
219,4,94,thumb,-0.0681,0.8059,-0.5388,0.7936,1887.0201,return
219,4,94,thumb,-0.0666,0.8090,-0.5409,0.7921,1892.0066,return
219,4,94,thumb,-0.0634,0.8150,-0.5459,0.7888,1896.9928,return
219,4,94,thumb,-0.0617,0.8179,-0.5489,0.7872,1901.9796,return
219,4,94,thumb,-0.0596,0.8205,-0.5520,0.7851,1906.9661,return
219,4,94,thumb,-0.0578,0.8235,-0.5553,0.7832,1911.9538,return
219,4,94,thumb,-0.0554,0.8259,-0.5589,0.7807,1915.9989,return
219,4,94,thumb,-0.0533,0.8282,-0.5622,0.7786,1920.9871,return
219,4,94,thumb,-0.0483,0.8331,-0.5702,0.7738,1925.9721,return
219,4,94,thumb,-0.0456,0.8357,-0.5746,0.7712,1930.9587,return
219,4,94,thumb,-0.0429,0.8382,-0.5790,0.7685,1935.9456,return
219,4,94,thumb,-0.0398,0.8404,-0.5838,0.7656,1940.9327,return
219,4,94,thumb,-0.0371,0.8426,-0.5885,0.7630,1945.9186,return
219,4,94,thumb,-0.0307,0.8473,-0.5984,0.7571,1950.9057,return
219,4,94,thumb,-0.0271,0.8498,-0.6038,0.7537,1955.8922,return
219,4,94,thumb,-0.0238,0.8520,-0.6096,0.7508,1960.8783,return
219,4,94,thumb,-0.0202,0.8542,-0.6151,0.7475,1965.8655,return
219,4,94,thumb,-0.0168,0.8560,-0.6211,0.7446,1970.8526,return
219,4,94,thumb,-0.0130,0.8576,-0.6268,0.7412,1975.8402,return
219,4,94,thumb,-0.0057,0.8601,-0.6384,0.7349,1980.8251,return
219,4,94,thumb,-0.0018,0.8611,-0.6444,0.7315,1985.812,return
219,4,94,thumb,0.0023,0.8616,-0.6501,0.7279,1990.7989,return
219,4,94,thumb,0.0064,0.8621,-0.6558,0.7244,1995.7852,return
219,4,94,thumb,0.0154,0.8625,-0.6671,0.7166,2000.7721,return
219,4,94,thumb,0.0194,0.8626,-0.6723,0.7132,2005.7586,return
219,4,94,thumb,0.0242,0.8623,-0.6781,0.7091,2010.7456,return
219,4,94,thumb,0.0242,0.8623,-0.6781,0.7091,2015.7315,return
219,4,94,thumb,0.0345,0.8605,-0.6879,0.7000,2020.7186,return
219,4,94,thumb,0.0444,0.8589,-0.6984,0.6917,2025.7054,return
219,4,94,thumb,0.0497,0.8575,-0.7034,0.6871,2030.6921,return
219,4,94,thumb,0.0550,0.8557,-0.7081,0.6824,2035.6785,return
219,4,94,thumb,0.0602,0.8539,-0.7127,0.6779,2040.6649,return
219,4,94,thumb,0.0653,0.8517,-0.7173,0.6735,2045.652,return
219,4,94,thumb,0.0755,0.8469,-0.7267,0.6649,2050.6387,return
219,4,94,thumb,0.0755,0.8469,-0.7267,0.6649,2055.626,return
219,4,94,thumb,0.0850,0.8421,-0.7358,0.6570,2060.6119,return
219,4,94,thumb,0.0897,0.8392,-0.7404,0.6532,2065.5987,return
219,4,94,thumb,0.0941,0.8365,-0.7449,0.6497,2070.5852,return
219,4,94,thumb,0.1030,0.8306,-0.7535,0.6427,2075.5721,return
219,4,94,thumb,0.1073,0.8279,-0.7576,0.6393,2080.5588,return
219,4,94,thumb,0.1111,0.8251,-0.7615,0.6363,2085.5452,return
219,4,94,thumb,0.1151,0.8222,-0.7657,0.6335,2090.5324,return
219,4,94,thumb,0.1187,0.8193,-0.7696,0.6308,2095.5189,return
219,4,94,thumb,0.1226,0.8160,-0.7737,0.6280,2100.5057,return
219,4,94,thumb,0.1291,0.8102,-0.7810,0.6236,2105.4919,return
219,4,94,thumb,0.1321,0.8074,-0.7844,0.6217,2110.4789,return
219,4,94,thumb,0.1352,0.8045,-0.7880,0.6197,2115.4651,return
219,4,94,thumb,0.1380,0.8016,-0.7913,0.6180,2120.4521,return
219,4,94,thumb,0.1436,0.7958,-0.7978,0.6146,2125.4387,return
219,4,94,thumb,0.1462,0.7934,-0.8009,0.6131,2130.4251,return
219,4,94,thumb,0.1484,0.7908,-0.8038,0.6120,2134.9297,returned
219,4,94,thumb,0.1484,0.7908,-0.8038,0.6120,2139.9087,returned
219,4,94,thumb,0.1524,0.7865,-0.8091,0.6100,2144.8955,returned
219,4,94,thumb,0.1536,0.7838,-0.8120,0.6098,2149.8825,returned
219,4,94,thumb,0.1552,0.7813,-0.8143,0.6092,2154.8704,returned
219,4,94,thumb,0.1575,0.7768,-0.8186,0.6087,2159.8556,returned
219,4,94,thumb,0.1581,0.7751,-0.8204,0.6087,2164.8421,returned
219,4,94,thumb,0.1589,0.7731,-0.8225,0.6089,2169.8285,returned
219,4,94,thumb,0.1595,0.7710,-0.8242,0.6089,2174.8157,returned
219,4,94,thumb,0.1601,0.7671,-0.8272,0.6102,2179.8024,returned
219,4,94,thumb,0.1634,0.7624,-0.8299,0.6082,2184.7885,returned
219,4,94,thumb,0.1634,0.7609,-0.8310,0.6084,2189.7755,returned
219,4,94,thumb,0.1612,0.7606,-0.8302,0.6104,2194.7615,returned
219,4,94,thumb,0.1608,0.7573,-0.8307,0.6110,2199.7488,returned
219,4,94,thumb,0.1554,0.7464,-0.8307,0.6166,2204.7354,returned
219,4,94,thumb,0.1559,0.7450,-0.8312,0.6164,2209.7224,returned
219,4,94,thumb,0.7239,0.7754,-0.5937,0.6161,2214.7084,returned
219,4,94,thumb,0.7236,0.7750,-0.5936,0.6156,2219.6952,returned
219,4,94,thumb,0.1576,0.7418,-0.8331,0.6155,2224.6825,returned
219,4,94,thumb,0.1578,0.7419,-0.8337,0.6156,2229.6686,returned
219,4,94,thumb,0.1584,0.7425,-0.8337,0.6150,2234.6554,returned
219,4,94,thumb,0.1584,0.7425,-0.8337,0.6150,2239.6424,returned
219,4,94,thumb,0.1606,0.7425,-0.8325,0.6125,2244.6289,returned
219,4,94,thumb,0.1625,0.7402,-0.8326,0.6109,2249.6156,returned
219,4,94,thumb,0.1627,0.7402,-0.8325,0.6106,2254.6026,returned
219,4,94,thumb,0.1625,0.7399,-0.8323,0.6107,2259.5884,returned
219,4,94,thumb,0.1625,0.7398,-0.8321,0.6106,2264.5754,returned
219,4,94,thumb,0.1626,0.7398,-0.8318,0.6105,2269.562,returned
219,4,94,thumb,0.1626,0.7409,-0.8329,0.6108,2274.5488,returned
219,4,94,thumb,0.1627,0.7409,-0.8326,0.6105,2279.5356,returned
219,4,94,thumb,0.1627,0.7408,-0.8318,0.6102,2284.5215,returned
219,4,94,thumb,0.1625,0.7407,-0.8314,0.6102,2289.5093,returned
219,4,94,thumb,0.1623,0.7404,-0.8311,0.6102,2294.4952,returned
219,4,94,thumb,0.1622,0.7392,-0.8297,0.6099,2299.4829,returned
219,4,94,thumb,0.1621,0.7386,-0.8284,0.6095,2304.4693,returned
219,4,94,thumb,0.1621,0.7386,-0.8284,0.6095,2309.4554,returned
219,4,94,thumb,0.1621,0.7384,-0.8279,0.6093,2314.4417,returned
219,4,94,thumb,0.1622,0.7384,-0.8277,0.6091,2319.2262,returned
219,4,94,thumb,0.1619,0.7389,-0.8287,0.6097,2324.2128,returned
219,4,94,thumb,0.1623,0.7394,-0.8287,0.6094,2329.1995,returned
219,4,94,thumb,0.1625,0.7394,-0.8287,0.6092,2334.1863,returned
219,4,94,thumb,0.1630,0.7383,-0.8272,0.6082,2339.1732,returned
219,4,94,thumb,0.1632,0.7384,-0.8273,0.6081,2344.1597,returned
219,4,94,thumb,0.1632,0.7383,-0.8273,0.6080,2349.1463,returned
219,4,94,thumb,0.1640,0.7389,-0.8279,0.6075,2354.135,returned
219,4,94,thumb,0.1641,0.7389,-0.8280,0.6074,2359.1201,returned
219,4,94,thumb,0.1642,0.7390,-0.8281,0.6074,2364.1066,returned
219,4,94,thumb,0.1632,0.7384,-0.8282,0.6083,2369.0932,returned
219,4,94,thumb,0.1632,0.7385,-0.8284,0.6084,2374.0795,returned
219,4,94,thumb,0.1627,0.7393,-0.8297,0.6093,2379.0665,returned
219,4,94,thumb,0.1629,0.7400,-0.8307,0.6094,2383.7357,returned
219,4,94,thumb,0.1629,0.7400,-0.8307,0.6094,2388.2305,returned
219,4,94,thumb,0.1630,0.7388,-0.8298,0.6090,2393.2159,returned
219,4,94,thumb,0.1631,0.7388,-0.8300,0.6090,2398.2032,returned
219,4,94,thumb,0.1631,0.7391,-0.8303,0.6091,2403.1893,returned
219,4,94,thumb,0.1631,0.7400,-0.8315,0.6095,2408.176,returned
219,4,94,thumb,0.1632,0.7400,-0.8317,0.6095,2413.1627,returned
219,4,94,thumb,0.1633,0.7390,-0.8305,0.6091,2418.1493,returned
219,4,94,thumb,0.1633,0.7390,-0.8305,0.6091,2423.1362,returned
219,4,94,thumb,0.1635,0.7392,-0.8306,0.6090,2428.1222,returned
219,4,94,thumb,0.1636,0.7403,-0.8320,0.6093,2433.1101,returned
219,4,94,thumb,0.1637,0.7403,-0.8320,0.6093,2438.0958,returned
219,4,94,thumb,0.1637,0.7404,-0.8321,0.6092,2443.0829,returned
219,4,94,thumb,0.1636,0.7393,-0.8307,0.6088,2448.0693,returned
219,4,94,thumb,0.1636,0.7393,-0.8307,0.6088,2453.0557,returned
219,4,94,thumb,0.1638,0.7398,-0.8312,0.6089,2458.043,returned
219,4,94,thumb,0.1637,0.7404,-0.8319,0.6093,2463.03,returned
219,4,94,thumb,0.1635,0.7397,-0.8310,0.6091,2468.0158,returned
219,4,94,thumb,0.1634,0.7394,-0.8306,0.6091,2473.0025,returned
219,4,94,thumb,0.1634,0.7394,-0.8306,0.6091,2477.9894,returned
219,4,94,thumb,0.1635,0.7394,-0.8306,0.6091,2482.9762,returned
219,4,94,thumb,0.1625,0.7399,-0.8315,0.6102,2487.9632,returned
219,4,94,thumb,0.1625,0.7399,-0.8314,0.6102,2492.9496,returned
219,4,94,thumb,0.1625,0.7400,-0.8314,0.6102,2497.9359,returned
219,4,94,thumb,0.1634,0.7404,-0.8314,0.6094,2502.9226,returned
219,4,94,thumb,0.1633,0.7404,-0.8314,0.6094,2507.9094,returned
219,4,94,thumb,0.1634,0.7393,-0.8301,0.6089,2512.8972,returned
219,4,94,thumb,0.1635,0.7393,-0.8300,0.6088,2517.882,returned
219,4,94,thumb,0.1635,0.7393,-0.8300,0.6088,2522.87,returned
219,4,94,thumb,0.1636,0.7393,-0.8300,0.6088,2527.8559,returned
219,4,94,thumb,0.1636,0.7393,-0.8299,0.6088,2532.8426,returned
219,4,94,thumb,0.1635,0.7396,-0.8307,0.6091,2537.8294,returned
219,4,94,thumb,0.1636,0.7404,-0.8314,0.6093,2542.8164,returned
219,4,94,thumb,0.1636,0.7405,-0.8315,0.6093,2547.8022,returned
219,4,94,thumb,0.1636,0.7405,-0.8315,0.6093,2552.7889,returned
219,4,94,thumb,0.1636,0.7404,-0.8315,0.6093,2558.7735,returned
219,4,94,thumb,0.1635,0.7394,-0.8303,0.6090,2563.7594,returned
219,4,94,thumb,0.1635,0.7394,-0.8303,0.6090,2568.7463,returned
219,4,94,thumb,0.1635,0.7394,-0.8303,0.6090,2573.7331,returned
219,4,94,thumb,0.1635,0.7394,-0.8304,0.6090,2578.7201,returned
219,4,94,thumb,0.1636,0.7394,-0.8304,0.6090,2583.7065,returned
219,4,94,thumb,0.1636,0.7394,-0.8304,0.6090,2588.6941,returned
219,4,94,thumb,0.1639,0.7406,-0.8317,0.6091,2593.68,returned
219,4,94,thumb,0.1639,0.7405,-0.8318,0.6092,2597.9028,returned
219,4,94,thumb,0.1636,0.7397,-0.8310,0.6092,2602.8891,returned
219,4,94,thumb,0.1636,0.7397,-0.8308,0.6091,2607.8765,returned
219,4,94,thumb,0.1637,0.7398,-0.8312,0.6091,2612.8627,returned
219,4,94,thumb,0.1633,0.7402,-0.8318,0.6098,2617.8498,returned
219,4,94,thumb,0.1633,0.7402,-0.8318,0.6098,2622.8356,returned
219,4,94,thumb,0.1635,0.7402,-0.8318,0.6096,2627.8224,returned
219,4,94,thumb,0.1632,0.7401,-0.8316,0.6098,2632.8093,returned
219,4,94,thumb,0.1632,0.7401,-0.8316,0.6098,2637.3048,returned
219,4,94,thumb,0.1632,0.7401,-0.8316,0.6098,2642.292,returned
