participant,block,trial,tracked,time_ms,phase,pos_x,pos_y,pos_z
d3-010,2,28,Wrist,0.9976,startbuffer,0.2879,0.8100,-0.8731
d3-010,2,28,Wrist,6.9811,startbuffer,0.2842,0.8181,-0.8699
d3-010,2,28,Wrist,12.9661,startbuffer,0.2842,0.8183,-0.8698
d3-010,2,28,Wrist,18.9497,startbuffer,0.2835,0.8193,-0.8696
d3-010,2,28,Wrist,24.9333,startbuffer,0.2836,0.8193,-0.8696
d3-010,2,28,Wrist,30.9174,startbuffer,0.2845,0.8187,-0.8698
d3-010,2,28,Wrist,36.9015,startbuffer,0.2845,0.8187,-0.8698
d3-010,2,28,Wrist,42.8058,startbuffer,0.2836,0.8197,-0.8696
d3-010,2,28,Wrist,48.7899,startbuffer,0.2836,0.8197,-0.8696
d3-010,2,28,Wrist,54.7743,startbuffer,0.2845,0.8192,-0.8698
d3-010,2,28,Wrist,60.7584,startbuffer,0.2846,0.8191,-0.8699
d3-010,2,28,Wrist,66.7421,begin,0.2841,0.8196,-0.8697
d3-010,2,28,Wrist,72.7257,begin,0.2836,0.8199,-0.8697
d3-010,2,28,Wrist,78.7100,begin,0.2841,0.8197,-0.8698
d3-010,2,28,Wrist,84.6939,begin,0.2845,0.8195,-0.8698
d3-010,2,28,Wrist,90.6781,begin,0.2845,0.8195,-0.8698
d3-010,2,28,Wrist,96.6620,begin,0.2840,0.8200,-0.8697
d3-010,2,28,Wrist,102.6462,begin,0.2839,0.8200,-0.8697
d3-010,2,28,Wrist,108.6299,begin,0.2847,0.8192,-0.8700
d3-010,2,28,Wrist,114.6140,begin,0.2847,0.8192,-0.8700
d3-010,2,28,Wrist,120.5987,begin,0.2838,0.8200,-0.8697
d3-010,2,28,Wrist,126.5820,begin,0.2837,0.8200,-0.8697
d3-010,2,28,Wrist,132.5663,begin,0.2848,0.8193,-0.8700
d3-010,2,28,Wrist,138.5499,begin,0.2848,0.8192,-0.8701
d3-010,2,28,Wrist,144.5346,begin,0.2843,0.8198,-0.8699
d3-010,2,28,Wrist,150.5178,begin,0.2841,0.8201,-0.8699
d3-010,2,28,Wrist,156.5023,begin,0.2845,0.8195,-0.8700
d3-010,2,28,Wrist,162.4861,begin,0.2848,0.8192,-0.8701
d3-010,2,28,Wrist,168.4700,begin,0.2846,0.8194,-0.8700
d3-010,2,28,Wrist,174.4540,begin,0.2840,0.8200,-0.8699
d3-010,2,28,Wrist,180.4377,begin,0.2841,0.8198,-0.8699
d3-010,2,28,Wrist,186.4222,begin,0.2847,0.8192,-0.8701
d3-010,2,28,Wrist,191.4356,begin,0.2847,0.8193,-0.8701
d3-010,2,28,Wrist,197.4199,begin,0.2834,0.8199,-0.8697
d3-010,2,28,Wrist,203.4036,begin,0.2833,0.8199,-0.8698
d3-010,2,28,Wrist,209.3879,begin,0.2833,0.8199,-0.8698
d3-010,2,28,Wrist,215.3716,begin,0.2839,0.8190,-0.8701
d3-010,2,28,Wrist,221.3561,begin,0.2839,0.8190,-0.8701
d3-010,2,28,Wrist,227.6659,begin,0.2830,0.8198,-0.8700
d3-010,2,28,Wrist,233.6410,begin,0.2830,0.8198,-0.8700
d3-010,2,28,Wrist,239.6248,begin,0.2838,0.8190,-0.8702
d3-010,2,28,Wrist,245.6091,begin,0.2838,0.8190,-0.8702
d3-010,2,28,Wrist,251.3400,begin,0.2829,0.8197,-0.8702
d3-010,2,28,Wrist,257.3241,begin,0.2828,0.8197,-0.8702
d3-010,2,28,Wrist,263.1695,begin,0.2837,0.8190,-0.8703
d3-010,2,28,Wrist,269.1541,begin,0.2837,0.8190,-0.8703
d3-010,2,28,Wrist,275.1376,begin,0.2837,0.8190,-0.8703
d3-010,2,28,Wrist,281.1214,begin,0.2830,0.8194,-0.8705
d3-010,2,28,Wrist,287.1058,begin,0.2830,0.8194,-0.8705
d3-010,2,28,Wrist,292.7470,begin,0.2837,0.8190,-0.8704
d3-010,2,28,Wrist,298.7313,begin,0.2837,0.8190,-0.8704
d3-010,2,28,Wrist,304.7150,begin,0.2829,0.8196,-0.8705
d3-010,2,28,Wrist,310.6996,begin,0.2829,0.8197,-0.8705
d3-010,2,28,Wrist,316.6829,begin,0.2839,0.8192,-0.8706
d3-010,2,28,Wrist,322.6676,begin,0.2841,0.8189,-0.8707
d3-010,2,28,Wrist,328.4577,begin,0.2837,0.8194,-0.8707
d3-010,2,28,Wrist,334.4421,begin,0.2833,0.8197,-0.8708
d3-010,2,28,Wrist,339.9335,begin,0.2836,0.8196,-0.8707
d3-010,2,28,Wrist,345.9176,begin,0.2842,0.8190,-0.8708
d3-010,2,28,Wrist,351.9013,begin,0.2842,0.8190,-0.8708
d3-010,2,28,Wrist,357.8859,begin,0.2834,0.8198,-0.8710
d3-010,2,28,Wrist,363.6068,begin,0.2833,0.8198,-0.8710
d3-010,2,28,Wrist,369.5910,begin,0.2841,0.8190,-0.8709
d3-010,2,28,Wrist,375.5745,begin,0.2841,0.8190,-0.8709
d3-010,2,28,Wrist,381.5591,begin,0.2833,0.8198,-0.8711
d3-010,2,28,Wrist,387.5435,begin,0.2833,0.8198,-0.8711
d3-010,2,28,Wrist,392.6938,begin,0.2840,0.8192,-0.8710
d3-010,2,28,Wrist,398.6783,begin,0.2841,0.8191,-0.8711
d3-010,2,28,Wrist,404.6616,begin,0.2836,0.8197,-0.8712
d3-010,2,28,Wrist,410.6461,begin,0.2834,0.8199,-0.8713
d3-010,2,28,Wrist,416.6297,begin,0.2834,0.8199,-0.8713
d3-010,2,28,Wrist,422.6143,begin,0.2840,0.8192,-0.8713
d3-010,2,28,Wrist,428.5980,begin,0.2840,0.8192,-0.8713
d3-010,2,28,Wrist,433.6018,begin,0.2839,0.8193,-0.8712
d3-010,2,28,Wrist,439.5864,begin,0.2833,0.8200,-0.8715
d3-010,2,28,Wrist,445.5701,begin,0.2833,0.8200,-0.8715
d3-010,2,28,Wrist,451.5539,begin,0.2838,0.8196,-0.8714
d3-010,2,28,Wrist,457.5380,begin,0.2838,0.8196,-0.8714
d3-010,2,28,Wrist,463.5219,begin,0.2833,0.8200,-0.8715
d3-010,2,28,Wrist,469.5060,begin,0.2833,0.8200,-0.8715
d3-010,2,28,Wrist,475.4901,begin,0.2839,0.8192,-0.8714
d3-010,2,28,Wrist,481.3648,begin,0.2840,0.8191,-0.8714
d3-010,2,28,Wrist,487.3497,begin,0.2834,0.8198,-0.8716
d3-010,2,28,Wrist,492.9184,begin,0.2833,0.8199,-0.8716
d3-010,2,28,Wrist,498.9054,begin,0.2835,0.8194,-0.8715
d3-010,2,28,Wrist,504.8890,begin,0.2840,0.8191,-0.8714
d3-010,2,28,Wrist,510.8734,begin,0.2836,0.8193,-0.8715
d3-010,2,28,Wrist,516.8572,begin,0.2834,0.8195,-0.8715
d3-010,2,28,Wrist,522.8412,begin,0.2836,0.8194,-0.8715
d3-010,2,28,Wrist,528.8287,begin,0.2840,0.8191,-0.8714
d3-010,2,28,Wrist,539.5544,begin,0.2834,0.8199,-0.8716
d3-010,2,28,Wrist,545.5290,begin,0.2833,0.8199,-0.8716
d3-010,2,28,Wrist,551.5129,begin,0.2833,0.8199,-0.8716
d3-010,2,28,Wrist,557.4971,begin,0.2840,0.8191,-0.8714
d3-010,2,28,Wrist,563.4811,begin,0.2840,0.8191,-0.8714
d3-010,2,28,Wrist,569.4649,begin,0.2830,0.8200,-0.8713
d3-010,2,28,Wrist,575.4493,begin,0.2830,0.8200,-0.8713
d3-010,2,28,Wrist,581.4327,begin,0.2839,0.8200,-0.8708
d3-010,2,28,Wrist,587.4173,begin,0.2838,0.8199,-0.8709
d3-010,2,28,Wrist,593.4010,begin,0.2831,0.8203,-0.8712
d3-010,2,28,Wrist,599.3852,begin,0.2826,0.8208,-0.8711
d3-010,2,28,Wrist,605.3692,begin,0.2829,0.8209,-0.8710
d3-010,2,28,Wrist,611.3528,begin,0.2837,0.8212,-0.8706
d3-010,2,28,Wrist,617.3368,begin,0.2835,0.8216,-0.8705
d3-010,2,28,Wrist,623.3208,begin,0.2826,0.8228,-0.8703
d3-010,2,28,Wrist,628.4193,begin,0.2826,0.8228,-0.8703
d3-010,2,28,Wrist,634.4036,begin,0.2833,0.8229,-0.8695
d3-010,2,28,Wrist,640.3516,begin,0.2831,0.8237,-0.8689
d3-010,2,28,Wrist,646.3352,begin,0.2826,0.8250,-0.8686
d3-010,2,28,Wrist,652.3193,begin,0.2821,0.8263,-0.8675
d3-010,2,28,Wrist,658.3032,begin,0.2822,0.8263,-0.8671
d3-010,2,28,Wrist,664.2873,begin,0.2802,0.8278,-0.8667
d3-010,2,28,Wrist,670.2712,begin,0.2795,0.8290,-0.8655
d3-010,2,28,Wrist,676.2555,begin,0.2786,0.8312,-0.8632
d3-010,2,28,Wrist,682.2396,begin,0.2786,0.8312,-0.8632
d3-010,2,28,Wrist,688.2232,begin,0.2765,0.8334,-0.8594
d3-010,2,28,Wrist,694.2079,begin,0.2758,0.8345,-0.8579
d3-010,2,28,Wrist,700.1911,begin,0.2746,0.8363,-0.8557
d3-010,2,28,Wrist,706.1759,begin,0.2723,0.8384,-0.8518
d3-010,2,28,Wrist,712.1593,out,0.2716,0.8388,-0.8498
d3-010,2,28,Wrist,718.1434,out,0.2687,0.8409,-0.8454
d3-010,2,28,Wrist,724.1270,out,0.2671,0.8428,-0.8425
d3-010,2,28,Wrist,729.7642,out,0.2638,0.8450,-0.8374
d3-010,2,28,Wrist,735.2561,out,0.2624,0.8454,-0.8346
d3-010,2,28,Wrist,740.8010,out,0.2607,0.8462,-0.8320
d3-010,2,28,Wrist,746.7850,out,0.2573,0.8489,-0.8261
d3-010,2,28,Wrist,752.7689,out,0.2550,0.8503,-0.8229
d3-010,2,28,Wrist,758.7530,out,0.2531,0.8513,-0.8197
d3-010,2,28,Wrist,764.3603,out,0.2495,0.8523,-0.8128
d3-010,2,28,Wrist,770.3446,out,0.2472,0.8533,-0.8101
d3-010,2,28,Wrist,776.3285,out,0.2429,0.8558,-0.8038
d3-010,2,28,Wrist,782.3126,out,0.2408,0.8564,-0.8004
d3-010,2,28,Wrist,788.2965,out,0.2367,0.8572,-0.7933
d3-010,2,28,Wrist,795.2781,out,0.2346,0.8579,-0.7901
d3-010,2,28,Wrist,801.2620,out,0.2303,0.8604,-0.7836
d3-010,2,28,Wrist,807.2458,out,0.2303,0.8604,-0.7836
d3-010,2,28,Wrist,813.2300,out,0.2244,0.8612,-0.7729
d3-010,2,28,Wrist,819.2140,out,0.2221,0.8620,-0.7696
d3-010,2,28,Wrist,825.1978,out,0.2200,0.8624,-0.7660
d3-010,2,28,Wrist,830.8204,out,0.2158,0.8646,-0.7593
d3-010,2,28,Wrist,836.8042,out,0.2134,0.8653,-0.7560
d3-010,2,28,Wrist,842.5356,out,0.2099,0.8646,-0.7484
d3-010,2,28,Wrist,848.5197,out,0.2077,0.8651,-0.7454
d3-010,2,28,Wrist,854.5036,out,0.2053,0.8656,-0.7417
d3-010,2,28,Wrist,860.4881,out,0.2013,0.8675,-0.7352
d3-010,2,28,Wrist,866.4717,out,0.1991,0.8679,-0.7316
d3-010,2,28,Wrist,872.4560,out,0.1949,0.8670,-0.7249
d3-010,2,28,Wrist,878.4399,out,0.1932,0.8671,-0.7216
d3-010,2,28,Wrist,884.4239,out,0.1908,0.8693,-0.7187
d3-010,2,28,Wrist,890.4076,out,0.1870,0.8698,-0.7123
d3-010,2,28,Wrist,896.3914,out,0.1832,0.8686,-0.7054
d3-010,2,28,Wrist,902.3755,out,0.1808,0.8689,-0.7022
d3-010,2,28,Wrist,908.3592,out,0.1792,0.8701,-0.6993
d3-010,2,28,Wrist,914.3432,out,0.1748,0.8708,-0.6928
d3-010,2,28,Wrist,920.3277,out,0.1726,0.8703,-0.6892
d3-010,2,28,Wrist,926.3120,out,0.1683,0.8695,-0.6833
d3-010,2,28,Wrist,932.2643,out,0.1667,0.8701,-0.6806
d3-010,2,28,Wrist,938.2489,out,0.1626,0.8714,-0.6745
d3-010,2,28,Wrist,944.2328,out,0.1604,0.8712,-0.6714
d3-010,2,28,Wrist,950.2172,out,0.1584,0.8702,-0.6681
d3-010,2,28,Wrist,956.2010,out,0.1547,0.8699,-0.6627
d3-010,2,28,Wrist,962.1846,out,0.1529,0.8714,-0.6599
d3-010,2,28,Wrist,968.1691,out,0.1508,0.8714,-0.6568
d3-010,2,28,Wrist,974.1530,out,0.1466,0.8698,-0.6507
d3-010,2,28,Wrist,980.1401,out,0.1427,0.8687,-0.6455
d3-010,2,28,Wrist,986.1239,out,0.1410,0.8694,-0.6430
d3-010,2,28,Wrist,992.1079,out,0.1391,0.8698,-0.6401
d3-010,2,28,Wrist,998.0922,out,0.1352,0.8686,-0.6345
d3-010,2,28,Wrist,1004.0763,out,0.1328,0.8672,-0.6322
d3-010,2,28,Wrist,1010.0600,out,0.1291,0.8664,-0.6272
d3-010,2,28,Wrist,1016.0441,out,0.1281,0.8676,-0.6250
d3-010,2,28,Wrist,1022.0277,out,0.1247,0.8664,-0.6202
d3-010,2,28,Wrist,1028.0117,out,0.1229,0.8644,-0.6178
d3-010,2,28,Wrist,1033.3882,out,0.1212,0.8638,-0.6157
d3-010,2,28,Wrist,1039.3719,out,0.1184,0.8638,-0.6112
d3-010,2,28,Wrist,1045.0796,out,0.1170,0.8635,-0.6089
d3-010,2,28,Wrist,1051.0637,out,0.1140,0.8613,-0.6044
d3-010,2,28,Wrist,1057.0479,out,0.1127,0.8600,-0.6028
d3-010,2,28,Wrist,1063.0318,out,0.1111,0.8594,-0.6006
d3-010,2,28,Wrist,1069.0158,out,0.1093,0.8596,-0.5970
d3-010,2,28,Wrist,1074.9997,out,0.1079,0.8588,-0.5949
d3-010,2,28,Wrist,1080.9840,out,0.1053,0.8557,-0.5915
d3-010,2,28,Wrist,1086.9679,out,0.1041,0.8549,-0.5898
d3-010,2,28,Wrist,1092.9516,out,0.1027,0.8550,-0.5868
d3-010,2,28,Wrist,1098.9362,out,0.1016,0.8539,-0.5850
d3-010,2,28,Wrist,1104.9197,out,0.0993,0.8510,-0.5821
d3-010,2,28,Wrist,1110.9039,out,0.0984,0.8496,-0.5806
d3-010,2,28,Wrist,1116.8881,out,0.0978,0.8488,-0.5794
d3-010,2,28,Wrist,1122.8719,out,0.0969,0.8486,-0.5772
d3-010,2,28,Wrist,1128.8554,out,0.0959,0.8475,-0.5760
d3-010,2,28,Wrist,1134.8398,out,0.0943,0.8440,-0.5738
d3-010,2,28,Wrist,1140.8235,out,0.0937,0.8431,-0.5729
d3-010,2,28,Wrist,1146.8076,out,0.0929,0.8429,-0.5712
d3-010,2,28,Wrist,1152.7916,out,0.0922,0.8418,-0.5703
d3-010,2,28,Wrist,1158.7483,out,0.0916,0.8404,-0.5693
d3-010,2,28,Wrist,1164.7322,out,0.0902,0.8374,-0.5675
d3-010,2,28,Wrist,1170.7166,out,0.0894,0.8365,-0.5668
d3-010,2,28,Wrist,1176.7009,out,0.0886,0.8366,-0.5656
d3-010,2,28,Wrist,1182.6842,out,0.0878,0.8356,-0.5648
d3-010,2,28,Wrist,1188.6684,out,0.0869,0.8333,-0.5641
d3-010,2,28,Wrist,1194.6525,out,0.0856,0.8318,-0.5630
d3-010,2,28,Wrist,1200.6362,out,0.0851,0.8326,-0.5626
d3-010,2,28,Wrist,1206.6204,out,0.0839,0.8315,-0.5615
d3-010,2,28,Wrist,1212.6037,out,0.0830,0.8299,-0.5606
d3-010,2,28,Wrist,1218.5885,out,0.0819,0.8286,-0.5596
d3-010,2,28,Wrist,1224.5721,out,0.0813,0.8287,-0.5593
d3-010,2,28,Wrist,1229.7001,out,0.0806,0.8293,-0.5592
d3-010,2,28,Wrist,1235.1905,out,0.0795,0.8283,-0.5583
d3-010,2,28,Wrist,1241.1747,out,0.0788,0.8268,-0.5576
d3-010,2,28,Wrist,1247.1588,out,0.0778,0.8263,-0.5569
d3-010,2,28,Wrist,1253.1425,out,0.0776,0.8275,-0.5567
d3-010,2,28,Wrist,1259.1266,out,0.0769,0.8268,-0.5560
d3-010,2,28,Wrist,1265.1117,out,0.0765,0.8251,-0.5554
d3-010,2,28,Wrist,1271.0951,out,0.0763,0.8247,-0.5551
d3-010,2,28,Wrist,1277.0793,out,0.0759,0.8252,-0.5549
d3-010,2,28,Wrist,1283.0628,out,0.0758,0.8251,-0.5545
d3-010,2,28,Wrist,1289.0474,out,0.0757,0.8237,-0.5539
d3-010,2,28,Wrist,1295.0310,out,0.0753,0.8226,-0.5536
d3-010,2,28,Wrist,1301.0153,out,0.0753,0.8223,-0.5530
d3-010,2,28,Wrist,1306.9989,out,0.0754,0.8232,-0.5530
d3-010,2,28,Wrist,1312.9829,out,0.0754,0.8229,-0.5529
d3-010,2,28,Wrist,1318.9670,out,0.0751,0.8209,-0.5523
d3-010,2,28,Wrist,1324.9514,out,0.0751,0.8207,-0.5522
d3-010,2,28,Wrist,1330.5571,out,0.0749,0.8218,-0.5523
d3-010,2,28,Wrist,1339.5333,out,0.0747,0.8200,-0.5520
d3-010,2,28,Wrist,1351.0674,out,0.0744,0.8197,-0.5520
d3-010,2,28,Wrist,1357.0519,out,0.0742,0.8207,-0.5523
d3-010,2,28,Wrist,1362.5449,out,0.0737,0.8208,-0.5522
d3-010,2,28,Wrist,1368.5287,out,0.0732,0.8203,-0.5524
d3-010,2,28,Wrist,1374.5131,out,0.0729,0.8197,-0.5525
d3-010,2,28,Wrist,1380.4973,out,0.0721,0.8202,-0.5527
d3-010,2,28,Wrist,1386.4807,out,0.0715,0.8210,-0.5529
d3-010,2,28,Wrist,1392.4649,out,0.0709,0.8210,-0.5532
d3-010,2,28,Wrist,1398.4488,out,0.0710,0.8205,-0.5533
d3-010,2,28,Wrist,1404.4333,out,0.0707,0.8206,-0.5534
d3-010,2,28,Wrist,1410.4167,out,0.0699,0.8226,-0.5543
d3-010,2,28,Wrist,1416.4006,out,0.0699,0.8230,-0.5545
d3-010,2,28,Wrist,1422.3858,out,0.0706,0.8205,-0.5539
d3-010,2,28,Wrist,1428.3686,out,0.0729,0.8212,-0.5564
d3-010,2,28,Wrist,1434.3529,out,0.0698,0.8245,-0.5561
d3-010,2,28,Wrist,1440.3369,out,0.0697,0.8253,-0.5564
d3-010,2,28,Wrist,1446.3210,out,0.0696,0.8256,-0.5567
d3-010,2,28,Wrist,1452.3051,out,0.0704,0.8224,-0.5555
d3-010,2,28,Wrist,1458.2890,out,0.0704,0.8226,-0.5556
d3-010,2,28,Wrist,1464.2729,out,0.0695,0.8268,-0.5574
d3-010,2,28,Wrist,1470.2572,out,0.0695,0.8269,-0.5574
d3-010,2,28,Wrist,1476.2410,out,0.0696,0.8268,-0.5574
d3-010,2,28,Wrist,1482.2251,out,0.0708,0.8237,-0.5561
d3-010,2,28,Wrist,1488.2092,out,0.0693,0.8279,-0.5579
d3-010,2,28,Wrist,1494.1930,out,0.0691,0.8283,-0.5581
d3-010,2,28,Wrist,1499.2927,out,0.0690,0.8287,-0.5583
d3-010,2,28,Wrist,1505.2772,out,0.0700,0.8275,-0.5581
d3-010,2,28,Wrist,1511.2607,out,0.0699,0.8284,-0.5588
d3-010,2,28,Wrist,1517.2448,out,0.0689,0.8309,-0.5595
d3-010,2,28,Wrist,1523.2290,lift,0.0689,0.8313,-0.5597
d3-010,2,28,Wrist,1529.2130,lift,0.0691,0.8313,-0.5599
d3-010,2,28,Wrist,1534.2300,lift,0.0690,0.8316,-0.5599
d3-010,2,28,Wrist,1540.2137,lift,0.0729,0.8327,-0.5625
d3-010,2,28,Wrist,1546.1979,lift,0.0682,0.8343,-0.5608
d3-010,2,28,Wrist,1552.1818,lift,0.0681,0.8354,-0.5610
d3-010,2,28,Wrist,1558.1661,lift,0.0693,0.8365,-0.5632
d3-010,2,28,Wrist,1564.1497,lift,0.0690,0.8360,-0.5605
d3-010,2,28,Wrist,1570.1337,lift,0.0683,0.8380,-0.5611
d3-010,2,28,Wrist,1576.1175,lift,0.0680,0.8398,-0.5613
d3-010,2,28,Wrist,1582.1023,lift,0.0688,0.8396,-0.5607
d3-010,2,28,Wrist,1588.0859,lift,0.0687,0.8408,-0.5604
d3-010,2,28,Wrist,1594.0698,lift,0.0683,0.8425,-0.5608
d3-010,2,28,Wrist,1600.0205,lift,0.0677,0.8442,-0.5611
d3-010,2,28,Wrist,1606.0043,lift,0.0681,0.8456,-0.5607
d3-010,2,28,Wrist,1611.9887,lift,0.0685,0.8474,-0.5630
d3-010,2,28,Wrist,1617.9727,lift,0.0682,0.8496,-0.5625
d3-010,2,28,Wrist,1623.9566,lift,0.0675,0.8505,-0.5604
d3-010,2,28,Wrist,1629.4785,lift,0.0676,0.8517,-0.5602
d3-010,2,28,Wrist,1634.9702,lift,0.0682,0.8546,-0.5619
d3-010,2,28,Wrist,1640.9541,lift,0.0680,0.8556,-0.5617
d3-010,2,28,Wrist,1646.9380,lift,0.0676,0.8577,-0.5590
d3-010,2,28,Wrist,1652.9218,lift,0.0675,0.8594,-0.5588
d3-010,2,28,Wrist,1658.9061,lift,0.0679,0.8607,-0.5586
d3-010,2,28,Wrist,1664.8899,lift,0.0683,0.8638,-0.5604
d3-010,2,28,Wrist,1670.8741,lift,0.0684,0.8650,-0.5601
d3-010,2,28,Wrist,1676.8579,lift,0.0681,0.8675,-0.5574
d3-010,2,28,Wrist,1682.8422,lift,0.0683,0.8686,-0.5568
d3-010,2,28,Wrist,1688.8259,lift,0.0687,0.8714,-0.5585
d3-010,2,28,Wrist,1694.8099,lift,0.0688,0.8730,-0.5583
d3-010,2,28,Wrist,1700.3438,lift,0.0687,0.8740,-0.5581
d3-010,2,28,Wrist,1706.3277,lift,0.0685,0.8767,-0.5558
d3-010,2,28,Wrist,1712.3117,replace,0.0686,0.8781,-0.5556
d3-010,2,28,Wrist,1718.2957,replace,0.0677,0.8834,-0.5588
d3-010,2,28,Wrist,1724.2799,replace,0.0689,0.8824,-0.5575
d3-010,2,28,Wrist,1730.4560,replace,0.0684,0.8849,-0.5550
d3-010,2,28,Wrist,1736.0966,replace,0.0681,0.8862,-0.5550
d3-010,2,28,Wrist,1742.0827,replace,0.0683,0.8872,-0.5546
d3-010,2,28,Wrist,1748.0666,replace,0.0679,0.8906,-0.5570
d3-010,2,28,Wrist,1754.0509,replace,0.0680,0.8905,-0.5543
d3-010,2,28,Wrist,1759.5436,replace,0.0673,0.8941,-0.5552
d3-010,2,28,Wrist,1765.5277,replace,0.0673,0.8953,-0.5551
d3-010,2,28,Wrist,1771.5117,replace,0.0671,0.8966,-0.5547
d3-010,2,28,Wrist,1777.4949,replace,0.0665,0.8990,-0.5577
d3-010,2,28,Wrist,1783.4804,replace,0.0663,0.8996,-0.5556
d3-010,2,28,Wrist,1789.4635,replace,0.0661,0.9010,-0.5560
d3-010,2,28,Wrist,1795.4477,replace,0.0661,0.9010,-0.5560
d3-010,2,28,Wrist,1801.4317,replace,0.0661,0.9036,-0.5561
d3-010,2,28,Wrist,1807.4160,replace,0.0658,0.9048,-0.5561
d3-010,2,28,Wrist,1813.3995,replace,0.0652,0.9071,-0.5573
d3-010,2,28,Wrist,1819.3830,replace,0.0653,0.9074,-0.5572
d3-010,2,28,Wrist,1825.3675,replace,0.0653,0.9071,-0.5569
d3-010,2,28,Wrist,1831.3462,replace,0.0654,0.9083,-0.5572
d3-010,2,28,Wrist,1836.5789,replace,0.0646,0.9099,-0.5580
d3-010,2,28,Wrist,1841.9204,replace,0.0648,0.9104,-0.5581
d3-010,2,28,Wrist,1847.9054,replace,0.0653,0.9098,-0.5575
d3-010,2,28,Wrist,1853.8889,replace,0.0651,0.9101,-0.5578
d3-010,2,28,Wrist,1859.4344,replace,0.0654,0.9108,-0.5577
d3-010,2,28,Wrist,1865.4185,replace,0.0651,0.9111,-0.5581
d3-010,2,28,Wrist,1871.4022,replace,0.0652,0.9111,-0.5580
d3-010,2,28,Wrist,1877.3861,replace,0.0661,0.9098,-0.5569
d3-010,2,28,Wrist,1883.3705,replace,0.0662,0.9097,-0.5569
d3-010,2,28,Wrist,1889.3543,replace,0.0651,0.9106,-0.5585
d3-010,2,28,Wrist,1895.3385,replace,0.0652,0.9104,-0.5585
d3-010,2,28,Wrist,1901.3224,replace,0.0665,0.9085,-0.5573
d3-010,2,28,Wrist,1907.3071,replace,0.0665,0.9083,-0.5574
d3-010,2,28,Wrist,1913.2903,replace,0.0658,0.9088,-0.5589
d3-010,2,28,Wrist,1919.2748,replace,0.0660,0.9085,-0.5590
d3-010,2,28,Wrist,1925.2579,replace,0.0664,0.9080,-0.5591
d3-010,2,28,Wrist,1931.2427,replace,0.0672,0.9057,-0.5581
d3-010,2,28,Wrist,1937.0825,replace,0.0675,0.9053,-0.5581
d3-010,2,28,Wrist,1942.2612,replace,0.0666,0.9058,-0.5600
d3-010,2,28,Wrist,1948.2453,replace,0.0672,0.9051,-0.5599
d3-010,2,28,Wrist,1954.2294,replace,0.0678,0.9039,-0.5592
d3-010,2,28,Wrist,1960.0591,replace,0.0688,0.9022,-0.5591
d3-010,2,28,Wrist,1966.0427,replace,0.0686,0.9019,-0.5594
d3-010,2,28,Wrist,1972.0271,replace,0.0683,0.9022,-0.5604
d3-010,2,28,Wrist,1978.0111,replace,0.0694,0.9002,-0.5599
d3-010,2,28,Wrist,1983.9949,replace,0.0697,0.8986,-0.5595
d3-010,2,28,Wrist,1989.9789,replace,0.0705,0.8969,-0.5596
d3-010,2,28,Wrist,1995.9629,replace,0.0696,0.8975,-0.5607
d3-010,2,28,Wrist,2001.6984,replace,0.0704,0.8956,-0.5607
d3-010,2,28,Wrist,2007.6823,replace,0.0713,0.8935,-0.5597
d3-010,2,28,Wrist,2013.6663,replace,0.0717,0.8917,-0.5600
d3-010,2,28,Wrist,2019.6508,replace,0.0716,0.8918,-0.5603
d3-010,2,28,Wrist,2025.6342,replace,0.0717,0.8901,-0.5608
d3-010,2,28,Wrist,2030.7492,replace,0.0727,0.8884,-0.5600
d3-010,2,28,Wrist,2036.7261,replace,0.0727,0.8870,-0.5599
d3-010,2,28,Wrist,2042.0155,replace,0.0730,0.8860,-0.5599
d3-010,2,28,Wrist,2047.9995,replace,0.0726,0.8854,-0.5607
d3-010,2,28,Wrist,2053.9839,replace,0.0726,0.8844,-0.5606
d3-010,2,28,Wrist,2059.9677,replace,0.0735,0.8828,-0.5600
d3-010,2,28,Wrist,2065.9517,replace,0.0744,0.8796,-0.5594
d3-010,2,28,Wrist,2070.9384,replace,0.0748,0.8785,-0.5590
d3-010,2,28,Wrist,2076.9219,replace,0.0745,0.8776,-0.5597
d3-010,2,28,Wrist,2083.9035,replace,0.0753,0.8739,-0.5585
d3-010,2,28,Wrist,2089.8876,replace,0.0749,0.8737,-0.5612
d3-010,2,28,Wrist,2095.8716,replace,0.0758,0.8732,-0.5611
d3-010,2,28,Wrist,2101.8555,replace,0.0755,0.8710,-0.5591
d3-010,2,28,Wrist,2107.8395,replace,0.0760,0.8698,-0.5589
d3-010,2,28,Wrist,2113.8236,replace,0.0768,0.8674,-0.5602
d3-010,2,28,Wrist,2119.8074,replace,0.0769,0.8663,-0.5603
d3-010,2,28,Wrist,2125.7914,replace,0.0773,0.8640,-0.5578
d3-010,2,28,Wrist,2130.8295,replace,0.0769,0.8627,-0.5584
d3-010,2,28,Wrist,2136.5397,replace,0.0773,0.8614,-0.5582
d3-010,2,28,Wrist,2142.5132,replace,0.0779,0.8591,-0.5601
d3-010,2,28,Wrist,2148.4971,replace,0.0781,0.8579,-0.5597
d3-010,2,28,Wrist,2154.4818,replace,0.0780,0.8570,-0.5579
d3-010,2,28,Wrist,2160.1587,replace,0.0784,0.8546,-0.5577
d3-010,2,28,Wrist,2166.1429,replace,0.0789,0.8541,-0.5596
d3-010,2,28,Wrist,2172.1272,replace,0.0793,0.8501,-0.5568
d3-010,2,28,Wrist,2178.1113,replace,0.0793,0.8500,-0.5569
d3-010,2,28,Wrist,2184.0947,return,0.0790,0.8488,-0.5574
d3-010,2,28,Wrist,2190.0787,return,0.0796,0.8475,-0.5571
d3-010,2,28,Wrist,2196.0623,return,0.0798,0.8456,-0.5566
d3-010,2,28,Wrist,2202.0468,return,0.0798,0.8439,-0.5565
d3-010,2,28,Wrist,2208.0303,return,0.0792,0.8444,-0.5573
d3-010,2,28,Wrist,2214.0147,return,0.0792,0.8429,-0.5573
d3-010,2,28,Wrist,2219.9989,return,0.0803,0.8405,-0.5564
d3-010,2,28,Wrist,2225.9825,return,0.0799,0.8390,-0.5565
d3-010,2,28,Wrist,2231.9671,return,0.0797,0.8395,-0.5570
d3-010,2,28,Wrist,2237.9511,return,0.0795,0.8391,-0.5572
d3-010,2,28,Wrist,2243.9350,return,0.0804,0.8366,-0.5564
d3-010,2,28,Wrist,2249.9188,return,0.0804,0.8358,-0.5564
d3-010,2,28,Wrist,2255.9033,return,0.0804,0.8349,-0.5564
d3-010,2,28,Wrist,2261.8865,return,0.0796,0.8353,-0.5573
d3-010,2,28,Wrist,2267.8708,return,0.0796,0.8347,-0.5573
d3-010,2,28,Wrist,2273.8550,return,0.0803,0.8320,-0.5565
d3-010,2,28,Wrist,2279.8387,return,0.0818,0.8301,-0.5581
d3-010,2,28,Wrist,2285.8229,return,0.0790,0.8324,-0.5576
d3-010,2,28,Wrist,2291.8068,return,0.0792,0.8318,-0.5576
d3-010,2,28,Wrist,2297.3575,return,0.0798,0.8298,-0.5569
d3-010,2,28,Wrist,2303.3301,return,0.0796,0.8295,-0.5570
d3-010,2,28,Wrist,2309.3147,return,0.0789,0.8301,-0.5576
d3-010,2,28,Wrist,2315.2982,return,0.0785,0.8300,-0.5578
d3-010,2,28,Wrist,2321.2824,return,0.0786,0.8296,-0.5577
d3-010,2,28,Wrist,2327.2662,return,0.0788,0.8275,-0.5570
d3-010,2,28,Wrist,2333.2506,return,0.0787,0.8273,-0.5570
d3-010,2,28,Wrist,2339.2341,return,0.0776,0.8287,-0.5578
d3-010,2,28,Wrist,2345.2184,return,0.0775,0.8285,-0.5578
d3-010,2,28,Wrist,2351.2028,return,0.0778,0.8266,-0.5572
d3-010,2,28,Wrist,2356.7437,return,0.0776,0.8266,-0.5573
d3-010,2,28,Wrist,2362.7203,return,0.0791,0.8249,-0.5584
d3-010,2,28,Wrist,2368.7039,return,0.0763,0.8279,-0.5581
d3-010,2,28,Wrist,2374.6882,return,0.0761,0.8276,-0.5580
d3-010,2,28,Wrist,2380.6720,return,0.0762,0.8275,-0.5602
d3-010,2,28,Wrist,2386.6563,return,0.0760,0.8274,-0.5602
d3-010,2,28,Wrist,2392.6395,return,0.0749,0.8271,-0.5581
d3-010,2,28,Wrist,2398.6243,return,0.0747,0.8269,-0.5580
d3-010,2,28,Wrist,2404.6080,return,0.0773,0.8254,-0.5581
d3-010,2,28,Wrist,2410.5922,return,0.0772,0.8251,-0.5581
d3-010,2,28,Wrist,2416.5759,return,0.0747,0.8255,-0.5572
d3-010,2,28,Wrist,2422.5600,return,0.0738,0.8260,-0.5576
d3-010,2,28,Wrist,2428.5436,return,0.0746,0.8253,-0.5573
d3-010,2,28,Wrist,2434.5279,return,0.0748,0.8261,-0.5597
d3-010,2,28,Wrist,2440.5120,return,0.0745,0.8266,-0.5600
d3-010,2,28,Wrist,2446.4958,return,0.0735,0.8258,-0.5580
d3-010,2,28,Wrist,2452.4796,return,0.0736,0.8257,-0.5580
d3-010,2,28,Wrist,2457.7606,return,0.0747,0.8247,-0.5577
d3-010,2,28,Wrist,2463.7445,return,0.0748,0.8247,-0.5577
d3-010,2,28,Wrist,2469.7285,return,0.0736,0.8258,-0.5581
d3-010,2,28,Wrist,2475.7127,return,0.0736,0.8257,-0.5580
d3-010,2,28,Wrist,2481.5886,return,0.0748,0.8265,-0.5602
d3-010,2,28,Wrist,2487.5735,return,0.0750,0.8261,-0.5603
d3-010,2,28,Wrist,2493.5563,return,0.0747,0.8250,-0.5576
d3-010,2,28,Wrist,2499.0929,return,0.0739,0.8256,-0.5579
d3-010,2,28,Wrist,2505.0758,return,0.0749,0.8249,-0.5575
d3-010,2,28,Wrist,2511.0608,return,0.0772,0.8252,-0.5595
d3-010,2,28,Wrist,2517.0443,return,0.0772,0.8252,-0.5595
d3-010,2,28,Wrist,2523.0285,return,0.0742,0.8254,-0.5579
d3-010,2,28,Wrist,2529.0123,return,0.0742,0.8254,-0.5579
d3-010,2,28,Wrist,2534.2828,return,0.0773,0.8249,-0.5596
d3-010,2,28,Wrist,2539.5905,return,0.0772,0.8251,-0.5596
d3-010,2,28,Wrist,2545.5742,return,0.0773,0.8249,-0.5596
d3-010,2,28,Wrist,2551.5583,return,0.0762,0.8263,-0.5599
d3-010,2,28,Wrist,2557.5418,return,0.0743,0.8252,-0.5580
d3-010,2,28,Wrist,2563.5257,return,0.0749,0.8237,-0.5578
d3-010,2,28,Wrist,2569.5101,return,0.0749,0.8237,-0.5578
d3-010,2,28,Wrist,2575.4943,return,0.0746,0.8240,-0.5579
d3-010,2,28,Wrist,2581.4782,return,0.0737,0.8247,-0.5582
d3-010,2,28,Wrist,2587.4625,return,0.0740,0.8244,-0.5580
d3-010,2,28,Wrist,2593.4461,return,0.0743,0.8235,-0.5581
d3-010,2,28,Wrist,2599.7167,return,0.0741,0.8236,-0.5582
d3-010,2,28,Wrist,2605.6897,return,0.0729,0.8246,-0.5586
d3-010,2,28,Wrist,2611.6737,return,0.0731,0.8245,-0.5585
d3-010,2,28,Wrist,2617.6572,return,0.0737,0.8231,-0.5584
d3-010,2,28,Wrist,2623.6413,return,0.0738,0.8232,-0.5584
d3-010,2,28,Wrist,2629.6251,return,0.0729,0.8240,-0.5587
d3-010,2,28,Wrist,2635.1180,return,0.0727,0.8241,-0.5588
d3-010,2,28,Wrist,2640.6104,return,0.0752,0.8215,-0.5594
d3-010,2,28,Wrist,2646.1134,return,0.0764,0.8212,-0.5595
d3-010,2,28,Wrist,2652.0871,return,0.0725,0.8268,-0.5618
d3-010,2,28,Wrist,2658.0712,return,0.0729,0.8233,-0.5589
d3-010,2,28,Wrist,2664.0552,return,0.0733,0.8233,-0.5589
d3-010,2,28,Wrist,2670.0389,return,0.0737,0.8196,-0.5568
d3-010,2,28,Wrist,2676.0236,return,0.0728,0.8224,-0.5592
d3-010,2,28,Wrist,2682.0068,return,0.0720,0.8230,-0.5593
d3-010,2,28,Wrist,2687.9909,return,0.0723,0.8233,-0.5594
d3-010,2,28,Wrist,2693.9751,return,0.0727,0.8217,-0.5594
d3-010,2,28,Wrist,2700.3245,return,0.0726,0.8218,-0.5594
d3-010,2,28,Wrist,2706.5550,return,0.0728,0.8217,-0.5595
d3-010,2,28,Wrist,2712.5227,return,0.0721,0.8227,-0.5597
d3-010,2,28,Wrist,2718.5066,return,0.0727,0.8217,-0.5596
d3-010,2,28,Wrist,2724.4907,return,0.0728,0.8209,-0.5595
d3-010,2,28,Wrist,2730.4748,return,0.0729,0.8213,-0.5598
d3-010,2,28,Wrist,2736.3754,return,0.0731,0.8217,-0.5598
d3-010,2,28,Wrist,2742.3596,return,0.0733,0.8207,-0.5598
d3-010,2,28,Wrist,2748.3465,return,0.0730,0.8197,-0.5597
d3-010,2,28,Wrist,2754.3318,return,0.0730,0.8196,-0.5597
d3-010,2,28,Wrist,2760.3144,return,0.0735,0.8209,-0.5608
d3-010,2,28,Wrist,2766.2990,return,0.0737,0.8210,-0.5611
d3-010,2,28,Wrist,2772.2825,return,0.0739,0.8210,-0.5614
d3-010,2,28,Wrist,2778.2664,return,0.0742,0.8201,-0.5621
d3-010,2,28,Wrist,2784.2500,return,0.0749,0.8222,-0.5636
d3-010,2,28,Wrist,2790.2344,return,0.0754,0.8229,-0.5646
d3-010,2,28,Wrist,2796.2184,return,0.0759,0.8236,-0.5655
d3-010,2,28,Wrist,2802.0908,return,0.0761,0.8235,-0.5676
d3-010,2,28,Wrist,2808.0747,return,0.0765,0.8244,-0.5687
d3-010,2,28,Wrist,2814.0587,return,0.0780,0.8279,-0.5716
d3-010,2,28,Wrist,2820.0430,return,0.0786,0.8291,-0.5731
d3-010,2,28,Wrist,2826.0267,return,0.0794,0.8301,-0.5763
d3-010,2,28,Wrist,2832.0110,return,0.0803,0.8315,-0.5780
d3-010,2,28,Wrist,2837.9987,return,0.0812,0.8332,-0.5798
d3-010,2,28,Wrist,2843.3823,return,0.0831,0.8377,-0.5845
d3-010,2,28,Wrist,2849.3664,return,0.0841,0.8393,-0.5869
d3-010,2,28,Wrist,2855.3506,return,0.0857,0.8411,-0.5919
d3-010,2,28,Wrist,2861.3347,return,0.0869,0.8430,-0.5946
d3-010,2,28,Wrist,2867.3186,return,0.0894,0.8484,-0.6008
d3-010,2,28,Wrist,2873.3025,return,0.0906,0.8504,-0.6039
d3-010,2,28,Wrist,2879.2863,return,0.0942,0.8500,-0.6082
d3-010,2,28,Wrist,2885.2701,return,0.0945,0.8547,-0.6136
d3-010,2,28,Wrist,2891.2542,return,0.0958,0.8570,-0.6167
d3-010,2,28,Wrist,2897.2386,return,0.0967,0.8600,-0.6208
d3-010,2,28,Wrist,2902.7945,return,0.0998,0.8632,-0.6280
d3-010,2,28,Wrist,2908.7789,return,0.1013,0.8639,-0.6313
d3-010,2,28,Wrist,2914.7625,return,0.1044,0.8671,-0.6384
d3-010,2,28,Wrist,2920.7466,return,0.1049,0.8700,-0.6426
d3-010,2,28,Wrist,2926.7305,return,0.1080,0.8728,-0.6503
d3-010,2,28,Wrist,2932.7143,return,0.1104,0.8727,-0.6534
d3-010,2,28,Wrist,2938.6985,return,0.1135,0.8749,-0.6608
d3-010,2,28,Wrist,2944.6829,return,0.1144,0.8766,-0.6644
d3-010,2,28,Wrist,2950.6667,return,0.1180,0.8785,-0.6721
d3-010,2,28,Wrist,2956.2039,return,0.1207,0.8785,-0.6756
d3-010,2,28,Wrist,2962.1903,return,0.1222,0.8788,-0.6790
d3-010,2,28,Wrist,2968.1742,return,0.1260,0.8800,-0.6860
d3-010,2,28,Wrist,2974.1582,return,0.1272,0.8812,-0.6900
d3-010,2,28,Wrist,2980.1424,return,0.1315,0.8817,-0.6971
d3-010,2,28,Wrist,2985.6693,return,0.1341,0.8812,-0.7001
d3-010,2,28,Wrist,2991.6531,return,0.1355,0.8816,-0.7036
d3-010,2,28,Wrist,2997.6434,return,0.1380,0.8814,-0.7065
d3-010,2,28,Wrist,3003.6269,return,0.1409,0.8821,-0.7134
d3-010,2,28,Wrist,3009.6117,return,0.1457,0.8814,-0.7194
d3-010,2,28,Wrist,3015.5952,return,0.1481,0.8809,-0.7222
d3-010,2,28,Wrist,3021.5798,return,0.1496,0.8808,-0.7254
d3-010,2,28,Wrist,3027.5633,return,0.1532,0.8810,-0.7314
d3-010,2,28,Wrist,3033.5473,return,0.1553,0.8806,-0.7346
d3-010,2,28,Wrist,3038.5339,return,0.1602,0.8793,-0.7402
d3-010,2,28,Wrist,3043.5669,return,0.1627,0.8788,-0.7429
d3-010,2,28,Wrist,3049.5506,return,0.1647,0.8786,-0.7458
d3-010,2,28,Wrist,3055.5351,return,0.1687,0.8784,-0.7517
d3-010,2,28,Wrist,3061.5190,return,0.1709,0.8780,-0.7543
d3-010,2,28,Wrist,3067.5026,return,0.1762,0.8763,-0.7594
d3-010,2,28,Wrist,3073.4866,return,0.1780,0.8760,-0.7624
d3-010,2,28,Wrist,3079.4703,return,0.1802,0.8763,-0.7646
d3-010,2,28,Wrist,3085.4541,return,0.1846,0.8757,-0.7699
d3-010,2,28,Wrist,3091.4385,return,0.1872,0.8745,-0.7724
d3-010,2,28,Wrist,3097.4229,return,0.1916,0.8737,-0.7771
d3-010,2,28,Wrist,3103.0093,return,0.1932,0.8740,-0.7793
d3-010,2,28,Wrist,3108.9941,return,0.1953,0.8739,-0.7819
d3-010,2,28,Wrist,3114.9770,return,0.2003,0.8728,-0.7863
d3-010,2,28,Wrist,3120.9620,return,0.2022,0.8719,-0.7887
d3-010,2,28,Wrist,3126.9458,return,0.2061,0.8718,-0.7925
d3-010,2,28,Wrist,3132.9299,return,0.2076,0.8719,-0.7949
d3-010,2,28,Wrist,3138.9136,return,0.2119,0.8709,-0.7990
d3-010,2,28,Wrist,3144.8976,return,0.2143,0.8698,-0.8009
d3-010,2,28,Wrist,3150.8843,return,0.2157,0.8695,-0.8027
d3-010,2,28,Wrist,3156.8685,return,0.2192,0.8693,-0.8065
d3-010,2,28,Wrist,3162.8521,return,0.2206,0.8690,-0.8083
d3-010,2,28,Wrist,3168.8365,return,0.2248,0.8670,-0.8116
d3-010,2,28,Wrist,3174.8209,return,0.2261,0.8666,-0.8135
d3-010,2,28,Wrist,3180.8043,return,0.2290,0.8663,-0.8163
d3-010,2,28,Wrist,3186.7890,return,0.2304,0.8659,-0.8179
d3-010,2,28,Wrist,3192.7724,return,0.2342,0.8640,-0.8209
d3-010,2,28,Wrist,3198.7568,return,0.2354,0.8633,-0.8222
d3-010,2,28,Wrist,3203.9775,return,0.2367,0.8627,-0.8239
d3-010,2,28,Wrist,3209.9616,return,0.2379,0.8625,-0.8252
d3-010,2,28,Wrist,3215.9456,return,0.2399,0.8617,-0.8281
d3-010,2,28,Wrist,3221.9296,return,0.2416,0.8606,-0.8294
d3-010,2,28,Wrist,3227.9134,return,0.2439,0.8585,-0.8321
d3-010,2,28,Wrist,3232.9391,return,0.2449,0.8581,-0.8331
d3-010,2,28,Wrist,3238.9227,return,0.2465,0.8574,-0.8357
d3-010,2,28,Wrist,3243.9605,return,0.2476,0.8566,-0.8369
d3-010,2,28,Wrist,3249.9469,return,0.2494,0.8552,-0.8379
d3-010,2,28,Wrist,3255.9306,return,0.2509,0.8540,-0.8403
d3-010,2,28,Wrist,3261.9149,return,0.2514,0.8536,-0.8414
d3-010,2,28,Wrist,3267.8990,return,0.2529,0.8523,-0.8438
d3-010,2,28,Wrist,3273.8830,return,0.2540,0.8510,-0.8451
d3-010,2,28,Wrist,3279.8668,return,0.2559,0.8494,-0.8475
d3-010,2,28,Wrist,3285.8517,return,0.2569,0.8489,-0.8486
d3-010,2,28,Wrist,3291.8351,return,0.2573,0.8485,-0.8499
d3-010,2,28,Wrist,3297.8195,return,0.2590,0.8469,-0.8522
d3-010,2,28,Wrist,3303.3119,return,0.2603,0.8453,-0.8534
d3-010,2,28,Wrist,3309.2964,return,0.2606,0.8447,-0.8546
d3-010,2,28,Wrist,3315.2800,returned,0.2621,0.8438,-0.8566
d3-010,2,28,Wrist,3321.2644,returned,0.2627,0.8430,-0.8578
d3-010,2,28,Wrist,3327.2482,returned,0.2650,0.8410,-0.8595
d3-010,2,28,Wrist,3333.2321,returned,0.2655,0.8402,-0.8605
d3-010,2,28,Wrist,3339.2161,returned,0.2663,0.8393,-0.8623
d3-010,2,28,Wrist,3344.8663,returned,0.2668,0.8386,-0.8632
d3-010,2,28,Wrist,3350.3848,returned,0.2674,0.8380,-0.8642
d3-010,2,28,Wrist,3356.3689,returned,0.2694,0.8362,-0.8656
d3-010,2,28,Wrist,3361.5743,returned,0.2698,0.8357,-0.8665
d3-010,2,28,Wrist,3367.5576,returned,0.2700,0.8349,-0.8682
d3-010,2,28,Wrist,3372.5445,returned,0.2705,0.8345,-0.8690
d3-010,2,28,Wrist,3378.5286,returned,0.2714,0.8339,-0.8696
d3-010,2,28,Wrist,3384.5125,returned,0.2727,0.8325,-0.8708
d3-010,2,28,Wrist,3390.4966,returned,0.2732,0.8323,-0.8717
d3-010,2,28,Wrist,3396.4806,returned,0.2757,0.8330,-0.8760
d3-010,2,28,Wrist,3402.4646,returned,0.2760,0.8326,-0.8768
d3-010,2,28,Wrist,3408.4484,returned,0.2770,0.8318,-0.8776
d3-010,2,28,Wrist,3414.4322,returned,0.2777,0.8312,-0.8791
d3-010,2,28,Wrist,3420.4166,returned,0.2773,0.8313,-0.8797
d3-010,2,28,Wrist,3426.4008,returned,0.2774,0.8310,-0.8813
d3-010,2,28,Wrist,3432.3848,returned,0.2779,0.8304,-0.8819
d3-010,2,28,Wrist,3438.3693,returned,0.2786,0.8298,-0.8829
d3-010,2,28,Wrist,3444.3528,returned,0.2787,0.8298,-0.8835
d3-010,2,28,Wrist,3450.3366,returned,0.2779,0.8301,-0.8841
d3-010,2,28,Wrist,3456.3209,returned,0.2782,0.8297,-0.8851
d3-010,2,28,Wrist,3462.3048,returned,0.2791,0.8290,-0.8854
d3-010,2,28,Wrist,3468.2887,returned,0.2789,0.8286,-0.8865
d3-010,2,28,Wrist,3474.2730,returned,0.2786,0.8287,-0.8868
d3-010,2,28,Wrist,3480.2565,returned,0.2786,0.8286,-0.8872
d3-010,2,28,Wrist,3486.2410,returned,0.2795,0.8276,-0.8880
d3-010,2,28,Wrist,3492.2248,returned,0.2797,0.8271,-0.8884
d3-010,2,28,Wrist,3498.2086,returned,0.2795,0.8270,-0.8887
d3-010,2,28,Wrist,3504.1927,returned,0.2795,0.8270,-0.8887
d3-010,2,28,Wrist,3510.1765,returned,0.2800,0.8261,-0.8895
d3-010,2,28,Wrist,3516.1606,returned,0.2804,0.8255,-0.8897
d3-010,2,28,Wrist,3522.1451,returned,0.2807,0.8250,-0.8899
d3-010,2,28,Wrist,3528.1286,returned,0.2803,0.8250,-0.8905
d3-010,2,28,Wrist,3534.1139,returned,0.2807,0.8242,-0.8909
d3-010,2,28,Wrist,3539.6056,returned,0.2818,0.8234,-0.8911
d3-010,2,28,Wrist,3545.5895,returned,0.2820,0.8232,-0.8912
d3-010,2,28,Wrist,3551.5737,returned,0.2816,0.8228,-0.8916
d3-010,2,28,Wrist,3557.2056,returned,0.2817,0.8225,-0.8918
d3-010,2,28,Wrist,3563.1862,returned,0.2831,0.8215,-0.8920
d3-010,2,28,Wrist,3569.1700,returned,0.2835,0.8211,-0.8923
d3-010,2,28,Wrist,3575.1544,returned,0.2837,0.8209,-0.8924
d3-010,2,28,Wrist,3581.1383,returned,0.2829,0.8208,-0.8923
d3-010,2,28,Wrist,3587.1227,returned,0.2831,0.8206,-0.8923
d3-010,2,28,Wrist,3593.1065,returned,0.2843,0.8197,-0.8923
d3-010,2,28,Wrist,3599.0905,returned,0.2843,0.8196,-0.8923
d3-010,2,28,Wrist,3605.0744,returned,0.2844,0.8194,-0.8923
d3-010,2,28,Wrist,3611.0585,returned,0.2834,0.8193,-0.8923
d3-010,2,28,Wrist,3617.0424,returned,0.2834,0.8191,-0.8923
d3-010,2,28,Wrist,3623.0266,returned,0.2846,0.8184,-0.8923
d3-010,2,28,Wrist,3629.0103,returned,0.2846,0.8183,-0.8924
d3-010,2,28,Wrist,3634.9944,returned,0.2835,0.8188,-0.8925
d3-010,2,28,Wrist,3640.9186,returned,0.2835,0.8188,-0.8925
d3-010,2,28,Wrist,3646.4859,returned,0.2845,0.8185,-0.8925
d3-010,2,28,Wrist,3652.4654,returned,0.2847,0.8183,-0.8927
d3-010,2,28,Wrist,3657.5842,returned,0.2846,0.8184,-0.8927
d3-010,2,28,Wrist,3663.5617,returned,0.2840,0.8186,-0.8930
d3-010,2,28,Wrist,3669.5454,returned,0.2840,0.8186,-0.8930
d3-010,2,28,Wrist,3675.5299,returned,0.2840,0.8186,-0.8930
d3-010,2,28,Wrist,3681.5139,returned,0.2839,0.8186,-0.8930
d3-010,2,28,Wrist,3687.4979,returned,0.2833,0.8189,-0.8925
d3-010,2,28,Wrist,3693.4816,returned,0.2832,0.8189,-0.8924
d3-010,2,28,Wrist,3699.4659,returned,0.2840,0.8188,-0.8922
d3-010,2,28,Wrist,3705.4499,returned,0.2840,0.8189,-0.8921
d3-010,2,28,Wrist,3711.4337,returned,0.2830,0.8190,-0.8921
d3-010,2,28,Wrist,3717.4178,returned,0.2829,0.8191,-0.8920
d3-010,2,28,Wrist,3723.4019,returned,0.2834,0.8191,-0.8917
d3-010,2,28,Wrist,3728.8942,returned,0.2837,0.8190,-0.8916
d3-010,2,28,Wrist,3734.8782,returned,0.2831,0.8192,-0.8915
d3-010,2,28,Wrist,3740.3819,returned,0.2825,0.8193,-0.8915
d3-010,2,28,Wrist,3746.3577,returned,0.2824,0.8194,-0.8914
d3-010,2,28,Wrist,3752.3419,returned,0.2831,0.8192,-0.8910
d3-010,2,28,Wrist,3758.3255,returned,0.2830,0.8192,-0.8909
d3-010,2,28,Wrist,3764.3099,returned,0.2818,0.8196,-0.8908
d3-010,2,28,Wrist,3770.2940,returned,0.2817,0.8197,-0.8907
d3-010,2,28,Wrist,3776.2776,returned,0.2816,0.8197,-0.8906
d3-010,2,28,Wrist,3782.2618,returned,0.2824,0.8194,-0.8903
d3-010,2,28,Wrist,3788.2459,returned,0.2823,0.8194,-0.8902
d3-010,2,28,Wrist,3794.2298,returned,0.2811,0.8198,-0.8899
d3-010,2,28,Wrist,3800.2139,returned,0.2810,0.8198,-0.8897
d3-010,2,28,Wrist,3806.1979,returned,0.2818,0.8194,-0.8894
d3-010,2,28,Wrist,3813.1786,returned,0.2810,0.8196,-0.8890
d3-010,2,28,Wrist,3819.1630,returned,0.2805,0.8198,-0.8888
d3-010,2,28,Index,0.9976,startbuffer,0.1914,0.7566,-0.8083
d3-010,2,28,Index,6.9811,startbuffer,0.1871,0.7592,-0.8024
d3-010,2,28,Index,12.9661,startbuffer,0.1899,0.7580,-0.8018
d3-010,2,28,Index,18.9497,startbuffer,0.1890,0.7583,-0.8015
d3-010,2,28,Index,24.9333,startbuffer,0.1869,0.7600,-0.8022
d3-010,2,28,Index,30.9174,startbuffer,0.1867,0.7602,-0.8024
d3-010,2,28,Index,36.9015,startbuffer,0.1891,0.7584,-0.8016
d3-010,2,28,Index,42.8058,startbuffer,0.1889,0.7585,-0.8015
d3-010,2,28,Index,48.7899,startbuffer,0.1874,0.7600,-0.8019
d3-010,2,28,Index,54.7743,startbuffer,0.1872,0.7612,-0.8024
d3-010,2,28,Index,60.7584,startbuffer,0.1872,0.7614,-0.8024
d3-010,2,28,Index,66.7421,begin,0.1872,0.7614,-0.8025
d3-010,2,28,Index,72.7257,begin,0.1874,0.7613,-0.8022
d3-010,2,28,Index,78.7100,begin,0.1890,0.7591,-0.8019
d3-010,2,28,Index,84.6939,begin,0.1890,0.7593,-0.8019
d3-010,2,28,Index,90.6781,begin,0.1889,0.7593,-0.8017
d3-010,2,28,Index,96.6620,begin,0.1888,0.7593,-0.8017
d3-010,2,28,Index,102.6462,begin,0.1875,0.7617,-0.8023
d3-010,2,28,Index,108.6299,begin,0.1874,0.7619,-0.8026
d3-010,2,28,Index,114.6140,begin,0.1889,0.7596,-0.8021
d3-010,2,28,Index,120.5987,begin,0.1888,0.7595,-0.8018
d3-010,2,28,Index,126.5820,begin,0.1887,0.7596,-0.8018
d3-010,2,28,Index,132.5663,begin,0.1873,0.7620,-0.8027
d3-010,2,28,Index,138.5499,begin,0.1877,0.7604,-0.8023
d3-010,2,28,Index,144.5346,begin,0.1885,0.7596,-0.8021
d3-010,2,28,Index,150.5178,begin,0.1885,0.7596,-0.8021
d3-010,2,28,Index,156.5023,begin,0.1862,0.7607,-0.8031
d3-010,2,28,Index,162.4861,begin,0.1862,0.7607,-0.8031
d3-010,2,28,Index,168.4700,begin,0.1881,0.7598,-0.8027
d3-010,2,28,Index,174.4540,begin,0.1879,0.7597,-0.8024
d3-010,2,28,Index,180.4377,begin,0.1868,0.7618,-0.8032
d3-010,2,28,Index,186.4222,begin,0.1868,0.7618,-0.8032
d3-010,2,28,Index,191.4356,begin,0.1868,0.7618,-0.8032
d3-010,2,28,Index,197.4199,begin,0.1879,0.7595,-0.8030
d3-010,2,28,Index,203.4036,begin,0.1878,0.7595,-0.8031
d3-010,2,28,Index,209.3879,begin,0.1866,0.7615,-0.8031
d3-010,2,28,Index,215.3716,begin,0.1866,0.7617,-0.8035
d3-010,2,28,Index,221.3561,begin,0.1867,0.7598,-0.8033
d3-010,2,28,Index,227.6659,begin,0.1873,0.7595,-0.8034
d3-010,2,28,Index,233.6410,begin,0.1859,0.7601,-0.8033
d3-010,2,28,Index,239.6248,begin,0.1860,0.7610,-0.8039
d3-010,2,28,Index,245.6091,begin,0.1863,0.7602,-0.8038
d3-010,2,28,Index,251.3400,begin,0.1873,0.7593,-0.8037
d3-010,2,28,Index,257.3241,begin,0.1865,0.7596,-0.8037
d3-010,2,28,Index,263.1695,begin,0.1863,0.7602,-0.8042
d3-010,2,28,Index,269.1541,begin,0.1862,0.7600,-0.8042
d3-010,2,28,Index,275.1376,begin,0.1872,0.7591,-0.8041
d3-010,2,28,Index,281.1214,begin,0.1872,0.7592,-0.8042
d3-010,2,28,Index,287.1058,begin,0.1852,0.7602,-0.8043
d3-010,2,28,Index,292.7470,begin,0.1854,0.7603,-0.8046
d3-010,2,28,Index,298.7313,begin,0.1866,0.7593,-0.8041
d3-010,2,28,Index,304.7150,begin,0.1872,0.7592,-0.8044
d3-010,2,28,Index,310.6996,begin,0.1857,0.7602,-0.8047
d3-010,2,28,Index,316.6829,begin,0.1854,0.7604,-0.8048
d3-010,2,28,Index,322.6676,begin,0.1855,0.7604,-0.8049
d3-010,2,28,Index,328.4577,begin,0.1861,0.7609,-0.8051
d3-010,2,28,Index,334.4421,begin,0.1864,0.7603,-0.8050
d3-010,2,28,Index,339.9335,begin,0.1874,0.7595,-0.8049
d3-010,2,28,Index,345.9176,begin,0.1873,0.7594,-0.8049
d3-010,2,28,Index,351.9013,begin,0.1873,0.7594,-0.8050
d3-010,2,28,Index,357.8859,begin,0.1873,0.7594,-0.8051
d3-010,2,28,Index,363.6068,begin,0.1859,0.7606,-0.8055
d3-010,2,28,Index,369.5910,begin,0.1864,0.7612,-0.8055
d3-010,2,28,Index,375.5745,begin,0.1874,0.7595,-0.8053
d3-010,2,28,Index,381.5591,begin,0.1874,0.7595,-0.8053
d3-010,2,28,Index,387.5435,begin,0.1874,0.7595,-0.8053
d3-010,2,28,Index,392.6938,begin,0.1861,0.7609,-0.8057
d3-010,2,28,Index,398.6783,begin,0.1861,0.7609,-0.8058
d3-010,2,28,Index,404.6616,begin,0.1874,0.7596,-0.8055
d3-010,2,28,Index,410.6461,begin,0.1874,0.7596,-0.8055
d3-010,2,28,Index,416.6297,begin,0.1870,0.7603,-0.8056
d3-010,2,28,Index,422.6143,begin,0.1869,0.7606,-0.8058
d3-010,2,28,Index,428.5980,begin,0.1870,0.7606,-0.8058
d3-010,2,28,Index,433.6018,begin,0.1878,0.7605,-0.8058
d3-010,2,28,Index,439.5864,begin,0.1878,0.7606,-0.8059
d3-010,2,28,Index,445.5701,begin,0.1864,0.7610,-0.8062
d3-010,2,28,Index,451.5539,begin,0.1866,0.7609,-0.8062
d3-010,2,28,Index,457.5380,begin,0.1875,0.7595,-0.8059
d3-010,2,28,Index,463.5219,begin,0.1876,0.7595,-0.8059
d3-010,2,28,Index,469.5060,begin,0.1869,0.7606,-0.8062
d3-010,2,28,Index,475.4901,begin,0.1861,0.7612,-0.8065
d3-010,2,28,Index,481.3648,begin,0.1874,0.7595,-0.8062
d3-010,2,28,Index,487.3497,begin,0.1878,0.7591,-0.8063
d3-010,2,28,Index,492.9184,begin,0.1873,0.7591,-0.8063
d3-010,2,28,Index,498.9054,begin,0.1858,0.7601,-0.8067
d3-010,2,28,Index,504.8890,begin,0.1870,0.7593,-0.8064
d3-010,2,28,Index,510.8734,begin,0.1878,0.7591,-0.8063
d3-010,2,28,Index,516.8572,begin,0.1878,0.7591,-0.8063
d3-010,2,28,Index,522.8412,begin,0.1862,0.7609,-0.8068
d3-010,2,28,Index,528.8287,begin,0.1866,0.7602,-0.8068
d3-010,2,28,Index,539.5544,begin,0.1862,0.7602,-0.8067
d3-010,2,28,Index,545.5290,begin,0.1862,0.7602,-0.8067
d3-010,2,28,Index,551.5129,begin,0.1871,0.7612,-0.8065
d3-010,2,28,Index,557.4971,begin,0.1875,0.7620,-0.8064
d3-010,2,28,Index,563.4811,begin,0.1872,0.7601,-0.8061
d3-010,2,28,Index,569.4649,begin,0.1873,0.7603,-0.8062
d3-010,2,28,Index,575.4493,begin,0.1871,0.7614,-0.8061
d3-010,2,28,Index,581.4327,begin,0.1872,0.7630,-0.8062
d3-010,2,28,Index,587.4173,begin,0.1871,0.7632,-0.8061
d3-010,2,28,Index,593.4010,begin,0.1869,0.7636,-0.8061
d3-010,2,28,Index,599.3852,begin,0.1861,0.7644,-0.8058
d3-010,2,28,Index,605.3692,begin,0.1862,0.7643,-0.8057
d3-010,2,28,Index,611.3528,begin,0.1857,0.7654,-0.8055
d3-010,2,28,Index,617.3368,begin,0.1855,0.7659,-0.8053
d3-010,2,28,Index,623.3208,begin,0.1843,0.7682,-0.8051
d3-010,2,28,Index,628.4193,begin,0.1843,0.7682,-0.8051
d3-010,2,28,Index,634.4036,begin,0.1835,0.7724,-0.8043
d3-010,2,28,Index,640.3516,begin,0.1837,0.7728,-0.8038
d3-010,2,28,Index,646.3352,begin,0.1828,0.7740,-0.8034
d3-010,2,28,Index,652.3193,begin,0.1821,0.7766,-0.8021
d3-010,2,28,Index,658.3032,begin,0.1817,0.7783,-0.8016
d3-010,2,28,Index,664.2873,begin,0.1807,0.7808,-0.7994
d3-010,2,28,Index,670.2712,begin,0.1803,0.7820,-0.7981
d3-010,2,28,Index,676.2555,begin,0.1794,0.7848,-0.7955
d3-010,2,28,Index,682.2396,begin,0.1794,0.7848,-0.7955
d3-010,2,28,Index,688.2232,begin,0.1780,0.7901,-0.7896
d3-010,2,28,Index,694.2079,begin,0.1773,0.7917,-0.7873
d3-010,2,28,Index,700.1911,begin,0.1770,0.7939,-0.7848
d3-010,2,28,Index,706.1759,begin,0.1762,0.7981,-0.7793
d3-010,2,28,Index,712.1593,out,0.1758,0.8001,-0.7762
d3-010,2,28,Index,718.1434,out,0.1756,0.8042,-0.7696
d3-010,2,28,Index,724.1270,out,0.1754,0.8062,-0.7664
d3-010,2,28,Index,729.7642,out,0.1756,0.8103,-0.7593
d3-010,2,28,Index,735.2561,out,0.1758,0.8124,-0.7556
d3-010,2,28,Index,740.8010,out,0.1758,0.8143,-0.7518
d3-010,2,28,Index,746.7850,out,0.1763,0.8180,-0.7445
d3-010,2,28,Index,752.7689,out,0.1768,0.8201,-0.7408
d3-010,2,28,Index,758.7530,out,0.1769,0.8216,-0.7373
d3-010,2,28,Index,764.3603,out,0.1781,0.8252,-0.7298
d3-010,2,28,Index,770.3446,out,0.1784,0.8270,-0.7261
d3-010,2,28,Index,776.3285,out,0.1791,0.8296,-0.7192
d3-010,2,28,Index,782.3126,out,0.1797,0.8311,-0.7158
d3-010,2,28,Index,788.2965,out,0.1801,0.8334,-0.7090
d3-010,2,28,Index,795.2781,out,0.1799,0.8345,-0.7057
d3-010,2,28,Index,801.2620,out,0.1792,0.8363,-0.6993
d3-010,2,28,Index,807.2458,out,0.1792,0.8363,-0.6993
d3-010,2,28,Index,813.2300,out,0.1769,0.8387,-0.6896
d3-010,2,28,Index,819.2140,out,0.1759,0.8395,-0.6864
d3-010,2,28,Index,825.1978,out,0.1748,0.8402,-0.6831
d3-010,2,28,Index,830.8204,out,0.1723,0.8414,-0.6771
d3-010,2,28,Index,836.8042,out,0.1711,0.8420,-0.6739
d3-010,2,28,Index,842.5356,out,0.1685,0.8433,-0.6675
d3-010,2,28,Index,848.5197,out,0.1671,0.8439,-0.6644
d3-010,2,28,Index,854.5036,out,0.1656,0.8445,-0.6613
d3-010,2,28,Index,860.4881,out,0.1632,0.8455,-0.6551
d3-010,2,28,Index,866.4717,out,0.1617,0.8460,-0.6522
d3-010,2,28,Index,872.4560,out,0.1591,0.8467,-0.6461
d3-010,2,28,Index,878.4399,out,0.1576,0.8470,-0.6430
d3-010,2,28,Index,884.4239,out,0.1563,0.8475,-0.6398
d3-010,2,28,Index,890.4076,out,0.1535,0.8481,-0.6338
d3-010,2,28,Index,896.3914,out,0.1502,0.8489,-0.6276
d3-010,2,28,Index,902.3755,out,0.1488,0.8492,-0.6247
d3-010,2,28,Index,908.3592,out,0.1472,0.8496,-0.6217
d3-010,2,28,Index,914.3432,out,0.1444,0.8502,-0.6159
d3-010,2,28,Index,920.3277,out,0.1427,0.8506,-0.6126
d3-010,2,28,Index,926.3120,out,0.1402,0.8512,-0.6067
d3-010,2,28,Index,932.2643,out,0.1389,0.8513,-0.6042
d3-010,2,28,Index,938.2489,out,0.1364,0.8515,-0.5984
d3-010,2,28,Index,944.2328,out,0.1353,0.8518,-0.5953
d3-010,2,28,Index,950.2172,out,0.1337,0.8516,-0.5924
d3-010,2,28,Index,956.2010,out,0.1312,0.8512,-0.5872
d3-010,2,28,Index,962.1846,out,0.1299,0.8511,-0.5844
d3-010,2,28,Index,968.1691,out,0.1287,0.8508,-0.5815
d3-010,2,28,Index,974.1530,out,0.1264,0.8504,-0.5760
d3-010,2,28,Index,980.1401,out,0.1242,0.8497,-0.5706
d3-010,2,28,Index,986.1239,out,0.1226,0.8492,-0.5680
d3-010,2,28,Index,992.1079,out,0.1215,0.8490,-0.5655
d3-010,2,28,Index,998.0922,out,0.1194,0.8484,-0.5605
d3-010,2,28,Index,1004.0763,out,0.1182,0.8481,-0.5580
d3-010,2,28,Index,1010.0600,out,0.1164,0.8474,-0.5535
d3-010,2,28,Index,1016.0441,out,0.1156,0.8470,-0.5512
d3-010,2,28,Index,1022.0277,out,0.1137,0.8463,-0.5465
d3-010,2,28,Index,1028.0117,out,0.1130,0.8459,-0.5444
d3-010,2,28,Index,1033.3882,out,0.1120,0.8453,-0.5423
d3-010,2,28,Index,1039.3719,out,0.1106,0.8441,-0.5383
d3-010,2,28,Index,1045.0796,out,0.1100,0.8434,-0.5365
d3-010,2,28,Index,1051.0637,out,0.1089,0.8418,-0.5325
d3-010,2,28,Index,1057.0479,out,0.1083,0.8410,-0.5307
d3-010,2,28,Index,1063.0318,out,0.1078,0.8400,-0.5292
d3-010,2,28,Index,1069.0158,out,0.1068,0.8384,-0.5257
d3-010,2,28,Index,1074.9997,out,0.1061,0.8373,-0.5238
d3-010,2,28,Index,1080.9840,out,0.1051,0.8351,-0.5204
d3-010,2,28,Index,1086.9679,out,0.1044,0.8337,-0.5189
d3-010,2,28,Index,1092.9516,out,0.1035,0.8311,-0.5160
d3-010,2,28,Index,1098.9362,out,0.1031,0.8298,-0.5147
d3-010,2,28,Index,1104.9197,out,0.1026,0.8270,-0.5120
d3-010,2,28,Index,1110.9039,out,0.1025,0.8257,-0.5111
d3-010,2,28,Index,1116.8881,out,0.1022,0.8243,-0.5098
d3-010,2,28,Index,1122.8719,out,0.1019,0.8215,-0.5079
d3-010,2,28,Index,1128.8554,out,0.1016,0.8202,-0.5073
d3-010,2,28,Index,1134.8398,out,0.1011,0.8177,-0.5056
d3-010,2,28,Index,1140.8235,out,0.1007,0.8164,-0.5047
d3-010,2,28,Index,1146.8076,out,0.0995,0.8140,-0.5031
d3-010,2,28,Index,1152.7916,out,0.0994,0.8130,-0.5023
d3-010,2,28,Index,1158.7483,out,0.0992,0.8120,-0.5015
d3-010,2,28,Index,1164.7322,out,0.0989,0.8099,-0.5008
d3-010,2,28,Index,1170.7166,out,0.0991,0.8092,-0.5007
d3-010,2,28,Index,1176.7009,out,0.0981,0.8065,-0.5000
d3-010,2,28,Index,1182.6842,out,0.0976,0.8053,-0.4993
d3-010,2,28,Index,1188.6684,out,0.0971,0.8042,-0.4988
d3-010,2,28,Index,1194.6525,out,0.0962,0.8023,-0.4981
d3-010,2,28,Index,1200.6362,out,0.0958,0.8014,-0.4975
d3-010,2,28,Index,1206.6204,out,0.0948,0.7997,-0.4963
d3-010,2,28,Index,1212.6037,out,0.0945,0.7990,-0.4958
d3-010,2,28,Index,1218.5885,out,0.0934,0.7975,-0.4950
d3-010,2,28,Index,1224.5721,out,0.0930,0.7969,-0.4945
d3-010,2,28,Index,1229.7001,out,0.0926,0.7963,-0.4941
d3-010,2,28,Index,1235.1905,out,0.0915,0.7950,-0.4926
d3-010,2,28,Index,1241.1747,out,0.0911,0.7944,-0.4921
d3-010,2,28,Index,1247.1588,out,0.0897,0.7931,-0.4912
d3-010,2,28,Index,1253.1425,out,0.0895,0.7925,-0.4906
d3-010,2,28,Index,1259.1266,out,0.0886,0.7909,-0.4893
d3-010,2,28,Index,1265.1117,out,0.0861,0.7892,-0.4906
d3-010,2,28,Index,1271.0951,out,0.0854,0.7882,-0.4903
d3-010,2,28,Index,1277.0793,out,0.0843,0.7866,-0.4896
d3-010,2,28,Index,1283.0628,out,0.0835,0.7859,-0.4893
d3-010,2,28,Index,1289.0474,out,0.0826,0.7840,-0.4883
d3-010,2,28,Index,1295.0310,out,0.0820,0.7831,-0.4879
d3-010,2,28,Index,1301.0153,out,0.0811,0.7812,-0.4874
d3-010,2,28,Index,1306.9989,out,0.0805,0.7801,-0.4871
d3-010,2,28,Index,1312.9829,out,0.0794,0.7793,-0.4866
d3-010,2,28,Index,1318.9670,out,0.0779,0.7776,-0.4861
d3-010,2,28,Index,1324.9514,out,0.0770,0.7765,-0.4859
d3-010,2,28,Index,1330.5571,out,0.0755,0.7745,-0.4854
d3-010,2,28,Index,1339.5333,out,0.0721,0.7721,-0.4851
d3-010,2,28,Index,1351.0674,out,0.0708,0.7706,-0.4851
d3-010,2,28,Index,1357.0519,out,0.0692,0.7684,-0.4853
d3-010,2,28,Index,1362.5449,out,0.0680,0.7677,-0.4854
d3-010,2,28,Index,1368.5287,out,0.0651,0.7669,-0.4856
d3-010,2,28,Index,1374.5131,out,0.0636,0.7656,-0.4855
d3-010,2,28,Index,1380.4973,out,0.0610,0.7639,-0.4859
d3-010,2,28,Index,1386.4807,out,0.0601,0.7633,-0.4860
d3-010,2,28,Index,1392.4649,out,0.0629,0.7595,-0.4869
d3-010,2,28,Index,1398.4488,out,0.0638,0.7596,-0.4877
d3-010,2,28,Index,1404.4333,out,0.0638,0.7597,-0.4882
d3-010,2,28,Index,1410.4167,out,0.0631,0.7596,-0.4892
d3-010,2,28,Index,1416.4006,out,0.0644,0.7618,-0.4901
d3-010,2,28,Index,1422.3858,out,0.0650,0.7627,-0.4912
d3-010,2,28,Index,1428.3686,out,0.0658,0.7625,-0.4917
d3-010,2,28,Index,1434.3529,out,0.0671,0.7626,-0.4929
d3-010,2,28,Index,1440.3369,out,0.0672,0.7629,-0.4934
d3-010,2,28,Index,1446.3210,out,0.0668,0.7634,-0.4940
d3-010,2,28,Index,1452.3051,out,0.0673,0.7634,-0.4946
d3-010,2,28,Index,1458.2890,out,0.0682,0.7627,-0.4947
d3-010,2,28,Index,1464.2729,out,0.0678,0.7630,-0.4950
d3-010,2,28,Index,1470.2572,out,0.0667,0.7650,-0.4955
d3-010,2,28,Index,1476.2410,out,0.0667,0.7653,-0.4957
d3-010,2,28,Index,1482.2251,out,0.0667,0.7637,-0.4954
d3-010,2,28,Index,1488.2092,out,0.0664,0.7657,-0.4963
d3-010,2,28,Index,1494.1930,out,0.0670,0.7672,-0.4968
d3-010,2,28,Index,1499.2927,out,0.0668,0.7677,-0.4968
d3-010,2,28,Index,1505.2772,out,0.0665,0.7683,-0.4969
d3-010,2,28,Index,1511.2607,out,0.0683,0.7694,-0.4968
d3-010,2,28,Index,1517.2448,out,0.0660,0.7707,-0.4974
d3-010,2,28,Index,1523.2290,lift,0.0657,0.7715,-0.4974
d3-010,2,28,Index,1529.2130,lift,0.0677,0.7731,-0.4972
d3-010,2,28,Index,1534.2300,lift,0.0680,0.7743,-0.4975
d3-010,2,28,Index,1540.2137,lift,0.0663,0.7745,-0.4975
d3-010,2,28,Index,1546.1979,lift,0.0678,0.7758,-0.4977
d3-010,2,28,Index,1552.1818,lift,0.0675,0.7778,-0.4976
d3-010,2,28,Index,1558.1661,lift,0.0631,0.7795,-0.4962
d3-010,2,28,Index,1564.1497,lift,0.0631,0.7820,-0.4983
d3-010,2,28,Index,1570.1337,lift,0.0672,0.7812,-0.4974
d3-010,2,28,Index,1576.1175,lift,0.0668,0.7832,-0.4970
d3-010,2,28,Index,1582.1023,lift,0.0667,0.7842,-0.4969
d3-010,2,28,Index,1588.0859,lift,0.0656,0.7864,-0.4971
d3-010,2,28,Index,1594.0698,lift,0.0654,0.7877,-0.4969
d3-010,2,28,Index,1600.0205,lift,0.0652,0.7886,-0.4967
d3-010,2,28,Index,1606.0043,lift,0.0645,0.7909,-0.4962
d3-010,2,28,Index,1611.9887,lift,0.0648,0.7921,-0.4963
d3-010,2,28,Index,1617.9727,lift,0.0646,0.7950,-0.4956
d3-010,2,28,Index,1623.9566,lift,0.0647,0.7963,-0.4954
d3-010,2,28,Index,1629.4785,lift,0.0644,0.7976,-0.4950
d3-010,2,28,Index,1634.9702,lift,0.0640,0.8002,-0.4944
d3-010,2,28,Index,1640.9541,lift,0.0641,0.8015,-0.4941
d3-010,2,28,Index,1646.9380,lift,0.0646,0.8048,-0.4935
d3-010,2,28,Index,1652.9218,lift,0.0659,0.8063,-0.4932
d3-010,2,28,Index,1658.9061,lift,0.0659,0.8078,-0.4929
d3-010,2,28,Index,1664.8899,lift,0.0603,0.8143,-0.4896
d3-010,2,28,Index,1670.8741,lift,0.0661,0.8123,-0.4925
d3-010,2,28,Index,1676.8579,lift,0.0657,0.8146,-0.4916
d3-010,2,28,Index,1682.8422,lift,0.0657,0.8161,-0.4912
d3-010,2,28,Index,1688.8259,lift,0.0646,0.8197,-0.4903
d3-010,2,28,Index,1694.8099,lift,0.0602,0.8242,-0.4874
d3-010,2,28,Index,1700.3438,lift,0.0659,0.8220,-0.4903
d3-010,2,28,Index,1706.3277,lift,0.0661,0.8252,-0.4898
d3-010,2,28,Index,1712.3117,replace,0.0657,0.8266,-0.4895
d3-010,2,28,Index,1718.2957,replace,0.0601,0.8334,-0.4858
d3-010,2,28,Index,1724.2799,replace,0.0660,0.8315,-0.4889
d3-010,2,28,Index,1730.4560,replace,0.0655,0.8344,-0.4886
d3-010,2,28,Index,1736.0966,replace,0.0653,0.8359,-0.4884
d3-010,2,28,Index,1742.0827,replace,0.0651,0.8374,-0.4883
d3-010,2,28,Index,1748.0666,replace,0.0653,0.8409,-0.4883
d3-010,2,28,Index,1754.0509,replace,0.0652,0.8423,-0.4883
d3-010,2,28,Index,1759.5436,replace,0.0647,0.8449,-0.4881
d3-010,2,28,Index,1765.5277,replace,0.0649,0.8467,-0.4882
d3-010,2,28,Index,1771.5117,replace,0.0643,0.8493,-0.4883
d3-010,2,28,Index,1777.4949,replace,0.0638,0.8507,-0.4882
d3-010,2,28,Index,1783.4804,replace,0.0645,0.8519,-0.4885
d3-010,2,28,Index,1789.4635,replace,0.0642,0.8530,-0.4886
d3-010,2,28,Index,1795.4477,replace,0.0642,0.8530,-0.4886
d3-010,2,28,Index,1801.4317,replace,0.0635,0.8572,-0.4888
d3-010,2,28,Index,1807.4160,replace,0.0637,0.8584,-0.4890
d3-010,2,28,Index,1813.3995,replace,0.0629,0.8596,-0.4891
d3-010,2,28,Index,1819.3830,replace,0.0631,0.8606,-0.4894
d3-010,2,28,Index,1825.3675,replace,0.0633,0.8615,-0.4897
d3-010,2,28,Index,1831.3462,replace,0.0631,0.8627,-0.4899
d3-010,2,28,Index,1836.5789,replace,0.0630,0.8631,-0.4899
d3-010,2,28,Index,1841.9204,replace,0.0628,0.8634,-0.4899
d3-010,2,28,Index,1847.9054,replace,0.0622,0.8644,-0.4898
d3-010,2,28,Index,1853.8889,replace,0.0625,0.8646,-0.4902
d3-010,2,28,Index,1859.4344,replace,0.0625,0.8650,-0.4903
d3-010,2,28,Index,1865.4185,replace,0.0626,0.8651,-0.4903
d3-010,2,28,Index,1871.4022,replace,0.0626,0.8652,-0.4903
d3-010,2,28,Index,1877.3861,replace,0.0623,0.8653,-0.4903
d3-010,2,28,Index,1883.3705,replace,0.0623,0.8652,-0.4904
d3-010,2,28,Index,1889.3543,replace,0.0630,0.8648,-0.4908
d3-010,2,28,Index,1895.3385,replace,0.0632,0.8646,-0.4910
d3-010,2,28,Index,1901.3224,replace,0.0628,0.8639,-0.4907
d3-010,2,28,Index,1907.3071,replace,0.0630,0.8636,-0.4908
d3-010,2,28,Index,1913.2903,replace,0.0640,0.8628,-0.4917
d3-010,2,28,Index,1919.2748,replace,0.0643,0.8625,-0.4918
d3-010,2,28,Index,1925.2579,replace,0.0645,0.8621,-0.4920
d3-010,2,28,Index,1931.2427,replace,0.0648,0.8613,-0.4920
d3-010,2,28,Index,1937.0825,replace,0.0651,0.8607,-0.4923
d3-010,2,28,Index,1942.2612,replace,0.0633,0.8595,-0.4919
d3-010,2,28,Index,1948.2453,replace,0.0635,0.8590,-0.4920
d3-010,2,28,Index,1954.2294,replace,0.0657,0.8577,-0.4929
d3-010,2,28,Index,1960.0591,replace,0.0662,0.8568,-0.4929
d3-010,2,28,Index,1966.0427,replace,0.0666,0.8559,-0.4934
d3-010,2,28,Index,1972.0271,replace,0.0646,0.8556,-0.4926
d3-010,2,28,Index,1978.0111,replace,0.0647,0.8543,-0.4927
d3-010,2,28,Index,1983.9949,replace,0.0658,0.8515,-0.4935
d3-010,2,28,Index,1989.9789,replace,0.0656,0.8519,-0.4932
d3-010,2,28,Index,1995.9629,replace,0.0659,0.8506,-0.4933
d3-010,2,28,Index,2001.6984,replace,0.0669,0.8469,-0.4938
d3-010,2,28,Index,2007.6823,replace,0.0665,0.8480,-0.4936
d3-010,2,28,Index,2013.6663,replace,0.0676,0.8438,-0.4943
d3-010,2,28,Index,2019.6508,replace,0.0677,0.8429,-0.4942
d3-010,2,28,Index,2025.6342,replace,0.0698,0.8416,-0.4947
d3-010,2,28,Index,2030.7492,replace,0.0700,0.8405,-0.4948
d3-010,2,28,Index,2036.7261,replace,0.0688,0.8383,-0.4947
d3-010,2,28,Index,2042.0155,replace,0.0689,0.8370,-0.4947
d3-010,2,28,Index,2047.9995,replace,0.0707,0.8358,-0.4949
d3-010,2,28,Index,2053.9839,replace,0.0712,0.8347,-0.4951
d3-010,2,28,Index,2059.9677,replace,0.0700,0.8322,-0.4949
d3-010,2,28,Index,2065.9517,replace,0.0701,0.8321,-0.4948
d3-010,2,28,Index,2070.9384,replace,0.0703,0.8307,-0.4948
d3-010,2,28,Index,2076.9219,replace,0.0705,0.8275,-0.4948
d3-010,2,28,Index,2083.9035,replace,0.0715,0.8250,-0.4950
d3-010,2,28,Index,2089.8876,replace,0.0718,0.8239,-0.4951
d3-010,2,28,Index,2095.8716,replace,0.0716,0.8222,-0.4951
d3-010,2,28,Index,2101.8555,replace,0.0720,0.8193,-0.4950
d3-010,2,28,Index,2107.8395,replace,0.0723,0.8181,-0.4951
d3-010,2,28,Index,2113.8236,replace,0.0730,0.8156,-0.4953
d3-010,2,28,Index,2119.8074,replace,0.0731,0.8143,-0.4954
d3-010,2,28,Index,2125.7914,replace,0.0731,0.8129,-0.4955
d3-010,2,28,Index,2130.8295,replace,0.0736,0.8100,-0.4956
d3-010,2,28,Index,2136.5397,replace,0.0738,0.8088,-0.4957
d3-010,2,28,Index,2142.5132,replace,0.0774,0.8060,-0.4969
d3-010,2,28,Index,2148.4971,replace,0.0714,0.8086,-0.4926
d3-010,2,28,Index,2154.4818,replace,0.0723,0.8003,-0.4938
d3-010,2,28,Index,2160.1587,replace,0.0727,0.7977,-0.4940
d3-010,2,28,Index,2166.1429,replace,0.0783,0.7995,-0.4970
d3-010,2,28,Index,2172.1272,replace,0.0782,0.7977,-0.4972
d3-010,2,28,Index,2178.1113,replace,0.0792,0.7967,-0.4970
d3-010,2,28,Index,2184.0947,return,0.0782,0.7944,-0.4972
d3-010,2,28,Index,2190.0787,return,0.0766,0.7922,-0.4969
d3-010,2,28,Index,2196.0623,return,0.0759,0.7925,-0.4966
d3-010,2,28,Index,2202.0468,return,0.0759,0.7906,-0.4969
d3-010,2,28,Index,2208.0303,return,0.0771,0.7885,-0.4973
d3-010,2,28,Index,2214.0147,return,0.0771,0.7864,-0.4975
d3-010,2,28,Index,2219.9989,return,0.0770,0.7855,-0.4975
d3-010,2,28,Index,2225.9825,return,0.0772,0.7839,-0.4976
d3-010,2,28,Index,2231.9671,return,0.0774,0.7833,-0.4977
d3-010,2,28,Index,2237.9511,return,0.0774,0.7824,-0.4978
d3-010,2,28,Index,2243.9350,return,0.0756,0.7795,-0.4976
d3-010,2,28,Index,2249.9188,return,0.0757,0.7788,-0.4977
d3-010,2,28,Index,2255.9033,return,0.0759,0.7777,-0.4979
d3-010,2,28,Index,2261.8865,return,0.0774,0.7783,-0.4982
d3-010,2,28,Index,2267.8708,return,0.0774,0.7775,-0.4983
d3-010,2,28,Index,2273.8550,return,0.0759,0.7746,-0.4982
d3-010,2,28,Index,2279.8387,return,0.0804,0.7764,-0.4991
d3-010,2,28,Index,2285.8229,return,0.0752,0.7788,-0.4942
d3-010,2,28,Index,2291.8068,return,0.0751,0.7783,-0.4943
d3-010,2,28,Index,2297.3575,return,0.0767,0.7755,-0.4945
d3-010,2,28,Index,2303.3301,return,0.0766,0.7752,-0.4945
d3-010,2,28,Index,2309.3147,return,0.0787,0.7741,-0.4994
d3-010,2,28,Index,2315.2982,return,0.0786,0.7738,-0.4994
d3-010,2,28,Index,2321.2824,return,0.0785,0.7735,-0.4993
d3-010,2,28,Index,2327.2662,return,0.0753,0.7720,-0.4982
d3-010,2,28,Index,2333.2506,return,0.0752,0.7717,-0.4982
d3-010,2,28,Index,2339.2341,return,0.0747,0.7714,-0.4982
d3-010,2,28,Index,2345.2184,return,0.0747,0.7712,-0.4982
d3-010,2,28,Index,2351.2028,return,0.0746,0.7704,-0.4981
d3-010,2,28,Index,2356.7437,return,0.0749,0.7699,-0.4983
d3-010,2,28,Index,2362.7203,return,0.0767,0.7701,-0.4996
d3-010,2,28,Index,2368.7039,return,0.0745,0.7703,-0.4983
d3-010,2,28,Index,2374.6882,return,0.0747,0.7696,-0.4984
d3-010,2,28,Index,2380.6720,return,0.0743,0.7693,-0.4986
d3-010,2,28,Index,2386.6563,return,0.0751,0.7694,-0.4985
d3-010,2,28,Index,2392.6395,return,0.0746,0.7688,-0.4985
d3-010,2,28,Index,2398.6243,return,0.0746,0.7684,-0.4985
d3-010,2,28,Index,2404.6080,return,0.0753,0.7676,-0.4987
d3-010,2,28,Index,2410.5922,return,0.0752,0.7673,-0.4987
d3-010,2,28,Index,2416.5759,return,0.0741,0.7675,-0.4984
d3-010,2,28,Index,2422.5600,return,0.0742,0.7675,-0.4985
d3-010,2,28,Index,2428.5436,return,0.0740,0.7674,-0.4985
d3-010,2,28,Index,2434.5279,return,0.0743,0.7671,-0.4989
d3-010,2,28,Index,2440.5120,return,0.0749,0.7670,-0.4991
d3-010,2,28,Index,2446.4958,return,0.0751,0.7665,-0.4992
d3-010,2,28,Index,2452.4796,return,0.0751,0.7664,-0.4992
d3-010,2,28,Index,2457.7606,return,0.0752,0.7664,-0.4992
d3-010,2,28,Index,2463.7445,return,0.0751,0.7666,-0.4993
d3-010,2,28,Index,2469.7285,return,0.0749,0.7667,-0.4993
d3-010,2,28,Index,2475.7127,return,0.0750,0.7665,-0.4994
d3-010,2,28,Index,2481.5886,return,0.0773,0.7651,-0.5008
d3-010,2,28,Index,2487.5735,return,0.0756,0.7664,-0.4995
d3-010,2,28,Index,2493.5563,return,0.0749,0.7666,-0.4991
d3-010,2,28,Index,2499.0929,return,0.0749,0.7666,-0.4990
d3-010,2,28,Index,2505.0758,return,0.0761,0.7652,-0.4995
d3-010,2,28,Index,2511.0608,return,0.0763,0.7655,-0.4997
d3-010,2,28,Index,2517.0443,return,0.0763,0.7655,-0.4997
d3-010,2,28,Index,2523.0285,return,0.0751,0.7663,-0.4991
d3-010,2,28,Index,2529.0123,return,0.0752,0.7662,-0.4992
d3-010,2,28,Index,2534.2828,return,0.0764,0.7653,-0.4998
d3-010,2,28,Index,2539.5905,return,0.0764,0.7653,-0.4998
d3-010,2,28,Index,2545.5742,return,0.0758,0.7659,-0.4996
d3-010,2,28,Index,2551.5583,return,0.0756,0.7661,-0.4995
d3-010,2,28,Index,2557.5418,return,0.0752,0.7660,-0.4994
d3-010,2,28,Index,2563.5257,return,0.0762,0.7649,-0.4999
d3-010,2,28,Index,2569.5101,return,0.0759,0.7653,-0.4998
d3-010,2,28,Index,2575.4943,return,0.0747,0.7655,-0.4996
d3-010,2,28,Index,2581.4782,return,0.0746,0.7654,-0.4997
d3-010,2,28,Index,2587.4625,return,0.0756,0.7646,-0.5003
d3-010,2,28,Index,2593.4461,return,0.0752,0.7651,-0.5002
d3-010,2,28,Index,2599.7167,return,0.0743,0.7656,-0.4999
d3-010,2,28,Index,2605.6897,return,0.0738,0.7662,-0.4998
d3-010,2,28,Index,2611.6737,return,0.0746,0.7652,-0.5001
d3-010,2,28,Index,2617.6572,return,0.0749,0.7648,-0.5002
d3-010,2,28,Index,2623.6413,return,0.0745,0.7653,-0.5000
d3-010,2,28,Index,2629.6251,return,0.0741,0.7657,-0.4997
d3-010,2,28,Index,2635.1180,return,0.0744,0.7654,-0.4996
d3-010,2,28,Index,2640.6104,return,0.0747,0.7625,-0.5003
d3-010,2,28,Index,2646.1134,return,0.0743,0.7651,-0.4998
d3-010,2,28,Index,2652.0871,return,0.0738,0.7654,-0.4989
d3-010,2,28,Index,2658.0712,return,0.0737,0.7651,-0.4987
d3-010,2,28,Index,2664.0552,return,0.0756,0.7635,-0.4990
d3-010,2,28,Index,2670.0389,return,0.0753,0.7634,-0.4987
d3-010,2,28,Index,2676.0236,return,0.0749,0.7641,-0.4980
d3-010,2,28,Index,2682.0068,return,0.0745,0.7641,-0.4977
d3-010,2,28,Index,2687.9909,return,0.0743,0.7641,-0.4974
d3-010,2,28,Index,2693.9751,return,0.0741,0.7638,-0.4969
d3-010,2,28,Index,2700.3245,return,0.0736,0.7644,-0.4962
d3-010,2,28,Index,2706.5550,return,0.0737,0.7637,-0.4958
d3-010,2,28,Index,2712.5227,return,0.0723,0.7621,-0.4941
d3-010,2,28,Index,2718.5066,return,0.0703,0.7636,-0.4930
d3-010,2,28,Index,2724.4907,return,0.0726,0.7624,-0.4929
d3-010,2,28,Index,2730.4748,return,0.0729,0.7650,-0.4919
d3-010,2,28,Index,2736.3754,return,0.0727,0.7656,-0.4911
d3-010,2,28,Index,2742.3596,return,0.0735,0.7665,-0.4902
d3-010,2,28,Index,2748.3465,return,0.0731,0.7681,-0.4898
d3-010,2,28,Index,2754.3318,return,0.0729,0.7695,-0.4899
d3-010,2,28,Index,2760.3144,return,0.0741,0.7715,-0.4908
d3-010,2,28,Index,2766.2990,return,0.0753,0.7723,-0.4917
d3-010,2,28,Index,2772.2825,return,0.0767,0.7726,-0.4930
d3-010,2,28,Index,2778.2664,return,0.0779,0.7724,-0.4971
d3-010,2,28,Index,2784.2500,return,0.0799,0.7744,-0.4999
d3-010,2,28,Index,2790.2344,return,0.0807,0.7752,-0.5012
d3-010,2,28,Index,2796.2184,return,0.0811,0.7759,-0.5024
d3-010,2,28,Index,2802.0908,return,0.0813,0.7780,-0.5047
d3-010,2,28,Index,2808.0747,return,0.0811,0.7791,-0.5056
d3-010,2,28,Index,2814.0587,return,0.0806,0.7815,-0.5075
d3-010,2,28,Index,2820.0430,return,0.0803,0.7828,-0.5086
d3-010,2,28,Index,2826.0267,return,0.0801,0.7855,-0.5107
d3-010,2,28,Index,2832.0110,return,0.0806,0.7872,-0.5117
d3-010,2,28,Index,2837.9987,return,0.0805,0.7889,-0.5130
d3-010,2,28,Index,2843.3823,return,0.0788,0.7931,-0.5173
d3-010,2,28,Index,2849.3664,return,0.0777,0.7949,-0.5191
d3-010,2,28,Index,2855.3506,return,0.0767,0.7986,-0.5228
d3-010,2,28,Index,2861.3347,return,0.0765,0.8002,-0.5247
d3-010,2,28,Index,2867.3186,return,0.0686,0.8013,-0.5296
d3-010,2,28,Index,2873.3025,return,0.0676,0.8034,-0.5321
d3-010,2,28,Index,2879.2863,return,0.0664,0.8052,-0.5343
d3-010,2,28,Index,2885.2701,return,0.0657,0.8092,-0.5402
d3-010,2,28,Index,2891.2542,return,0.0649,0.8115,-0.5435
d3-010,2,28,Index,2897.2386,return,0.0645,0.8135,-0.5468
d3-010,2,28,Index,2902.7945,return,0.0631,0.8175,-0.5531
d3-010,2,28,Index,2908.7789,return,0.0626,0.8195,-0.5563
d3-010,2,28,Index,2914.7625,return,0.0611,0.8233,-0.5629
d3-010,2,28,Index,2920.7466,return,0.0605,0.8250,-0.5663
d3-010,2,28,Index,2926.7305,return,0.0595,0.8282,-0.5732
d3-010,2,28,Index,2932.7143,return,0.0592,0.8296,-0.5769
d3-010,2,28,Index,2938.6985,return,0.0588,0.8314,-0.5839
d3-010,2,28,Index,2944.6829,return,0.0589,0.8319,-0.5877
d3-010,2,28,Index,2950.6667,return,0.0593,0.8324,-0.5952
d3-010,2,28,Index,2956.2039,return,0.0597,0.8325,-0.5990
d3-010,2,28,Index,2962.1903,return,0.0603,0.8325,-0.6028
d3-010,2,28,Index,2968.1742,return,0.0613,0.8322,-0.6105
d3-010,2,28,Index,2974.1582,return,0.0621,0.8322,-0.6142
d3-010,2,28,Index,2980.1424,return,0.0633,0.8321,-0.6217
d3-010,2,28,Index,2985.6693,return,0.0643,0.8323,-0.6252
d3-010,2,28,Index,2991.6531,return,0.0651,0.8324,-0.6288
d3-010,2,28,Index,2997.6434,return,0.0661,0.8328,-0.6326
d3-010,2,28,Index,3003.6269,return,0.0685,0.8332,-0.6392
d3-010,2,28,Index,3009.6117,return,0.0716,0.8336,-0.6459
d3-010,2,28,Index,3015.5952,return,0.0732,0.8337,-0.6491
d3-010,2,28,Index,3021.5798,return,0.0748,0.8337,-0.6521
d3-010,2,28,Index,3027.5633,return,0.0783,0.8338,-0.6586
d3-010,2,28,Index,3033.5473,return,0.0803,0.8335,-0.6617
d3-010,2,28,Index,3038.5339,return,0.0839,0.8328,-0.6678
d3-010,2,28,Index,3043.5669,return,0.0857,0.8325,-0.6706
d3-010,2,28,Index,3049.5506,return,0.0873,0.8321,-0.6738
d3-010,2,28,Index,3055.5351,return,0.0911,0.8309,-0.6800
d3-010,2,28,Index,3061.5190,return,0.0927,0.8304,-0.6827
d3-010,2,28,Index,3067.5026,return,0.0960,0.8291,-0.6885
d3-010,2,28,Index,3073.4866,return,0.0978,0.8285,-0.6914
d3-010,2,28,Index,3079.4703,return,0.0998,0.8281,-0.6940
d3-010,2,28,Index,3085.4541,return,0.1039,0.8268,-0.6989
d3-010,2,28,Index,3091.4385,return,0.1059,0.8265,-0.7013
d3-010,2,28,Index,3097.4229,return,0.1108,0.8260,-0.7055
d3-010,2,28,Index,3103.0093,return,0.1130,0.8258,-0.7076
d3-010,2,28,Index,3108.9941,return,0.1152,0.8256,-0.7098
d3-010,2,28,Index,3114.9770,return,0.1198,0.8249,-0.7137
d3-010,2,28,Index,3120.9620,return,0.1220,0.8246,-0.7156
d3-010,2,28,Index,3126.9458,return,0.1263,0.8241,-0.7195
d3-010,2,28,Index,3132.9299,return,0.1284,0.8237,-0.7214
d3-010,2,28,Index,3138.9136,return,0.1325,0.8231,-0.7251
d3-010,2,28,Index,3144.8976,return,0.1343,0.8227,-0.7269
d3-010,2,28,Index,3150.8843,return,0.1363,0.8223,-0.7287
d3-010,2,28,Index,3156.8685,return,0.1400,0.8216,-0.7323
d3-010,2,28,Index,3162.8521,return,0.1421,0.8211,-0.7339
d3-010,2,28,Index,3168.8365,return,0.1453,0.8201,-0.7372
d3-010,2,28,Index,3174.8209,return,0.1471,0.8196,-0.7388
d3-010,2,28,Index,3180.8043,return,0.1503,0.8186,-0.7418
d3-010,2,28,Index,3186.7890,return,0.1519,0.8181,-0.7434
d3-010,2,28,Index,3192.7724,return,0.1550,0.8166,-0.7463
d3-010,2,28,Index,3198.7568,return,0.1564,0.8160,-0.7478
d3-010,2,28,Index,3203.9775,return,0.1577,0.8152,-0.7491
d3-010,2,28,Index,3209.9616,return,0.1590,0.8144,-0.7507
d3-010,2,28,Index,3215.9456,return,0.1614,0.8128,-0.7536
d3-010,2,28,Index,3221.9296,return,0.1625,0.8118,-0.7551
d3-010,2,28,Index,3227.9134,return,0.1648,0.8101,-0.7579
d3-010,2,28,Index,3232.9391,return,0.1659,0.8093,-0.7591
d3-010,2,28,Index,3238.9227,return,0.1677,0.8075,-0.7618
d3-010,2,28,Index,3243.9605,return,0.1686,0.8066,-0.7632
d3-010,2,28,Index,3249.9469,return,0.1693,0.8056,-0.7646
d3-010,2,28,Index,3255.9306,return,0.1710,0.8040,-0.7672
d3-010,2,28,Index,3261.9149,return,0.1720,0.8032,-0.7685
d3-010,2,28,Index,3267.8990,return,0.1736,0.8013,-0.7707
d3-010,2,28,Index,3273.8830,return,0.1744,0.8003,-0.7720
d3-010,2,28,Index,3279.8668,return,0.1759,0.7986,-0.7743
d3-010,2,28,Index,3285.8517,return,0.1769,0.7977,-0.7756
d3-010,2,28,Index,3291.8351,return,0.1779,0.7969,-0.7769
d3-010,2,28,Index,3297.8195,return,0.1794,0.7950,-0.7789
d3-010,2,28,Index,3303.3119,return,0.1801,0.7942,-0.7799
d3-010,2,28,Index,3309.2964,return,0.1807,0.7934,-0.7811
d3-010,2,28,Index,3315.2800,returned,0.1818,0.7916,-0.7834
d3-010,2,28,Index,3321.2644,returned,0.1824,0.7910,-0.7844
d3-010,2,28,Index,3327.2482,returned,0.1834,0.7896,-0.7865
d3-010,2,28,Index,3333.2321,returned,0.1838,0.7891,-0.7875
d3-010,2,28,Index,3339.2161,returned,0.1844,0.7881,-0.7898
d3-010,2,28,Index,3344.8663,returned,0.1849,0.7877,-0.7908
d3-010,2,28,Index,3350.3848,returned,0.1851,0.7872,-0.7917
d3-010,2,28,Index,3356.3689,returned,0.1857,0.7865,-0.7937
d3-010,2,28,Index,3361.5743,returned,0.1859,0.7865,-0.7946
d3-010,2,28,Index,3367.5576,returned,0.1869,0.7859,-0.7964
d3-010,2,28,Index,3372.5445,returned,0.1871,0.7856,-0.7971
d3-010,2,28,Index,3378.5286,returned,0.1874,0.7855,-0.7979
d3-010,2,28,Index,3384.5125,returned,0.1881,0.7854,-0.7995
d3-010,2,28,Index,3390.4966,returned,0.1884,0.7854,-0.8003
d3-010,2,28,Index,3396.4806,returned,0.1890,0.7851,-0.8017
d3-010,2,28,Index,3402.4646,returned,0.1891,0.7850,-0.8023
d3-010,2,28,Index,3408.4484,returned,0.1893,0.7849,-0.8029
d3-010,2,28,Index,3414.4322,returned,0.1899,0.7850,-0.8042
d3-010,2,28,Index,3420.4166,returned,0.1899,0.7850,-0.8047
d3-010,2,28,Index,3426.4008,returned,0.1903,0.7848,-0.8057
d3-010,2,28,Index,3432.3848,returned,0.1904,0.7848,-0.8061
d3-010,2,28,Index,3438.3693,returned,0.1906,0.7849,-0.8072
d3-010,2,28,Index,3444.3528,returned,0.1908,0.7848,-0.8075
d3-010,2,28,Index,3450.3366,returned,0.1910,0.7847,-0.8077
d3-010,2,28,Index,3456.3209,returned,0.1912,0.7843,-0.8080
d3-010,2,28,Index,3462.3048,returned,0.1915,0.7841,-0.8081
d3-010,2,28,Index,3468.2887,returned,0.1921,0.7836,-0.8086
d3-010,2,28,Index,3474.2730,returned,0.1923,0.7833,-0.8089
d3-010,2,28,Index,3480.2565,returned,0.1924,0.7828,-0.8092
d3-010,2,28,Index,3486.2410,returned,0.1927,0.7818,-0.8098
d3-010,2,28,Index,3492.2248,returned,0.1928,0.7811,-0.8101
d3-010,2,28,Index,3498.2086,returned,0.1933,0.7800,-0.8105
d3-010,2,28,Index,3504.1927,returned,0.1933,0.7800,-0.8105
d3-010,2,28,Index,3510.1765,returned,0.1942,0.7783,-0.8113
d3-010,2,28,Index,3516.1606,returned,0.1945,0.7779,-0.8115
d3-010,2,28,Index,3522.1451,returned,0.1950,0.7777,-0.8118
d3-010,2,28,Index,3528.1286,returned,0.1954,0.7767,-0.8123
d3-010,2,28,Index,3534.1139,returned,0.1957,0.7754,-0.8125
d3-010,2,28,Index,3539.6056,returned,0.1961,0.7748,-0.8127
d3-010,2,28,Index,3545.5895,returned,0.1966,0.7749,-0.8130
d3-010,2,28,Index,3551.5737,returned,0.1972,0.7742,-0.8133
d3-010,2,28,Index,3557.2056,returned,0.1973,0.7735,-0.8134
d3-010,2,28,Index,3563.1862,returned,0.1975,0.7728,-0.8137
d3-010,2,28,Index,3569.1700,returned,0.1977,0.7726,-0.8138
d3-010,2,28,Index,3575.1544,returned,0.1980,0.7726,-0.8140
d3-010,2,28,Index,3581.1383,returned,0.1982,0.7720,-0.8142
d3-010,2,28,Index,3587.1227,returned,0.1981,0.7714,-0.8143
d3-010,2,28,Index,3593.1065,returned,0.1984,0.7708,-0.8145
d3-010,2,28,Index,3599.0905,returned,0.1983,0.7712,-0.8146
d3-010,2,28,Index,3605.0744,returned,0.1983,0.7710,-0.8147
d3-010,2,28,Index,3611.0585,returned,0.1985,0.7698,-0.8147
d3-010,2,28,Index,3617.0424,returned,0.1985,0.7697,-0.8148
d3-010,2,28,Index,3623.0266,returned,0.1984,0.7699,-0.8149
d3-010,2,28,Index,3629.0103,returned,0.1984,0.7699,-0.8150
d3-010,2,28,Index,3634.9944,returned,0.1985,0.7693,-0.8150
d3-010,2,28,Index,3640.9186,returned,0.1983,0.7690,-0.8149
d3-010,2,28,Index,3646.4859,returned,0.1983,0.7689,-0.8149
d3-010,2,28,Index,3652.4654,returned,0.1986,0.7692,-0.8149
d3-010,2,28,Index,3657.5842,returned,0.1986,0.7692,-0.8149
d3-010,2,28,Index,3663.5617,returned,0.1985,0.7693,-0.8149
d3-010,2,28,Index,3669.5454,returned,0.1983,0.7689,-0.8149
d3-010,2,28,Index,3675.5299,returned,0.1982,0.7697,-0.8148
d3-010,2,28,Index,3681.5139,returned,0.1981,0.7698,-0.8148
d3-010,2,28,Index,3687.4979,returned,0.1980,0.7698,-0.8148
d3-010,2,28,Index,3693.4816,returned,0.1983,0.7695,-0.8145
d3-010,2,28,Index,3699.4659,returned,0.1982,0.7696,-0.8145
d3-010,2,28,Index,3705.4499,returned,0.1977,0.7703,-0.8144
d3-010,2,28,Index,3711.4337,returned,0.1976,0.7704,-0.8143
d3-010,2,28,Index,3717.4178,returned,0.1975,0.7699,-0.8139
d3-010,2,28,Index,3723.4019,returned,0.1974,0.7699,-0.8139
d3-010,2,28,Index,3728.8942,returned,0.1972,0.7705,-0.8139
d3-010,2,28,Index,3734.8782,returned,0.1970,0.7708,-0.8138
d3-010,2,28,Index,3740.3819,returned,0.1969,0.7708,-0.8137
d3-010,2,28,Index,3746.3577,returned,0.1968,0.7708,-0.8136
d3-010,2,28,Index,3752.3419,returned,0.1967,0.7707,-0.8134
d3-010,2,28,Index,3758.3255,returned,0.1965,0.7704,-0.8132
d3-010,2,28,Index,3764.3099,returned,0.1963,0.7704,-0.8131
d3-010,2,28,Index,3770.2940,returned,0.1962,0.7703,-0.8130
d3-010,2,28,Index,3776.2776,returned,0.1961,0.7703,-0.8129
d3-010,2,28,Index,3782.2618,returned,0.1961,0.7706,-0.8129
d3-010,2,28,Index,3788.2459,returned,0.1960,0.7706,-0.8129
d3-010,2,28,Index,3794.2298,returned,0.1958,0.7701,-0.8125
d3-010,2,28,Index,3800.2139,returned,0.1953,0.7696,-0.8124
d3-010,2,28,Index,3806.1979,returned,0.1955,0.7697,-0.8123
d3-010,2,28,Index,3813.1786,returned,0.1953,0.7696,-0.8122
d3-010,2,28,Index,3819.1630,returned,0.1952,0.7691,-0.8117
